0.336,0.992,-0.28,leverage-high-row,,50.0,10
0.328,1.015,-0.241,leverage-high-row,,50.0,10
0.32,1.001,-0.156,leverage-high-row,,50.0,10
0.342,0.955,-0.234,leverage-high-row,,50.0,10
0.315,0.967,-0.276,leverage-high-row,,50.0,10
0.283,0.982,-0.237,leverage-high-row,,50.0,10
0.266,0.935,-0.197,leverage-high-row,,50.0,10
0.278,0.908,-0.281,leverage-high-row,,50.0,10
0.267,0.944,-0.269,leverage-high-row,,50.0,10
0.251,0.972,-0.257,leverage-high-row,,50.0,10
0.235,0.963,-0.218,leverage-high-row,,50.0,10
0.244,0.972,-0.264,leverage-high-row,,50.0,10
0.224,1.018,-0.286,leverage-high-row,,50.0,10
0.204,1.05,-0.312,leverage-high-row,,50.0,10
0.223,1.045,-0.251,leverage-high-row,,50.0,10
0.249,1.012,-0.191,leverage-high-row,,50.0,10
0.251,0.984,-0.252,leverage-high-row,,50.0,10
0.248,0.929,-0.272,leverage-high-row,,50.0,10
0.258,0.919,-0.213,leverage-high-row,,50.0,10
0.254,0.948,-0.13,leverage-high-row,,50.0,10
0.215,0.95,-0.144,leverage-high-row,,50.0,10
0.192,0.935,-0.227,leverage-high-row,,50.0,10
0.205,0.964,-0.233,leverage-high-row,,50.0,10
0.233,0.97,-0.208,leverage-high-row,,50.0,10
0.24,0.952,-0.22,leverage-high-row,,50.0,10
0.228,0.952,-0.224,leverage-high-row,,50.0,10
0.224,0.96,-0.208,leverage-high-row,,50.0,10
0.224,0.964,-0.244,leverage-high-row,,50.0,10
0.22,0.971,-0.296,leverage-high-row,,50.0,10
0.209,0.984,-0.283,leverage-high-row,,50.0,10
0.21,0.984,-0.258,leverage-high-row,,50.0,10
0.224,0.978,-0.251,leverage-high-row,,50.0,10
0.218,0.962,-0.244,leverage-high-row,,50.0,10
0.211,0.949,-0.232,leverage-high-row,,50.0,10
0.211,0.965,-0.256,leverage-high-row,,50.0,10
0.2,1.008,-0.257,leverage-high-row,,50.0,10
0.202,1.003,-0.231,leverage-high-row,,50.0,10
0.202,0.992,-0.25,leverage-high-row,,50.0,10
0.188,0.996,-0.262,leverage-high-row,,50.0,10
0.2,1.01,-0.266,leverage-high-row,,50.0,10
0.202,1.011,-0.219,leverage-high-row,,50.0,10
0.209,0.985,-0.228,leverage-high-row,,50.0,10
0.219,0.951,-0.217,leverage-high-row,,50.0,10
0.233,0.946,-0.257,leverage-high-row,,50.0,10
0.238,0.96,-0.211,leverage-high-row,,50.0,10
0.224,0.961,-0.176,leverage-high-row,,50.0,10
0.226,0.967,-0.179,leverage-high-row,,50.0,10
0.247,0.95,-0.207,leverage-high-row,,50.0,10
0.231,0.921,-0.202,leverage-high-row,,50.0,10
0.208,0.945,-0.234,leverage-high-row,,50.0,10
0.216,0.984,-0.287,leverage-high-row,,50.0,10
0.232,1.008,-0.201,leverage-high-row,,50.0,10
0.201,0.985,-0.192,leverage-high-row,,50.0,10
0.185,0.984,-0.253,leverage-high-row,,50.0,10
0.199,0.984,-0.249,leverage-high-row,,50.0,10
0.207,1.013,-0.226,leverage-high-row,,50.0,10
0.201,1.03,-0.203,leverage-high-row,,50.0,10
0.214,1.004,-0.2,leverage-high-row,,50.0,10
0.236,1.0,-0.255,leverage-high-row,,50.0,10
0.24,1.007,-0.211,leverage-high-row,,50.0,10
0.247,0.949,-0.213,leverage-high-row,,50.0,10
0.248,0.942,-0.172,leverage-high-row,,50.0,10
0.267,1.031,-0.259,leverage-high-row,,50.0,10
0.32,1.032,-0.264,leverage-high-row,,50.0,10
0.407,0.983,-0.262,leverage-high-row,,50.0,10
0.461,0.962,-0.493,leverage-high-row,,50.0,10
0.505,1.177,-0.578,leverage-high-row,,50.0,10
0.531,1.304,-0.533,leverage-high-row,,50.0,10
0.536,1.394,-0.465,leverage-high-row,,50.0,10
0.577,1.57,-0.506,leverage-high-row,,50.0,10
0.664,1.658,-0.643,leverage-high-row,,50.0,10
0.661,1.631,-0.69,leverage-high-row,,50.0,10
0.604,1.608,-0.754,leverage-high-row,,50.0,10
0.535,1.648,-0.893,leverage-high-row,,50.0,10
0.44,1.684,-0.925,leverage-high-row,,50.0,10
0.35,1.651,-0.788,leverage-high-row,,50.0,10
0.26,1.564,-0.576,leverage-high-row,,50.0,10
0.154,1.427,-0.383,leverage-high-row,,50.0,10
0.055,1.236,-0.259,leverage-high-row,,50.0,10
-0.038,0.989,-0.149,leverage-high-row,,50.0,10
-0.14,0.733,-0.067,leverage-high-row,,50.0,10
-0.229,0.569,-0.062,leverage-high-row,,50.0,10
-0.275,0.454,-0.088,leverage-high-row,,50.0,10
-0.3,0.267,-0.123,leverage-high-row,,50.0,10
-0.355,0.068,-0.097,leverage-high-row,,50.0,10
-0.379,-0.021,-0.162,leverage-high-row,,50.0,10
-0.35,-0.066,-0.183,leverage-high-row,,50.0,10
-0.344,-0.056,-0.164,leverage-high-row,,50.0,10
-0.344,0.001,-0.188,leverage-high-row,,50.0,10
-0.35,0.042,-0.092,leverage-high-row,,50.0,10
-0.381,0.031,-0.079,leverage-high-row,,50.0,10
-0.429,0.081,-0.256,leverage-high-row,,50.0,10
-0.442,0.189,-0.305,leverage-high-row,,50.0,10
-0.417,0.26,-0.213,leverage-high-row,,50.0,10
-0.422,0.34,-0.084,leverage-high-row,,50.0,10
-0.406,0.463,-0.134,leverage-high-row,,50.0,10
-0.383,0.521,-0.39,leverage-high-row,,50.0,10
-0.302,0.593,-0.834,leverage-high-row,,50.0,10
-0.284,0.596,-0.77,leverage-high-row,,50.0,10
-0.338,0.548,-0.691,leverage-high-row,,50.0,10
-0.377,0.64,-0.759,leverage-high-row,,50.0,10
-0.4,0.888,-1.0,leverage-high-row,,50.0,10
-0.44,0.952,-0.568,leverage-high-row,,50.0,10
-0.549,0.968,-0.684,leverage-high-row,,50.0,10
-0.62,0.968,-0.475,leverage-high-row,,50.0,10
-0.579,0.961,-0.293,leverage-high-row,,50.0,10
-0.547,0.924,-0.309,leverage-high-row,,50.0,10
-0.537,0.934,-0.219,leverage-high-row,,50.0,10
-0.578,0.782,-0.396,leverage-high-row,,50.0,10
-0.543,0.351,-0.417,leverage-high-row,,50.0,10
-0.263,0.173,-0.589,leverage-high-row,,50.0,10
-0.397,0.302,-0.305,leverage-high-row,,50.0,10
-0.478,0.501,-0.302,leverage-high-row,,50.0,10
-0.383,0.457,-0.686,leverage-high-row,,50.0,10
-0.412,0.734,-0.387,leverage-high-row,,50.0,10
-0.632,0.897,-0.432,leverage-high-row,,50.0,10
-0.63,0.8,-0.473,leverage-high-row,,50.0,10
-0.583,0.696,-0.475,leverage-high-row,,50.0,10
-0.598,0.704,-0.469,leverage-high-row,,50.0,10
-0.587,0.736,-0.522,leverage-high-row,,50.0,10
-0.51,0.749,-0.486,leverage-high-row,,50.0,10
-0.492,0.668,-0.315,leverage-high-row,,50.0,10
-0.552,0.654,-0.309,leverage-high-row,,50.0,10
-0.607,0.689,-0.3,leverage-high-row,,50.0,10
-0.637,0.705,-0.35,leverage-high-row,,50.0,10
-0.618,0.703,-0.424,leverage-high-row,,50.0,10
-0.609,0.692,-0.399,leverage-high-row,,50.0,10
-0.632,0.592,-0.444,leverage-high-row,,50.0,10
-0.617,0.534,-0.5,leverage-high-row,,50.0,10
-0.603,0.624,-0.481,leverage-high-row,,50.0,10
-0.609,0.669,-0.476,leverage-high-row,,50.0,10
-0.62,0.622,-0.497,leverage-high-row,,50.0,10
-0.648,0.579,-0.452,leverage-high-row,,50.0,10
-0.657,0.584,-0.376,leverage-high-row,,50.0,10
-0.678,0.581,-0.352,leverage-high-row,,50.0,10
-0.693,0.573,-0.325,leverage-high-row,,50.0,10
-0.681,0.584,-0.514,leverage-high-row,,50.0,10
-0.632,0.604,-0.539,leverage-high-row,,50.0,10
-0.627,0.59,-0.488,leverage-high-row,,50.0,10
-0.62,0.622,-0.52,leverage-high-row,,50.0,10
-0.616,0.616,-0.449,leverage-high-row,,50.0,10
-0.588,0.621,-0.353,leverage-high-row,,50.0,10
-0.661,0.655,-0.543,leverage-high-row,,50.0,10
-0.687,0.694,-0.617,leverage-high-row,,50.0,10
-0.715,0.611,-0.519,leverage-high-row,,50.0,10
-0.687,0.576,-0.343,leverage-high-row,,50.0,10
-0.662,0.525,-0.294,leverage-high-row,,50.0,10
-0.53,0.502,-0.32,leverage-high-row,,50.0,10
-0.482,0.482,-0.196,leverage-high-row,,50.0,10
-0.499,0.415,-0.249,leverage-high-row,,50.0,10
-0.422,0.4,-0.369,leverage-high-row,,50.0,10
-0.375,0.408,-0.224,leverage-high-row,,50.0,10
-0.327,0.408,-0.24,leverage-high-row,,50.0,10
-0.265,0.408,-0.224,leverage-high-row,,50.0,10
-0.28,0.439,-0.372,leverage-high-row,,50.0,10
-0.288,0.501,-0.247,leverage-high-row,,50.0,10
-0.258,0.564,-0.255,leverage-high-row,,50.0,10
-0.307,0.48,-0.212,leverage-high-row,,50.0,10
-0.248,0.551,-0.144,leverage-high-row,,50.0,10
-0.289,0.553,-0.143,leverage-high-row,,50.0,10
-0.303,0.62,-0.226,leverage-high-row,,50.0,10
-0.297,0.659,-0.267,leverage-high-row,,50.0,10
-0.296,0.703,-0.311,leverage-high-row,,50.0,10
-0.309,0.763,-0.409,leverage-high-row,,50.0,10
-0.343,0.801,-0.358,leverage-high-row,,50.0,10
-0.358,0.862,-0.318,leverage-high-row,,50.0,10
-0.378,0.909,-0.23,leverage-high-row,,50.0,10
-0.395,0.931,-0.274,leverage-high-row,,50.0,10
-0.4,0.969,-0.365,leverage-high-row,,50.0,10
-0.443,1.006,-0.424,leverage-high-row,,50.0,10
-0.48,1.032,-0.382,leverage-high-row,,50.0,10
-0.437,1.071,-0.332,leverage-high-row,,50.0,10
-0.433,1.123,-0.33,leverage-high-row,,50.0,10
-0.505,1.134,-0.336,leverage-high-row,,50.0,10
-0.553,1.151,-0.336,leverage-high-row,,50.0,10
-0.52,1.19,-0.349,leverage-high-row,,50.0,10
-0.458,1.225,-0.507,leverage-high-row,,50.0,10
-0.469,1.211,-0.611,leverage-high-row,,50.0,10
-0.564,1.188,-0.5,leverage-high-row,,50.0,10
-0.628,1.196,-0.412,leverage-high-row,,50.0,10
-0.606,1.185,-0.453,leverage-high-row,,50.0,10
-0.569,1.189,-0.475,leverage-high-row,,50.0,10
-0.563,1.176,-0.492,leverage-high-row,,50.0,10
-0.555,1.11,-0.491,leverage-high-row,,50.0,10
-0.53,1.12,-0.446,leverage-high-row,,50.0,10
-0.523,1.154,-0.494,leverage-high-row,,50.0,10
-0.514,1.152,-0.475,leverage-high-row,,50.0,10
-0.47,1.155,-0.533,leverage-high-row,,50.0,10
-0.444,1.123,-0.556,leverage-high-row,,50.0,10
-0.483,1.11,-0.527,leverage-high-row,,50.0,10
-0.499,1.093,-0.407,leverage-high-row,,50.0,10
-0.44,1.06,-0.456,leverage-high-row,,50.0,10
-0.363,1.066,-0.404,leverage-high-row,,50.0,10
-0.332,1.12,-0.376,leverage-high-row,,50.0,10
-0.284,1.085,-0.336,leverage-high-row,,50.0,10
-0.272,1.072,-0.443,leverage-high-row,,50.0,10
-0.31,1.079,-0.431,leverage-high-row,,50.0,10
-0.285,1.119,-0.307,leverage-high-row,,50.0,10
-0.209,1.098,-0.434,leverage-high-row,,50.0,10
-0.215,0.993,-0.383,leverage-high-row,,50.0,10
-0.208,1.085,-0.363,leverage-high-row,,50.0,10
-0.209,1.047,-0.201,leverage-high-row,,50.0,10
-0.223,1.032,-0.382,leverage-high-row,,50.0,10
-0.192,1.04,-0.32,leverage-high-row,,50.0,10
-0.2,1.016,-0.312,leverage-high-row,,50.0,10
-0.2,1.032,-0.335,leverage-high-row,,50.0,10
-0.253,1.047,-0.298,leverage-high-row,,50.0,10
-0.293,1.018,-0.311,leverage-high-row,,50.0,10
-0.245,1.045,-0.378,leverage-high-row,,50.0,10
-0.226,1.041,-0.298,leverage-high-row,,50.0,10
-0.322,1.005,-0.351,leverage-high-row,,50.0,10
-0.288,0.932,-0.34,leverage-high-row,,50.0,10
-0.233,1.0,-0.356,leverage-high-row,,50.0,10
-0.328,0.944,-0.308,leverage-high-row,,50.0,10
-0.39,0.934,-0.353,leverage-high-row,,50.0,10
-0.338,0.88,-0.418,leverage-high-row,,50.0,10
-0.284,0.918,-0.414,leverage-high-row,,50.0,10
-0.337,0.924,-0.361,leverage-high-row,,50.0,10
-0.383,0.909,-0.396,leverage-high-row,,50.0,10
-0.414,0.871,-0.366,leverage-high-row,,50.0,10
-0.37,0.872,-0.436,leverage-high-row,,50.0,10
-0.339,0.864,-0.454,leverage-high-row,,50.0,10
-0.387,0.846,-0.404,leverage-high-row,,50.0,10
-0.406,0.815,-0.359,leverage-high-row,,50.0,10
-0.4,0.795,-0.349,leverage-high-row,,50.0,10
-0.423,0.787,-0.361,leverage-high-row,,50.0,10
-0.422,0.793,-0.381,leverage-high-row,,50.0,10
-0.425,0.765,-0.375,leverage-high-row,,50.0,10
-0.457,0.765,-0.422,leverage-high-row,,50.0,10
-0.492,0.752,-0.444,leverage-high-row,,50.0,10
-0.5,0.735,-0.393,leverage-high-row,,50.0,10
-0.477,0.749,-0.424,leverage-high-row,,50.0,10
-0.478,0.754,-0.42,leverage-high-row,,50.0,10
-0.536,0.749,-0.337,leverage-high-row,,50.0,10
-0.566,0.712,-0.367,leverage-high-row,,50.0,10
-0.5,0.724,-0.427,leverage-high-row,,50.0,10
-0.473,0.715,-0.415,leverage-high-row,,50.0,10
-0.529,0.653,-0.368,leverage-high-row,,50.0,10
-0.571,0.642,-0.367,leverage-high-row,,50.0,10
-0.548,0.679,-0.451,leverage-high-row,,50.0,10
-0.525,0.703,-0.482,leverage-high-row,,50.0,10
-0.551,0.68,-0.44,leverage-high-row,,50.0,10
-0.598,0.674,-0.418,leverage-high-row,,50.0,10
-0.612,0.661,-0.437,leverage-high-row,,50.0,10
-0.597,0.687,-0.462,leverage-high-row,,50.0,10
-0.593,0.708,-0.385,leverage-high-row,,50.0,10
-0.636,0.684,-0.375,leverage-high-row,,50.0,10
-0.649,0.659,-0.472,leverage-high-row,,50.0,10
-0.61,0.633,-0.372,leverage-high-row,,50.0,10
-0.627,0.641,-0.351,leverage-high-row,,50.0,10
-0.652,0.647,-0.414,leverage-high-row,,50.0,10
-0.613,0.631,-0.475,leverage-high-row,,50.0,10
-0.576,0.624,-0.401,leverage-high-row,,50.0,10
-0.576,0.631,-0.422,leverage-high-row,,50.0,10
-0.592,0.584,-0.361,leverage-high-row,,50.0,10
-0.552,0.56,-0.415,leverage-high-row,,50.0,10
-0.513,0.568,-0.4,leverage-high-row,,50.0,10
-0.527,0.568,-0.309,leverage-high-row,,50.0,10
-0.558,0.523,-0.319,leverage-high-row,,50.0,10
-0.531,0.527,-0.327,leverage-high-row,,50.0,10
-0.492,0.528,-0.428,leverage-high-row,,50.0,10
-0.495,0.507,-0.321,leverage-high-row,,50.0,10
-0.482,0.511,-0.297,leverage-high-row,,50.0,10
-0.453,0.499,-0.349,leverage-high-row,,50.0,10
-0.448,0.489,-0.314,leverage-high-row,,50.0,10
-0.429,0.475,-0.279,leverage-high-row,,50.0,10
-0.405,0.472,-0.353,leverage-high-row,,50.0,10
-0.376,0.418,-0.328,leverage-high-row,,50.0,10
-0.362,0.435,-0.253,leverage-high-row,,50.0,10
-0.36,0.442,-0.306,leverage-high-row,,50.0,10
-0.332,0.446,-0.297,leverage-high-row,,50.0,10
-0.331,0.464,-0.291,leverage-high-row,,50.0,10
-0.362,0.504,-0.37,leverage-high-row,,50.0,10
-0.345,0.51,-0.27,leverage-high-row,,50.0,10
-0.333,0.553,-0.271,leverage-high-row,,50.0,10
-0.322,0.579,-0.33,leverage-high-row,,50.0,10
-0.321,0.581,-0.304,leverage-high-row,,50.0,10
-0.341,0.62,-0.316,leverage-high-row,,50.0,10
-0.335,0.665,-0.331,leverage-high-row,,50.0,10
-0.316,0.68,-0.374,leverage-high-row,,50.0,10
-0.332,0.696,-0.352,leverage-high-row,,50.0,10
-0.36,0.735,-0.253,leverage-high-row,,50.0,10
-0.368,0.771,-0.279,leverage-high-row,,50.0,10
-0.364,0.819,-0.418,leverage-high-row,,50.0,10
-0.367,0.857,-0.418,leverage-high-row,,50.0,10
-0.395,0.874,-0.282,leverage-high-row,,50.0,10
-0.421,0.927,-0.309,leverage-high-row,,50.0,10
-0.41,0.967,-0.409,leverage-high-row,,50.0,10
-0.414,0.997,-0.425,leverage-high-row,,50.0,10
-0.437,1.008,-0.279,leverage-high-row,,50.0,10
-0.437,1.027,-0.297,leverage-high-row,,50.0,10
-0.446,1.088,-0.534,leverage-high-row,,50.0,10
-0.442,1.134,-0.439,leverage-high-row,,50.0,10
-0.464,1.134,-0.245,leverage-high-row,,50.0,10
-0.51,1.082,-0.433,leverage-high-row,,50.0,10
-0.497,1.091,-0.51,leverage-high-row,,50.0,10
-0.463,1.122,-0.441,leverage-high-row,,50.0,10
-0.432,1.181,-0.319,leverage-high-row,,50.0,10
-0.467,1.097,-0.412,leverage-high-row,,50.0,10
-0.431,1.151,-0.522,leverage-high-row,,50.0,10
-0.37,1.144,-0.467,leverage-high-row,,50.0,10
-0.388,1.145,-0.364,leverage-high-row,,50.0,10
-0.417,1.159,-0.405,leverage-high-row,,50.0,10
-0.326,1.156,-0.484,leverage-high-row,,50.0,10
-0.281,1.218,-0.546,leverage-high-row,,50.0,10
-0.312,1.024,-0.336,leverage-high-row,,50.0,10
-0.4,1.096,-0.552,leverage-high-row,,50.0,10
-0.346,1.119,-0.389,leverage-high-row,,50.0,10
-0.298,1.067,-0.46,leverage-high-row,,50.0,10
-0.281,1.153,-0.449,leverage-high-row,,50.0,10
-0.346,1.043,-0.39,leverage-high-row,,50.0,10
-0.345,1.111,-0.484,leverage-high-row,,50.0,10
-0.274,1.127,-0.454,leverage-high-row,,50.0,10
-0.278,1.08,-0.516,leverage-high-row,,50.0,10
-0.26,1.145,-0.408,leverage-high-row,,50.0,10
-0.21,1.134,-0.436,leverage-high-row,,50.0,10
-0.175,1.109,-0.467,leverage-high-row,,50.0,10
-0.205,1.085,-0.354,leverage-high-row,,50.0,10
-0.198,1.086,-0.453,leverage-high-row,,50.0,10
-0.127,1.094,-0.478,leverage-high-row,,50.0,10
-0.093,1.085,-0.432,leverage-high-row,,50.0,10
-0.172,1.035,-0.383,leverage-high-row,,50.0,10
-0.219,1.032,-0.357,leverage-high-row,,50.0,10
-0.129,1.093,-0.384,leverage-high-row,,50.0,10
-0.111,1.038,-0.354,leverage-high-row,,50.0,10
-0.163,0.992,-0.447,leverage-high-row,,50.0,10
-0.17,1.021,-0.376,leverage-high-row,,50.0,10
-0.206,1.072,-0.331,leverage-high-row,,50.0,10
-0.249,1.056,-0.346,leverage-high-row,,50.0,10
-0.191,1.028,-0.363,leverage-high-row,,50.0,10
-0.157,1.057,-0.396,leverage-high-row,,50.0,10
-0.228,1.052,-0.296,leverage-high-row,,50.0,10
-0.253,1.036,-0.273,leverage-high-row,,50.0,10
-0.217,1.0,-0.36,leverage-high-row,,50.0,10
-0.25,0.948,-0.36,leverage-high-row,,50.0,10
-0.304,0.949,-0.444,leverage-high-row,,50.0,10
-0.281,0.912,-0.489,leverage-high-row,,50.0,10
-0.266,0.882,-0.369,leverage-high-row,,50.0,10
-0.313,0.906,-0.341,leverage-high-row,,50.0,10
-0.347,0.896,-0.391,leverage-high-row,,50.0,10
-0.352,0.88,-0.488,leverage-high-row,,50.0,10
-0.342,0.858,-0.467,leverage-high-row,,50.0,10
-0.331,0.871,-0.451,leverage-high-row,,50.0,10
-0.362,0.842,-0.446,leverage-high-row,,50.0,10
-0.374,0.838,-0.458,leverage-high-row,,50.0,10
-0.401,0.855,-0.429,leverage-high-row,,50.0,10
-0.432,0.768,-0.402,leverage-high-row,,50.0,10
-0.425,0.784,-0.447,leverage-high-row,,50.0,10
-0.4,0.847,-0.463,leverage-high-row,,50.0,10
-0.448,0.798,-0.391,leverage-high-row,,50.0,10
-0.49,0.78,-0.481,leverage-high-row,,50.0,10
-0.444,0.756,-0.488,leverage-high-row,,50.0,10
-0.414,0.789,-0.475,leverage-high-row,,50.0,10
-0.484,0.759,-0.34,leverage-high-row,,50.0,10
-0.533,0.751,-0.393,leverage-high-row,,50.0,10
-0.471,0.736,-0.407,leverage-high-row,,50.0,10
-0.441,0.744,-0.37,leverage-high-row,,50.0,10
-0.543,0.712,-0.542,leverage-high-row,,50.0,10
-0.552,0.704,-0.49,leverage-high-row,,50.0,10
-0.484,0.727,-0.488,leverage-high-row,,50.0,10
-0.48,0.639,-0.488,leverage-high-row,,50.0,10
-0.538,0.683,-0.473,leverage-high-row,,50.0,10
-0.544,0.659,-0.415,leverage-high-row,,50.0,10
-0.516,0.663,-0.478,leverage-high-row,,50.0,10
-0.56,0.698,-0.468,leverage-high-row,,50.0,10
-0.595,0.651,-0.397,leverage-high-row,,50.0,10
-0.561,0.66,-0.436,leverage-high-row,,50.0,10
-0.552,0.651,-0.467,leverage-high-row,,50.0,10
-0.546,0.629,-0.429,leverage-high-row,,50.0,10
-0.586,0.648,-0.458,leverage-high-row,,50.0,10
-0.571,0.656,-0.478,leverage-high-row,,50.0,10
-0.543,0.633,-0.44,leverage-high-row,,50.0,10
-0.564,0.602,-0.396,leverage-high-row,,50.0,10
-0.587,0.592,-0.395,leverage-high-row,,50.0,10
-0.55,0.613,-0.479,leverage-high-row,,50.0,10
-0.533,0.583,-0.418,leverage-high-row,,50.0,10
-0.551,0.565,-0.419,leverage-high-row,,50.0,10
-0.546,0.549,-0.375,leverage-high-row,,50.0,10
-0.527,0.545,-0.38,leverage-high-row,,50.0,10
-0.52,0.583,-0.415,leverage-high-row,,50.0,10
-0.511,0.565,-0.369,leverage-high-row,,50.0,10
-0.492,0.495,-0.324,leverage-high-row,,50.0,10
-0.48,0.472,-0.3,leverage-high-row,,50.0,10
-0.457,0.476,-0.319,leverage-high-row,,50.0,10
-0.421,0.443,-0.359,leverage-high-row,,50.0,10
-0.426,0.429,-0.315,leverage-high-row,,50.0,10
-0.445,0.456,-0.292,leverage-high-row,,50.0,10
-0.382,0.472,-0.355,leverage-high-row,,50.0,10
-0.317,0.499,-0.351,leverage-high-row,,50.0,10
-0.378,0.469,-0.307,leverage-high-row,,50.0,10
-0.38,0.419,-0.251,leverage-high-row,,50.0,10
-0.304,0.424,-0.258,leverage-high-row,,50.0,10
-0.318,0.426,-0.352,leverage-high-row,,50.0,10
-0.298,0.515,-0.441,leverage-high-row,,50.0,10
-0.279,0.542,-0.31,leverage-high-row,,50.0,10
-0.324,0.55,-0.228,leverage-high-row,,50.0,10
-0.329,0.599,-0.248,leverage-high-row,,50.0,10
-0.316,0.621,-0.182,leverage-high-row,,50.0,10
-0.363,0.609,-0.201,leverage-high-row,,50.0,10
-0.364,0.629,-0.425,leverage-high-row,,50.0,10
-0.306,0.692,-0.305,leverage-high-row,,50.0,10
-0.316,0.678,-0.28,leverage-high-row,,50.0,10
-0.286,0.73,-0.394,leverage-high-row,,50.0,10
-0.278,0.823,-0.41,leverage-high-row,,50.0,10
-0.338,0.894,-0.429,leverage-high-row,,50.0,10
-0.359,0.864,-0.387,leverage-high-row,,50.0,10
-0.346,0.874,-0.442,leverage-high-row,,50.0,10
-0.4,0.952,-0.496,leverage-high-row,,50.0,10
-0.448,0.896,-0.272,leverage-high-row,,50.0,10
-0.417,0.989,-0.451,leverage-high-row,,50.0,10
-0.401,1.022,-0.456,leverage-high-row,,50.0,10
-0.43,1.084,-0.396,leverage-high-row,,50.0,10
-0.476,1.103,-0.56,leverage-high-row,,50.0,10
-0.466,1.061,-0.426,leverage-high-row,,50.0,10
-0.443,1.098,-0.652,leverage-high-row,,50.0,10
-0.42,1.097,-0.531,leverage-high-row,,50.0,10
-0.416,1.083,-0.277,leverage-high-row,,50.0,10
-0.442,1.087,-0.447,leverage-high-row,,50.0,10
-0.391,1.164,-0.591,leverage-high-row,,50.0,10
-0.351,1.11,-0.455,leverage-high-row,,50.0,10
-0.32,1.088,-0.45,leverage-high-row,,50.0,10
-0.318,1.117,-0.57,leverage-high-row,,50.0,10
-0.366,1.117,-0.482,leverage-high-row,,50.0,10
-0.312,1.14,-0.454,leverage-high-row,,50.0,10
-0.237,1.157,-0.524,leverage-high-row,,50.0,10
-0.248,1.139,-0.515,leverage-high-row,,50.0,10
-0.31,1.148,-0.455,leverage-high-row,,50.0,10
-0.331,1.086,-0.575,leverage-high-row,,50.0,10
-0.266,1.083,-0.501,leverage-high-row,,50.0,10
-0.261,1.163,-0.443,leverage-high-row,,50.0,10
-0.284,1.146,-0.538,leverage-high-row,,50.0,10
-0.233,1.1,-0.549,leverage-high-row,,50.0,10
-0.234,1.117,-0.453,leverage-high-row,,50.0,10
-0.304,1.124,-0.432,leverage-high-row,,50.0,10
-0.282,1.097,-0.499,leverage-high-row,,50.0,10
-0.187,1.087,-0.432,leverage-high-row,,50.0,10
-0.162,1.103,-0.38,leverage-high-row,,50.0,10
-0.184,1.119,-0.493,leverage-high-row,,50.0,10
-0.155,1.115,-0.509,leverage-high-row,,50.0,10
-0.103,1.053,-0.413,leverage-high-row,,50.0,10
-0.097,1.007,-0.347,leverage-high-row,,50.0,10
-0.109,1.086,-0.322,leverage-high-row,,50.0,10
-0.088,1.121,-0.3,leverage-high-row,,50.0,10
-0.061,0.987,-0.405,leverage-high-row,,50.0,10
-0.097,0.916,-0.383,leverage-high-row,,50.0,10
-0.149,1.056,-0.224,leverage-high-row,,50.0,10
-0.12,1.055,-0.4,leverage-high-row,,50.0,10
-0.122,0.972,-0.405,leverage-high-row,,50.0,10
-0.126,0.97,-0.399,leverage-high-row,,50.0,10
-0.133,1.018,-0.295,leverage-high-row,,50.0,10
-0.193,1.048,-0.284,leverage-high-row,,50.0,10
-0.194,0.967,-0.433,leverage-high-row,,50.0,10
-0.17,0.967,-0.463,leverage-high-row,,50.0,10
-0.244,1.018,-0.299,leverage-high-row,,50.0,10
-0.281,1.028,-0.384,leverage-high-row,,50.0,10
-0.29,0.989,-0.312,leverage-high-row,,50.0,10
-0.321,0.95,-0.532,leverage-high-row,,50.0,10
-0.344,0.92,-0.447,leverage-high-row,,50.0,10
-0.344,0.928,-0.424,leverage-high-row,,50.0,10
-0.384,0.968,-0.44,leverage-high-row,,50.0,10
-0.368,0.859,-0.339,leverage-high-row,,50.0,10
-0.315,0.932,-0.404,leverage-high-row,,50.0,10
-0.387,0.899,-0.378,leverage-high-row,,50.0,10
-0.436,0.852,-0.471,leverage-high-row,,50.0,10
-0.411,0.827,-0.516,leverage-high-row,,50.0,10
-0.38,0.859,-0.485,leverage-high-row,,50.0,10
-0.396,0.823,-0.466,leverage-high-row,,50.0,10
-0.447,0.863,-0.504,leverage-high-row,,50.0,10
-0.482,0.768,-0.388,leverage-high-row,,50.0,10
-0.469,0.782,-0.392,leverage-high-row,,50.0,10
-0.402,0.804,-0.437,leverage-high-row,,50.0,10
-0.45,0.784,-0.4,leverage-high-row,,50.0,10
-0.519,0.776,-0.543,leverage-high-row,,50.0,10
-0.484,0.73,-0.394,leverage-high-row,,50.0,10
-0.442,0.745,-0.301,leverage-high-row,,50.0,10
-0.508,0.776,-0.458,leverage-high-row,,50.0,10
-0.544,0.758,-0.504,leverage-high-row,,50.0,10
-0.503,0.708,-0.468,leverage-high-row,,50.0,10
-0.48,0.683,-0.436,leverage-high-row,,50.0,10
-0.509,0.723,-0.429,leverage-high-row,,50.0,10
-0.537,0.706,-0.464,leverage-high-row,,50.0,10
-0.544,0.645,-0.479,leverage-high-row,,50.0,10
-0.566,0.615,-0.463,leverage-high-row,,50.0,10
-0.555,0.654,-0.481,leverage-high-row,,50.0,10
-0.528,0.696,-0.492,leverage-high-row,,50.0,10
-0.543,0.673,-0.468,leverage-high-row,,50.0,10
-0.567,0.663,-0.46,leverage-high-row,,50.0,10
-0.569,0.68,-0.475,leverage-high-row,,50.0,10
-0.563,0.67,-0.448,leverage-high-row,,50.0,10
-0.571,0.633,-0.418,leverage-high-row,,50.0,10
-0.548,0.603,-0.441,leverage-high-row,,50.0,10
-0.516,0.591,-0.41,leverage-high-row,,50.0,10
-0.55,0.565,-0.392,leverage-high-row,,50.0,10
-0.579,0.573,-0.386,leverage-high-row,,50.0,10
-0.562,0.566,-0.418,leverage-high-row,,50.0,10
-0.51,0.553,-0.451,leverage-high-row,,50.0,10
-0.5,0.555,-0.467,leverage-high-row,,50.0,10
-0.488,0.573,-0.41,leverage-high-row,,50.0,10
-0.472,0.475,-0.339,leverage-high-row,,50.0,10
-0.426,0.499,-0.317,leverage-high-row,,50.0,10
-0.455,0.449,-0.304,leverage-high-row,,50.0,10
-0.409,0.453,-0.292,leverage-high-row,,50.0,10
-0.37,0.435,-0.24,leverage-high-row,,50.0,10
-0.338,0.413,-0.3,leverage-high-row,,50.0,10
-0.355,0.446,-0.384,leverage-high-row,,50.0,10
-0.37,0.433,-0.38,leverage-high-row,,50.0,10
-0.311,0.441,-0.337,leverage-high-row,,50.0,10
-0.298,0.447,-0.252,leverage-high-row,,50.0,10
-0.336,0.432,-0.329,leverage-high-row,,50.0,10
-0.328,0.432,-0.368,leverage-high-row,,50.0,10
-0.24,0.488,-0.16,leverage-high-row,,50.0,10
-0.279,0.496,-0.23,leverage-high-row,,50.0,10
-0.28,0.564,-0.224,leverage-high-row,,50.0,10
-0.258,0.546,-0.366,leverage-high-row,,50.0,10
-0.256,0.624,-0.354,leverage-high-row,,50.0,10
-0.335,0.668,-0.58,leverage-high-row,,50.0,10
-0.316,0.651,-0.413,leverage-high-row,,50.0,10
-0.23,0.662,-0.336,leverage-high-row,,50.0,10
-0.223,0.671,-0.241,leverage-high-row,,50.0,10
-0.289,0.731,-0.283,leverage-high-row,,50.0,10
-0.336,0.769,-0.347,leverage-high-row,,50.0,10
-0.325,0.819,-0.354,leverage-high-row,,50.0,10
-0.326,0.904,-0.479,leverage-high-row,,50.0,10
-0.363,0.91,-0.396,leverage-high-row,,50.0,10
-0.399,0.973,-0.392,leverage-high-row,,50.0,10
-0.43,1.039,-0.352,leverage-high-row,,50.0,10
-0.408,1.061,-0.404,leverage-high-row,,50.0,10
-0.381,1.064,-0.356,leverage-high-row,,50.0,10
-0.452,1.095,-0.424,leverage-high-row,,50.0,10
-0.511,1.156,-0.567,leverage-high-row,,50.0,10
-0.448,1.17,-0.496,leverage-high-row,,50.0,10
-0.395,1.137,-0.592,leverage-high-row,,50.0,10
-0.432,1.133,-0.635,leverage-high-row,,50.0,10
-0.447,1.114,-0.538,leverage-high-row,,50.0,10
-0.407,1.109,-0.475,leverage-high-row,,50.0,10
-0.368,1.144,-0.492,leverage-high-row,,50.0,10
-0.36,1.137,-0.563,leverage-high-row,,50.0,10
-0.383,1.094,-0.437,leverage-high-row,,50.0,10
-0.389,1.136,-0.338,leverage-high-row,,50.0,10
-0.373,1.182,-0.553,leverage-high-row,,50.0,10
-0.32,1.12,-0.717,leverage-high-row,,50.0,10
-0.239,1.108,-0.672,leverage-high-row,,50.0,10
-0.268,1.113,-0.55,leverage-high-row,,50.0,10
-0.347,1.074,-0.456,leverage-high-row,,50.0,10
-0.355,1.058,-0.511,leverage-high-row,,50.0,10
-0.343,1.073,-0.582,leverage-high-row,,50.0,10
-0.309,1.076,-0.501,leverage-high-row,,50.0,10
-0.316,1.115,-0.456,leverage-high-row,,50.0,10
-0.288,1.08,-0.681,leverage-high-row,,50.0,10
-0.26,1.078,-0.501,leverage-high-row,,50.0,10
-0.308,1.072,-0.539,leverage-high-row,,50.0,10
-0.228,1.069,-0.533,leverage-high-row,,50.0,10
-0.215,1.052,-0.567,leverage-high-row,,50.0,10
-0.254,1.038,-0.447,leverage-high-row,,50.0,10
-0.278,1.071,-0.487,leverage-high-row,,50.0,10
-0.199,1.063,-0.465,leverage-high-row,,50.0,10
-0.126,1.055,-0.359,leverage-high-row,,50.0,10
-0.186,1.048,-0.521,leverage-high-row,,50.0,10
-0.206,1.047,-0.644,leverage-high-row,,50.0,10
-0.175,1.024,-0.561,leverage-high-row,,50.0,10
-0.152,1.024,-0.322,leverage-high-row,,50.0,10
-0.16,1.008,-0.494,leverage-high-row,,50.0,10
-0.152,1.047,-0.69,leverage-high-row,,50.0,10
-0.182,1.04,-0.346,leverage-high-row,,50.0,10
-0.251,0.898,-0.186,leverage-high-row,,50.0,10
-0.271,0.968,-0.555,leverage-high-row,,50.0,10
-0.201,1.019,-0.585,leverage-high-row,,50.0,10
-0.213,0.989,-0.368,leverage-high-row,,50.0,10
-0.387,0.909,-0.445,leverage-high-row,,50.0,10
-0.363,0.983,-0.551,leverage-high-row,,50.0,10
-0.222,0.974,-0.386,leverage-high-row,,50.0,10
-0.3,0.943,-0.401,leverage-high-row,,50.0,10
-0.477,0.843,-0.515,leverage-high-row,,50.0,10
-0.411,0.919,-0.52,leverage-high-row,,50.0,10
-0.288,0.905,-0.453,leverage-high-row,,50.0,10
-0.371,0.928,-0.386,leverage-high-row,,50.0,10
-0.511,0.81,-0.374,leverage-high-row,,50.0,10
-0.482,0.833,-0.506,leverage-high-row,,50.0,10
-0.411,0.851,-0.526,leverage-high-row,,50.0,10
-0.463,0.804,-0.433,leverage-high-row,,50.0,10
-0.539,0.819,-0.387,leverage-high-row,,50.0,10
-0.536,0.807,-0.446,leverage-high-row,,50.0,10
-0.52,0.775,-0.525,leverage-high-row,,50.0,10
-0.502,0.75,-0.472,leverage-high-row,,50.0,10
-0.51,0.766,-0.455,leverage-high-row,,50.0,10
-0.532,0.734,-0.438,leverage-high-row,,50.0,10
-0.504,0.736,-0.416,leverage-high-row,,50.0,10
-0.503,0.734,-0.448,leverage-high-row,,50.0,10
-0.532,0.701,-0.492,leverage-high-row,,50.0,10
-0.486,0.697,-0.505,leverage-high-row,,50.0,10
-0.432,0.621,-0.368,leverage-high-row,,50.0,10
-0.477,0.594,-0.303,leverage-high-row,,50.0,10
-0.532,0.611,-0.415,leverage-high-row,,50.0,10
-0.477,0.607,-0.441,leverage-high-row,,50.0,10
-0.435,0.562,-0.373,leverage-high-row,,50.0,10
-0.498,0.527,-0.333,leverage-high-row,,50.0,10
-0.55,0.574,-0.377,leverage-high-row,,50.0,10
-0.524,0.561,-0.43,leverage-high-row,,50.0,10
-0.497,0.542,-0.445,leverage-high-row,,50.0,10
-0.574,0.544,-0.396,leverage-high-row,,50.0,10
-0.585,0.573,-0.397,leverage-high-row,,50.0,10
-0.56,0.585,-0.381,leverage-high-row,,50.0,10
-0.567,0.556,-0.443,leverage-high-row,,50.0,10
-0.599,0.537,-0.38,leverage-high-row,,50.0,10
-0.591,0.549,-0.502,leverage-high-row,,50.0,10
-0.582,0.572,-0.41,leverage-high-row,,50.0,10
-0.562,0.542,-0.47,leverage-high-row,,50.0,10
-0.513,0.524,-0.375,leverage-high-row,,50.0,10
-0.519,0.489,-0.288,leverage-high-row,,50.0,10
-0.513,0.502,-0.388,leverage-high-row,,50.0,10
-0.535,0.474,-0.316,leverage-high-row,,50.0,10
-0.504,0.528,-0.464,leverage-high-row,,50.0,10
-0.448,0.464,-0.232,leverage-high-row,,50.0,10
-0.401,0.48,-0.356,leverage-high-row,,50.0,10
-0.423,0.434,-0.223,leverage-high-row,,50.0,10
-0.364,0.417,-0.253,leverage-high-row,,50.0,10
-0.338,0.401,-0.234,leverage-high-row,,50.0,10
-0.365,0.4,-0.303,leverage-high-row,,50.0,10
-0.298,0.442,-0.347,leverage-high-row,,50.0,10
-0.274,0.4,-0.372,leverage-high-row,,50.0,10
-0.259,0.472,-0.389,leverage-high-row,,50.0,10
-0.217,0.449,-0.223,leverage-high-row,,50.0,10
-0.24,0.484,-0.184,leverage-high-row,,50.0,10
-0.267,0.515,-0.19,leverage-high-row,,50.0,10
-0.284,0.532,-0.12,leverage-high-row,,50.0,10
-0.217,0.56,-0.296,leverage-high-row,,50.0,10
-0.192,0.625,-0.379,leverage-high-row,,50.0,10
-0.27,0.642,-0.401,leverage-high-row,,50.0,10
-0.223,0.64,-0.376,leverage-high-row,,50.0,10
-0.258,0.693,-0.223,leverage-high-row,,50.0,10
-0.332,0.74,-0.127,leverage-high-row,,50.0,10
-0.342,0.885,-0.181,leverage-high-row,,50.0,10
-0.384,1.006,-0.32,leverage-high-row,,50.0,10
-0.425,1.027,-0.37,leverage-high-row,,50.0,10
-0.468,1.02,-0.476,leverage-high-row,,50.0,10
-0.5,1.038,-0.542,leverage-high-row,,50.0,10
-0.55,1.06,-0.408,leverage-high-row,,50.0,10
-0.58,1.06,-0.344,leverage-high-row,,50.0,10
-0.533,1.098,-0.238,leverage-high-row,,50.0,10
-0.533,1.203,-0.268,leverage-high-row,,50.0,10
-0.604,1.198,-0.382,leverage-high-row,,50.0,10
-0.623,1.155,-0.417,leverage-high-row,,50.0,10
-0.597,1.195,-0.616,leverage-high-row,,50.0,10
-0.592,1.158,-0.525,leverage-high-row,,50.0,10
-0.575,1.183,-0.497,leverage-high-row,,50.0,10
-0.533,1.172,-0.455,leverage-high-row,,50.0,10
-0.52,1.104,-0.274,leverage-high-row,,50.0,10
-0.519,1.116,-0.5,leverage-high-row,,50.0,10
-0.464,1.162,-0.72,leverage-high-row,,50.0,10
-0.437,1.18,-0.448,leverage-high-row,,50.0,10
-0.445,1.098,-0.63,leverage-high-row,,50.0,10
-0.364,1.093,-0.574,leverage-high-row,,50.0,10
-0.391,1.136,-0.53,leverage-high-row,,50.0,10
-0.436,1.117,-0.374,leverage-high-row,,50.0,10
-0.375,1.029,-0.363,leverage-high-row,,50.0,10
-0.328,1.042,-0.525,leverage-high-row,,50.0,10
-0.327,1.169,-0.484,leverage-high-row,,50.0,10
-0.315,1.006,-0.593,leverage-high-row,,50.0,10
-0.28,1.003,-0.361,leverage-high-row,,50.0,10
-0.356,1.107,-0.612,leverage-high-row,,50.0,10
-0.294,1.046,-0.451,leverage-high-row,,50.0,10
-0.264,1.157,-0.349,leverage-high-row,,50.0,10
-0.264,1.064,-0.52,leverage-high-row,,50.0,10
-0.232,1.096,-0.504,leverage-high-row,,50.0,10
-0.302,1.15,-0.527,leverage-high-row,,50.0,10
-0.281,1.023,-0.391,leverage-high-row,,50.0,10
-0.183,1.076,-0.503,leverage-high-row,,50.0,10
-0.205,1.153,-0.534,leverage-high-row,,50.0,10
-0.265,1.032,-0.507,leverage-high-row,,50.0,10
-0.244,1.093,-0.364,leverage-high-row,,50.0,10
-0.213,1.002,-0.303,leverage-high-row,,50.0,10
-0.268,1.031,-0.369,leverage-high-row,,50.0,10
-0.28,1.06,-0.423,leverage-high-row,,50.0,10
-0.248,0.988,-0.508,leverage-high-row,,50.0,10
-0.259,0.999,-0.46,leverage-high-row,,50.0,10
-0.318,1.074,-0.386,leverage-high-row,,50.0,10
-0.312,1.055,-0.439,leverage-high-row,,50.0,10
-0.281,0.96,-0.338,leverage-high-row,,50.0,10
-0.344,0.973,-0.427,leverage-high-row,,50.0,10
-0.376,0.954,-0.493,leverage-high-row,,50.0,10
-0.323,0.931,-0.407,leverage-high-row,,50.0,10
-0.362,0.959,-0.457,leverage-high-row,,50.0,10
-0.425,0.941,-0.443,leverage-high-row,,50.0,10
-0.421,0.896,-0.433,leverage-high-row,,50.0,10
-0.389,0.899,-0.308,leverage-high-row,,50.0,10
-0.407,0.84,-0.294,leverage-high-row,,50.0,10
-0.441,0.814,-0.446,leverage-high-row,,50.0,10
-0.456,0.836,-0.437,leverage-high-row,,50.0,10
-0.46,0.804,-0.364,leverage-high-row,,50.0,10
-0.452,0.761,-0.41,leverage-high-row,,50.0,10
-0.455,0.74,-0.446,leverage-high-row,,50.0,10
-0.492,0.768,-0.459,leverage-high-row,,50.0,10
-0.508,0.764,-0.477,leverage-high-row,,50.0,10
-0.461,0.707,-0.379,leverage-high-row,,50.0,10
-0.472,0.7,-0.325,leverage-high-row,,50.0,10
-0.545,0.68,-0.404,leverage-high-row,,50.0,10
-0.549,0.675,-0.388,leverage-high-row,,50.0,10
-0.512,0.661,-0.306,leverage-high-row,,50.0,10
-0.499,0.658,-0.376,leverage-high-row,,50.0,10
-0.558,0.669,-0.432,leverage-high-row,,50.0,10
-0.575,0.676,-0.4,leverage-high-row,,50.0,10
-0.526,0.635,-0.393,leverage-high-row,,50.0,10
-0.534,0.557,-0.325,leverage-high-row,,50.0,10
-0.591,0.613,-0.403,leverage-high-row,,50.0,10
-0.601,0.676,-0.356,leverage-high-row,,50.0,10
-0.544,0.701,-0.483,leverage-high-row,,50.0,10
-0.6,0.562,-0.334,leverage-high-row,,50.0,10
-0.697,0.537,-0.336,leverage-high-row,,50.0,10
-0.691,0.604,-0.447,leverage-high-row,,50.0,10
-0.587,0.634,-0.444,leverage-high-row,,50.0,10
-0.626,0.575,-0.473,leverage-high-row,,50.0,10
-0.758,0.566,-0.381,leverage-high-row,,50.0,10
-0.724,0.68,-0.49,leverage-high-row,,50.0,10
-0.608,0.664,-0.552,leverage-high-row,,50.0,10
-0.584,0.528,-0.456,leverage-high-row,,50.0,10
-0.677,0.575,-0.464,leverage-high-row,,50.0,10
-0.627,0.652,-0.38,leverage-high-row,,50.0,10
-0.594,0.574,-0.346,leverage-high-row,,50.0,10
-0.592,0.524,-0.344,leverage-high-row,,50.0,10
-0.599,0.577,-0.472,leverage-high-row,,50.0,10
-0.544,0.535,-0.39,leverage-high-row,,50.0,10
-0.475,0.501,-0.431,leverage-high-row,,50.0,10
-0.497,0.469,-0.32,leverage-high-row,,50.0,10
-0.511,0.484,-0.368,leverage-high-row,,50.0,10
-0.436,0.513,-0.397,leverage-high-row,,50.0,10
-0.404,0.433,-0.239,leverage-high-row,,50.0,10
-0.394,0.372,-0.343,leverage-high-row,,50.0,10
-0.386,0.466,-0.374,leverage-high-row,,50.0,10
-0.39,0.401,-0.248,leverage-high-row,,50.0,10
-0.347,0.366,-0.178,leverage-high-row,,50.0,10
-0.317,0.422,-0.276,leverage-high-row,,50.0,10
-0.328,0.395,-0.218,leverage-high-row,,50.0,10
-0.326,0.444,-0.359,leverage-high-row,,50.0,10
-0.325,0.468,-0.339,leverage-high-row,,50.0,10
-0.29,0.485,-0.266,leverage-high-row,,50.0,10
-0.278,0.504,-0.314,leverage-high-row,,50.0,10
-0.284,0.558,-0.407,leverage-high-row,,50.0,10
-0.293,0.57,-0.374,leverage-high-row,,50.0,10
-0.3,0.577,-0.358,leverage-high-row,,50.0,10
-0.3,0.644,-0.432,leverage-high-row,,50.0,10
-0.312,0.695,-0.441,leverage-high-row,,50.0,10
-0.313,0.741,-0.424,leverage-high-row,,50.0,10
-0.3,0.801,-0.322,leverage-high-row,,50.0,10
-0.347,0.842,-0.243,leverage-high-row,,50.0,10
-0.429,0.866,-0.418,leverage-high-row,,50.0,10
-0.42,0.908,-0.564,leverage-high-row,,50.0,10
-0.393,0.969,-0.529,leverage-high-row,,50.0,10
-0.462,0.984,-0.466,leverage-high-row,,50.0,10
-0.539,0.957,-0.384,leverage-high-row,,50.0,10
-0.522,1.0,-0.353,leverage-high-row,,50.0,10
-0.477,1.054,-0.293,leverage-high-row,,50.0,10
-0.505,1.025,-0.317,leverage-high-row,,50.0,10
-0.546,1.09,-0.527,leverage-high-row,,50.0,10
-0.532,1.13,-0.351,leverage-high-row,,50.0,10
-0.534,1.095,-0.299,leverage-high-row,,50.0,10
-0.511,1.174,-0.468,leverage-high-row,,50.0,10
-0.572,1.259,-0.624,leverage-high-row,,50.0,10
-0.534,1.185,-0.582,leverage-high-row,,50.0,10
-0.434,1.13,-0.36,leverage-high-row,,50.0,10
-0.451,1.035,-0.535,leverage-high-row,,50.0,10
-0.471,1.056,-0.587,leverage-high-row,,50.0,10
-0.462,1.065,-0.537,leverage-high-row,,50.0,10
-0.429,1.186,-0.555,leverage-high-row,,50.0,10
-0.374,1.065,-0.607,leverage-high-row,,50.0,10
-0.313,1.104,-0.568,leverage-high-row,,50.0,10
-0.447,1.096,-0.616,leverage-high-row,,50.0,10
-0.394,1.034,-0.468,leverage-high-row,,50.0,10
-0.346,1.161,-0.35,leverage-high-row,,50.0,10
-0.337,1.079,-0.791,leverage-high-row,,50.0,10
-0.321,1.021,-0.612,leverage-high-row,,50.0,10
-0.391,1.152,-0.328,leverage-high-row,,50.0,10
-0.316,1.105,-0.547,leverage-high-row,,50.0,10
-0.236,1.103,-0.516,leverage-high-row,,50.0,10
-0.317,1.071,-0.611,leverage-high-row,,50.0,10
-0.303,1.044,-0.43,leverage-high-row,,50.0,10
-0.29,1.065,-0.556,leverage-high-row,,50.0,10
-0.22,1.041,-0.451,leverage-high-row,,50.0,10
-0.194,1.117,-0.444,leverage-high-row,,50.0,10
-0.198,1.073,-0.444,leverage-high-row,,50.0,10
-0.189,1.077,-0.486,leverage-high-row,,50.0,10
-0.217,0.988,-0.354,leverage-high-row,,50.0,10
-0.243,1.009,-0.277,leverage-high-row,,50.0,10
-0.216,1.066,-0.43,leverage-high-row,,50.0,10
-0.195,1.049,-0.583,leverage-high-row,,50.0,10
-0.202,1.027,-0.535,leverage-high-row,,50.0,10
-0.208,1.014,-0.384,leverage-high-row,,50.0,10
-0.236,1.003,-0.413,leverage-high-row,,50.0,10
-0.256,0.951,-0.458,leverage-high-row,,50.0,10
-0.226,0.951,-0.479,leverage-high-row,,50.0,10
-0.2,0.934,-0.421,leverage-high-row,,50.0,10
-0.236,0.88,-0.316,leverage-high-row,,50.0,10
-0.295,0.845,-0.35,leverage-high-row,,50.0,10
-0.291,0.871,-0.426,leverage-high-row,,50.0,10
-0.27,0.901,-0.427,leverage-high-row,,50.0,10
-0.332,0.856,-0.417,leverage-high-row,,50.0,10
-0.437,0.862,-0.437,leverage-high-row,,50.0,10
-0.461,0.881,-0.46,leverage-high-row,,50.0,10
-0.377,0.881,-0.446,leverage-high-row,,50.0,10
-0.393,0.878,-0.429,leverage-high-row,,50.0,10
-0.488,0.899,-0.566,leverage-high-row,,50.0,10
-0.51,0.837,-0.502,leverage-high-row,,50.0,10
-0.474,0.794,-0.475,leverage-high-row,,50.0,10
-0.438,0.792,-0.483,leverage-high-row,,50.0,10
-0.459,0.774,-0.481,leverage-high-row,,50.0,10
-0.544,0.772,-0.332,leverage-high-row,,50.0,10
-0.529,0.707,-0.375,leverage-high-row,,50.0,10
-0.479,0.704,-0.299,leverage-high-row,,50.0,10
-0.516,0.663,-0.412,leverage-high-row,,50.0,10
-0.534,0.8,-0.533,leverage-high-row,,50.0,10
-0.522,0.696,-0.419,leverage-high-row,,50.0,10
-0.539,0.649,-0.388,leverage-high-row,,50.0,10
-0.564,0.723,-0.427,leverage-high-row,,50.0,10
-0.521,0.742,-0.446,leverage-high-row,,50.0,10
-0.533,0.608,-0.303,leverage-high-row,,50.0,10
-0.639,0.609,-0.293,leverage-high-row,,50.0,10
-0.608,0.64,-0.448,leverage-high-row,,50.0,10
-0.528,0.664,-0.432,leverage-high-row,,50.0,10
-0.52,0.695,-0.409,leverage-high-row,,50.0,10
-0.634,0.605,-0.332,leverage-high-row,,50.0,10
-0.685,0.607,-0.44,leverage-high-row,,50.0,10
-0.622,0.623,-0.353,leverage-high-row,,50.0,10
-0.595,0.588,-0.387,leverage-high-row,,50.0,10
-0.599,0.584,-0.49,leverage-high-row,,50.0,10
-0.607,0.598,-0.415,leverage-high-row,,50.0,10
-0.595,0.607,-0.4,leverage-high-row,,50.0,10
-0.579,0.615,-0.276,leverage-high-row,,50.0,10
-0.62,0.61,-0.312,leverage-high-row,,50.0,10
-0.607,0.596,-0.378,leverage-high-row,,50.0,10
-0.576,0.55,-0.398,leverage-high-row,,50.0,10
-0.586,0.554,-0.4,leverage-high-row,,50.0,10
-0.569,0.554,-0.32,leverage-high-row,,50.0,10
-0.51,0.513,-0.327,leverage-high-row,,50.0,10
-0.461,0.491,-0.301,leverage-high-row,,50.0,10
-0.464,0.535,-0.338,leverage-high-row,,50.0,10
-0.472,0.484,-0.322,leverage-high-row,,50.0,10
-0.408,0.47,-0.247,leverage-high-row,,50.0,10
-0.392,0.455,-0.23,leverage-high-row,,50.0,10
-0.408,0.446,-0.393,leverage-high-row,,50.0,10
-0.386,0.42,-0.374,leverage-high-row,,50.0,10
-0.372,0.392,-0.246,leverage-high-row,,50.0,10
-0.38,0.425,-0.261,leverage-high-row,,50.0,10
-0.38,0.444,-0.264,leverage-high-row,,50.0,10
-0.372,0.478,-0.274,leverage-high-row,,50.0,10
-0.357,0.532,-0.349,leverage-high-row,,50.0,10
-0.355,0.54,-0.395,leverage-high-row,,50.0,10
-0.385,0.547,-0.337,leverage-high-row,,50.0,10
-0.392,0.565,-0.282,leverage-high-row,,50.0,10
-0.353,0.596,-0.335,leverage-high-row,,50.0,10
-0.348,0.619,-0.265,leverage-high-row,,50.0,10
-0.4,0.635,-0.22,leverage-high-row,,50.0,10
-0.419,0.646,-0.31,leverage-high-row,,50.0,10
-0.392,0.643,-0.359,leverage-high-row,,50.0,10
-0.392,0.697,-0.461,leverage-high-row,,50.0,10
-0.398,0.733,-0.314,leverage-high-row,,50.0,10
-0.416,0.772,-0.32,leverage-high-row,,50.0,10
-0.412,0.793,-0.327,leverage-high-row,,50.0,10
-0.413,0.832,-0.326,leverage-high-row,,50.0,10
-0.47,0.864,-0.257,leverage-high-row,,50.0,10
-0.495,0.88,-0.403,leverage-high-row,,50.0,10
-0.487,0.962,-0.389,leverage-high-row,,50.0,10
-0.485,0.982,-0.27,leverage-high-row,,50.0,10
-0.525,1.028,-0.534,leverage-high-row,,50.0,10
-0.569,1.058,-0.56,leverage-high-row,,50.0,10
-0.572,1.007,-0.322,leverage-high-row,,50.0,10
-0.514,1.091,-0.459,leverage-high-row,,50.0,10
-0.545,1.001,-0.364,leverage-high-row,,50.0,10
-0.568,1.041,-0.496,leverage-high-row,,50.0,10
-0.584,1.103,-0.528,leverage-high-row,,50.0,10
-0.568,1.12,-0.489,leverage-high-row,,50.0,10
-0.484,1.059,-0.496,leverage-high-row,,50.0,10
-0.435,1.131,-0.377,leverage-high-row,,50.0,10
-0.505,1.041,-0.441,leverage-high-row,,50.0,10
-0.512,1.046,-0.405,leverage-high-row,,50.0,10
-0.435,1.09,-0.421,leverage-high-row,,50.0,10
-0.39,1.082,-0.39,leverage-high-row,,50.0,10
-0.444,1.133,-0.451,leverage-high-row,,50.0,10
-0.502,1.046,-0.698,leverage-high-row,,50.0,10
-0.429,1.037,-0.53,leverage-high-row,,50.0,10
-0.464,1.09,-0.565,leverage-high-row,,50.0,10
-0.438,1.001,-0.465,leverage-high-row,,50.0,10
-0.442,1.08,-0.477,leverage-high-row,,50.0,10
-0.477,1.074,-0.599,leverage-high-row,,50.0,10
-0.421,0.995,-0.523,leverage-high-row,,50.0,10
-0.435,1.022,-0.45,leverage-high-row,,50.0,10
-0.461,1.006,-0.535,leverage-high-row,,50.0,10
-0.423,1.045,-0.492,leverage-high-row,,50.0,10
-0.36,1.075,-0.529,leverage-high-row,,50.0,10
-0.312,1.039,-0.455,leverage-high-row,,50.0,10
-0.375,1.062,-0.461,leverage-high-row,,50.0,10
-0.392,1.065,-0.488,leverage-high-row,,50.0,10
-0.304,1.014,-0.314,leverage-high-row,,50.0,10
-0.281,1.0,-0.358,leverage-high-row,,50.0,10
-0.296,1.044,-0.476,leverage-high-row,,50.0,10
-0.315,1.03,-0.267,leverage-high-row,,50.0,10
-0.348,0.998,-0.198,leverage-high-row,,50.0,10
-0.331,1.024,-0.4,leverage-high-row,,50.0,10
-0.294,1.021,-0.453,leverage-high-row,,50.0,10
-0.322,0.971,-0.326,leverage-high-row,,50.0,10
-0.369,0.941,-0.336,leverage-high-row,,50.0,10
-0.35,1.023,-0.519,leverage-high-row,,50.0,10
-0.352,0.995,-0.402,leverage-high-row,,50.0,10
-0.344,0.882,-0.36,leverage-high-row,,50.0,10
-0.372,0.942,-0.404,leverage-high-row,,50.0,10
-0.391,0.976,-0.346,leverage-high-row,,50.0,10
-0.385,0.915,-0.194,leverage-high-row,,50.0,10
-0.418,0.87,-0.39,leverage-high-row,,50.0,10
-0.378,0.916,-0.412,leverage-high-row,,50.0,10
-0.402,0.926,-0.354,leverage-high-row,,50.0,10
-0.481,0.887,-0.365,leverage-high-row,,50.0,10
-0.515,0.763,-0.293,leverage-high-row,,50.0,10
-0.484,0.852,-0.506,leverage-high-row,,50.0,10
-0.471,0.836,-0.425,leverage-high-row,,50.0,10
-0.529,0.842,-0.423,leverage-high-row,,50.0,10
-0.602,0.669,-0.366,leverage-high-row,,50.0,10
-0.533,0.809,-0.511,leverage-high-row,,50.0,10
-0.49,0.923,-0.501,leverage-high-row,,50.0,10
-0.522,0.81,-0.437,leverage-high-row,,50.0,10
-0.592,0.608,-0.336,leverage-high-row,,50.0,10
-0.528,0.84,-0.4,leverage-high-row,,50.0,10
-0.544,0.809,-0.377,leverage-high-row,,50.0,10
-0.62,0.656,-0.3,leverage-high-row,,50.0,10
-0.579,0.685,-0.415,leverage-high-row,,50.0,10
-0.518,0.79,-0.424,leverage-high-row,,50.0,10
-0.583,0.707,-0.424,leverage-high-row,,50.0,10
-0.62,0.71,-0.312,leverage-high-row,,50.0,10
-0.631,0.644,-0.392,leverage-high-row,,50.0,10
-0.599,0.605,-0.375,leverage-high-row,,50.0,10
-0.533,0.711,-0.303,leverage-high-row,,50.0,10
-0.59,0.711,-0.339,leverage-high-row,,50.0,10
-0.633,0.636,-0.439,leverage-high-row,,50.0,10
-0.568,0.634,-0.47,leverage-high-row,,50.0,10
-0.544,0.681,-0.401,leverage-high-row,,50.0,10
-0.561,0.644,-0.359,leverage-high-row,,50.0,10
-0.579,0.596,-0.397,leverage-high-row,,50.0,10
-0.595,0.584,-0.448,leverage-high-row,,50.0,10
-0.611,0.6,-0.338,leverage-high-row,,50.0,10
-0.591,0.593,-0.389,leverage-high-row,,50.0,10
-0.527,0.569,-0.426,leverage-high-row,,50.0,10
-0.529,0.574,-0.408,leverage-high-row,,50.0,10
-0.594,0.547,-0.283,leverage-high-row,,50.0,10
-0.593,0.52,-0.304,leverage-high-row,,50.0,10
-0.542,0.52,-0.444,leverage-high-row,,50.0,10
-0.537,0.532,-0.43,leverage-high-row,,50.0,10
-0.56,0.512,-0.344,leverage-high-row,,50.0,10
-0.556,0.492,-0.285,leverage-high-row,,50.0,10
-0.537,0.497,-0.285,leverage-high-row,,50.0,10
-0.503,0.481,-0.355,leverage-high-row,,50.0,10
-0.472,0.485,-0.343,leverage-high-row,,50.0,10
-0.459,0.485,-0.277,leverage-high-row,,50.0,10
-0.422,0.441,-0.314,leverage-high-row,,50.0,10
-0.409,0.422,-0.341,leverage-high-row,,50.0,10
-0.415,0.443,-0.355,leverage-high-row,,50.0,10
-0.355,0.436,-0.366,leverage-high-row,,50.0,10
-0.34,0.395,-0.285,leverage-high-row,,50.0,10
-0.366,0.449,-0.217,leverage-high-row,,50.0,10
-0.341,0.459,-0.247,leverage-high-row,,50.0,10
-0.292,0.43,-0.331,leverage-high-row,,50.0,10
-0.308,0.455,-0.237,leverage-high-row,,50.0,10
-0.299,0.47,-0.354,leverage-high-row,,50.0,10
-0.243,0.463,-0.239,leverage-high-row,,50.0,10
-0.343,0.592,-0.367,leverage-high-row,,50.0,10
-0.25,0.56,-0.329,leverage-high-row,,50.0,10
-0.229,0.61,-0.383,leverage-high-row,,50.0,10
-0.316,0.621,-0.353,leverage-high-row,,50.0,10
-0.282,0.598,-0.173,leverage-high-row,,50.0,10
-0.302,0.668,-0.313,leverage-high-row,,50.0,10
-0.282,0.73,-0.331,leverage-high-row,,50.0,10
-0.324,0.771,-0.388,leverage-high-row,,50.0,10
-0.44,0.865,-0.264,leverage-high-row,,50.0,10
-0.392,0.919,-0.288,leverage-high-row,,50.0,10
-0.384,1.005,-0.366,leverage-high-row,,50.0,10
-0.445,1.038,-0.414,leverage-high-row,,50.0,10
-0.463,1.047,-0.304,leverage-high-row,,50.0,10
-0.522,1.048,-0.405,leverage-high-row,,50.0,10
-0.507,1.091,-0.495,leverage-high-row,,50.0,10
-0.497,1.103,-0.518,leverage-high-row,,50.0,10
-0.557,1.145,-0.459,leverage-high-row,,50.0,10
-0.595,1.139,-0.408,leverage-high-row,,50.0,10
-0.6,1.103,-0.38,leverage-high-row,,50.0,10
-0.619,1.083,-0.433,leverage-high-row,,50.0,10
-0.605,1.13,-0.423,leverage-high-row,,50.0,10
-0.576,1.09,-0.404,leverage-high-row,,50.0,10
-0.562,1.113,-0.582,leverage-high-row,,50.0,10
-0.554,1.054,-0.545,leverage-high-row,,50.0,10
-0.552,0.985,-0.554,leverage-high-row,,50.0,10
-0.557,1.076,-0.581,leverage-high-row,,50.0,10
-0.549,1.081,-0.616,leverage-high-row,,50.0,10
-0.498,1.102,-0.617,leverage-high-row,,50.0,10
-0.497,1.064,-0.544,leverage-high-row,,50.0,10
-0.507,1.019,-0.509,leverage-high-row,,50.0,10
-0.504,1.035,-0.531,leverage-high-row,,50.0,10
-0.5,1.07,-0.598,leverage-high-row,,50.0,10
-0.492,1.015,-0.575,leverage-high-row,,50.0,10
-0.476,0.989,-0.532,leverage-high-row,,50.0,10
-0.456,1.028,-0.504,leverage-high-row,,50.0,10
-0.433,1.001,-0.499,leverage-high-row,,50.0,10
-0.398,0.986,-0.58,leverage-high-row,,50.0,10
-0.387,1.022,-0.6,leverage-high-row,,50.0,10
-0.393,1.013,-0.499,leverage-high-row,,50.0,10
-0.374,0.999,-0.458,leverage-high-row,,50.0,10
-0.351,1.056,-0.492,leverage-high-row,,50.0,10
-0.33,1.076,-0.46,leverage-high-row,,50.0,10
-0.323,1.013,-0.436,leverage-high-row,,50.0,10
-0.338,0.976,-0.37,leverage-high-row,,50.0,10
-0.353,1.015,-0.459,leverage-high-row,,50.0,10
-0.334,1.021,-0.505,leverage-high-row,,50.0,10
-0.32,0.986,-0.315,leverage-high-row,,50.0,10
-0.304,0.97,-0.319,leverage-high-row,,50.0,10
-0.335,0.992,-0.44,leverage-high-row,,50.0,10
-0.363,1.033,-0.407,leverage-high-row,,50.0,10
-0.377,0.982,-0.322,leverage-high-row,,50.0,10
-0.392,1.009,-0.497,leverage-high-row,,50.0,10
-0.436,1.011,-0.438,leverage-high-row,,50.0,10
-0.448,0.973,-0.303,leverage-high-row,,50.0,10
-0.402,0.905,-0.408,leverage-high-row,,50.0,10
-0.489,0.967,-0.402,leverage-high-row,,50.0,10
-0.494,0.88,-0.347,leverage-high-row,,50.0,10
-0.466,0.976,-0.392,leverage-high-row,,50.0,10
-0.495,0.819,-0.391,leverage-high-row,,50.0,10
-0.464,0.92,-0.368,leverage-high-row,,50.0,10
-0.464,0.856,-0.136,leverage-high-row,,50.0,10
-0.549,0.809,-0.478,leverage-high-row,,50.0,10
-0.445,0.876,-0.45,leverage-high-row,,50.0,10
-0.5,0.843,-0.292,leverage-high-row,,50.0,10
-0.54,0.833,-0.346,leverage-high-row,,50.0,10
-0.53,0.789,-0.352,leverage-high-row,,50.0,10
-0.493,0.728,-0.387,leverage-high-row,,50.0,10
-0.543,0.734,-0.378,leverage-high-row,,50.0,10
-0.525,0.816,-0.403,leverage-high-row,,50.0,10
-0.507,0.754,-0.31,leverage-high-row,,50.0,10
-0.517,0.704,-0.269,leverage-high-row,,50.0,10
-0.495,0.677,-0.351,leverage-high-row,,50.0,10
-0.512,0.726,-0.455,leverage-high-row,,50.0,10
-0.502,0.72,-0.433,leverage-high-row,,50.0,10
-0.49,0.62,-0.342,leverage-high-row,,50.0,10
-0.488,0.684,-0.323,leverage-high-row,,50.0,10
-0.553,0.668,-0.328,leverage-high-row,,50.0,10
-0.61,0.661,-0.365,leverage-high-row,,50.0,10
-0.604,0.631,-0.379,leverage-high-row,,50.0,10
-0.552,0.652,-0.391,leverage-high-row,,50.0,10
-0.561,0.613,-0.367,leverage-high-row,,50.0,10
-0.607,0.6,-0.339,leverage-high-row,,50.0,10
-0.628,0.615,-0.345,leverage-high-row,,50.0,10
-0.615,0.617,-0.408,leverage-high-row,,50.0,10
-0.571,0.616,-0.419,leverage-high-row,,50.0,10
-0.556,0.612,-0.396,leverage-high-row,,50.0,10
-0.583,0.597,-0.4,leverage-high-row,,50.0,10
-0.607,0.583,-0.429,leverage-high-row,,50.0,10
-0.591,0.599,-0.412,leverage-high-row,,50.0,10
-0.557,0.595,-0.376,leverage-high-row,,50.0,10
-0.555,0.586,-0.442,leverage-high-row,,50.0,10
-0.566,0.576,-0.435,leverage-high-row,,50.0,10
-0.559,0.539,-0.385,leverage-high-row,,50.0,10
-0.523,0.539,-0.333,leverage-high-row,,50.0,10
-0.515,0.525,-0.306,leverage-high-row,,50.0,10
-0.527,0.508,-0.358,leverage-high-row,,50.0,10
-0.535,0.48,-0.343,leverage-high-row,,50.0,10
-0.499,0.478,-0.32,leverage-high-row,,50.0,10
-0.464,0.472,-0.34,leverage-high-row,,50.0,10
-0.459,0.461,-0.344,leverage-high-row,,50.0,10
-0.447,0.424,-0.203,leverage-high-row,,50.0,10
-0.451,0.406,-0.382,leverage-high-row,,50.0,10
-0.368,0.337,-0.287,leverage-high-row,,50.0,10
-0.41,0.389,-0.204,leverage-high-row,,50.0,10
-0.4,0.417,-0.223,leverage-high-row,,50.0,10
-0.246,0.428,-0.234,leverage-high-row,,50.0,10
-0.356,0.466,-0.397,leverage-high-row,,50.0,10
-0.312,0.487,-0.51,leverage-high-row,,50.0,10
-0.312,0.481,-0.274,leverage-high-row,,50.0,10
-0.321,0.504,-0.319,leverage-high-row,,50.0,10
-0.352,0.504,-0.296,leverage-high-row,,50.0,10
-0.36,0.552,-0.288,leverage-high-row,,50.0,10
-0.313,0.498,-0.14,leverage-high-row,,50.0,10
-0.388,0.587,-0.372,leverage-high-row,,50.0,10
-0.317,0.592,-0.309,leverage-high-row,,50.0,10
-0.312,0.614,-0.275,leverage-high-row,,50.0,10
-0.348,0.716,-0.301,leverage-high-row,,50.0,10
-0.387,0.735,-0.192,leverage-high-row,,50.0,10
-0.412,0.797,-0.299,leverage-high-row,,50.0,10
-0.383,0.828,-0.313,leverage-high-row,,50.0,10
-0.435,0.936,-0.39,leverage-high-row,,50.0,10
-0.518,0.966,-0.338,leverage-high-row,,50.0,10
-0.536,0.943,-0.351,leverage-high-row,,50.0,10
-0.56,1.008,-0.414,leverage-high-row,,50.0,10
-0.586,1.032,-0.42,leverage-high-row,,50.0,10
-0.563,1.049,-0.445,leverage-high-row,,50.0,10
-0.608,1.095,-0.339,leverage-high-row,,50.0,10
-0.692,1.058,-0.288,leverage-high-row,,50.0,10
-0.704,1.027,-0.383,leverage-high-row,,50.0,10
-0.665,1.09,-0.503,leverage-high-row,,50.0,10
-0.653,1.064,-0.475,leverage-high-row,,50.0,10
-0.651,1.067,-0.442,leverage-high-row,,50.0,10
-0.634,1.091,-0.624,leverage-high-row,,50.0,10
-0.597,1.097,-0.546,leverage-high-row,,50.0,10
-0.598,1.082,-0.479,leverage-high-row,,50.0,10
-0.558,1.018,-0.552,leverage-high-row,,50.0,10
-0.504,1.024,-0.472,leverage-high-row,,50.0,10
-0.519,1.03,-0.454,leverage-high-row,,50.0,10
-0.529,1.002,-0.501,leverage-high-row,,50.0,10
-0.516,1.049,-0.552,leverage-high-row,,50.0,10
-0.519,1.063,-0.605,leverage-high-row,,50.0,10
-0.515,1.05,-0.584,leverage-high-row,,50.0,10
-0.502,1.04,-0.532,leverage-high-row,,50.0,10
-0.515,1.012,-0.452,leverage-high-row,,50.0,10
-0.542,1.04,-0.544,leverage-high-row,,50.0,10
-0.553,1.04,-0.519,leverage-high-row,,50.0,10
-0.495,1.023,-0.444,leverage-high-row,,50.0,10
-0.498,1.047,-0.571,leverage-high-row,,50.0,10
-0.449,1.018,-0.612,leverage-high-row,,50.0,10
-0.422,1.01,-0.526,leverage-high-row,,50.0,10
-0.475,1.042,-0.469,leverage-high-row,,50.0,10
-0.489,1.043,-0.399,leverage-high-row,,50.0,10
-0.382,1.031,-0.485,leverage-high-row,,50.0,10
-0.32,1.06,-0.449,leverage-high-row,,50.0,10
-0.408,1.033,-0.32,leverage-high-row,,50.0,10
-0.452,1.005,-0.241,leverage-high-row,,50.0,10
-0.421,1.08,-0.382,leverage-high-row,,50.0,10
-0.389,0.958,-0.545,leverage-high-row,,50.0,10
-0.366,1.018,-0.313,leverage-high-row,,50.0,10
-0.447,1.039,-0.323,leverage-high-row,,50.0,10
-0.425,1.025,-0.374,leverage-high-row,,50.0,10
-0.472,1.056,-0.32,leverage-high-row,,50.0,10
-0.472,0.96,-0.408,leverage-high-row,,50.0,10
-0.402,1.022,-0.47,leverage-high-row,,50.0,10
-0.491,0.902,-0.365,leverage-high-row,,50.0,10
-0.481,1.008,-0.375,leverage-high-row,,50.0,10
-0.531,0.885,-0.281,leverage-high-row,,50.0,10
-0.493,0.879,-0.358,leverage-high-row,,50.0,10
-0.46,0.908,-0.424,leverage-high-row,,50.0,10
-0.49,0.851,-0.371,leverage-high-row,,50.0,10
-0.549,0.807,-0.267,leverage-high-row,,50.0,10
-0.547,0.839,-0.391,leverage-high-row,,50.0,10
-0.468,0.88,-0.43,leverage-high-row,,50.0,10
-0.448,0.826,-0.401,leverage-high-row,,50.0,10
-0.514,0.742,-0.344,leverage-high-row,,50.0,10
-0.554,0.714,-0.399,leverage-high-row,,50.0,10
-0.508,0.746,-0.355,leverage-high-row,,50.0,10
-0.477,0.766,-0.317,leverage-high-row,,50.0,10
-0.488,0.676,-0.355,leverage-high-row,,50.0,10
-0.522,0.611,-0.397,leverage-high-row,,50.0,10
-0.546,0.712,-0.275,leverage-high-row,,50.0,10
-0.542,0.722,-0.328,leverage-high-row,,50.0,10
-0.45,0.683,-0.47,leverage-high-row,,50.0,10
-0.48,0.597,-0.359,leverage-high-row,,50.0,10
-0.593,0.643,-0.418,leverage-high-row,,50.0,10
-0.602,0.685,-0.474,leverage-high-row,,50.0,10
-0.547,0.611,-0.383,leverage-high-row,,50.0,10
-0.544,0.572,-0.432,leverage-high-row,,50.0,10
-0.58,0.587,-0.481,leverage-high-row,,50.0,10
-0.574,0.623,-0.43,leverage-high-row,,50.0,10
-0.541,0.591,-0.365,leverage-high-row,,50.0,10
-0.535,0.525,-0.381,leverage-high-row,,50.0,10
-0.576,0.536,-0.4,leverage-high-row,,50.0,10
-0.618,0.575,-0.402,leverage-high-row,,50.0,10
-0.576,0.568,-0.522,leverage-high-row,,50.0,10
-0.536,0.512,-0.412,leverage-high-row,,50.0,10
-0.602,0.543,-0.38,leverage-high-row,,50.0,10
-0.648,0.603,-0.49,leverage-high-row,,50.0,10
-0.581,0.569,-0.471,leverage-high-row,,50.0,10
-0.577,0.52,-0.414,leverage-high-row,,50.0,10
-0.646,0.552,-0.434,leverage-high-row,,50.0,10
-0.624,0.578,-0.429,leverage-high-row,,50.0,10
-0.57,0.569,-0.395,leverage-high-row,,50.0,10
-0.586,0.512,-0.415,leverage-high-row,,50.0,10
-0.635,0.513,-0.437,leverage-high-row,,50.0,10
-0.635,0.526,-0.405,leverage-high-row,,50.0,10
-0.552,0.55,-0.51,leverage-high-row,,50.0,10
-0.498,0.48,-0.378,leverage-high-row,,50.0,10
-0.517,0.483,-0.331,leverage-high-row,,50.0,10
-0.56,0.505,-0.356,leverage-high-row,,50.0,10
-0.443,0.414,-0.303,leverage-high-row,,50.0,10
-0.355,0.376,-0.284,leverage-high-row,,50.0,10
-0.44,0.377,-0.147,leverage-high-row,,50.0,10
-0.424,0.487,-0.429,leverage-high-row,,50.0,10
-0.385,0.309,-0.207,leverage-high-row,,50.0,10
-0.27,0.357,-0.23,leverage-high-row,,50.0,10
-0.301,0.397,-0.351,leverage-high-row,,50.0,10
-0.26,0.444,-0.338,leverage-high-row,,50.0,10
-0.327,0.391,-0.243,leverage-high-row,,50.0,10
-0.28,0.447,-0.274,leverage-high-row,,50.0,10
-0.279,0.524,-0.314,leverage-high-row,,50.0,10
-0.293,0.536,-0.427,leverage-high-row,,50.0,10
-0.368,0.536,-0.337,leverage-high-row,,50.0,10
-0.333,0.638,-0.376,leverage-high-row,,50.0,10
-0.295,0.633,-0.324,leverage-high-row,,50.0,10
-0.342,0.618,-0.28,leverage-high-row,,50.0,10
-0.36,0.651,-0.331,leverage-high-row,,50.0,10
-0.383,0.727,-0.335,leverage-high-row,,50.0,10
-0.386,0.802,-0.4,leverage-high-row,,50.0,10
-0.357,0.856,-0.524,leverage-high-row,,50.0,10
-0.407,0.851,-0.4,leverage-high-row,,50.0,10
-0.471,0.891,-0.363,leverage-high-row,,50.0,10
-0.493,0.935,-0.417,leverage-high-row,,50.0,10
-0.477,1.011,-0.403,leverage-high-row,,50.0,10
-0.524,1.033,-0.495,leverage-high-row,,50.0,10
-0.595,1.016,-0.527,leverage-high-row,,50.0,10
-0.59,1.029,-0.471,leverage-high-row,,50.0,10
-0.551,0.982,-0.377,leverage-high-row,,50.0,10
-0.584,0.972,-0.428,leverage-high-row,,50.0,10
-0.674,1.043,-0.429,leverage-high-row,,50.0,10
-0.687,1.094,-0.388,leverage-high-row,,50.0,10
-0.62,1.095,-0.51,leverage-high-row,,50.0,10
-0.597,1.054,-0.531,leverage-high-row,,50.0,10
-0.619,1.046,-0.661,leverage-high-row,,50.0,10
-0.609,1.025,-0.72,leverage-high-row,,50.0,10
-0.558,0.991,-0.506,leverage-high-row,,50.0,10
-0.501,1.016,-0.496,leverage-high-row,,50.0,10
-0.49,1.019,-0.499,leverage-high-row,,50.0,10
-0.493,1.026,-0.448,leverage-high-row,,50.0,10
-0.455,1.009,-0.365,leverage-high-row,,50.0,10
-0.47,0.98,-0.512,leverage-high-row,,50.0,10
-0.456,1.07,-0.584,leverage-high-row,,50.0,10
-0.445,1.074,-0.525,leverage-high-row,,50.0,10
-0.49,0.972,-0.452,leverage-high-row,,50.0,10
-0.499,1.083,-0.355,leverage-high-row,,50.0,10
-0.496,1.087,-0.544,leverage-high-row,,50.0,10
-0.423,1.044,-0.492,leverage-high-row,,50.0,10
-0.459,1.055,-0.257,leverage-high-row,,50.0,10
-0.422,1.0,-0.669,leverage-high-row,,50.0,10
-0.409,1.06,-0.37,leverage-high-row,,50.0,10
-0.422,1.015,-0.33,leverage-high-row,,50.0,10
-0.391,1.004,-0.567,leverage-high-row,,50.0,10
-0.368,1.085,-0.539,leverage-high-row,,50.0,10
-0.376,0.984,-0.384,leverage-high-row,,50.0,10
-0.408,1.016,-0.336,leverage-high-row,,50.0,10
-0.424,1.032,-0.429,leverage-high-row,,50.0,10
-0.432,1.055,-0.227,leverage-high-row,,50.0,10
-0.402,0.981,-0.41,leverage-high-row,,50.0,10
-0.407,0.991,-0.57,leverage-high-row,,50.0,10
-0.465,1.056,-0.277,leverage-high-row,,50.0,10
-0.507,1.029,-0.352,leverage-high-row,,50.0,10
-0.519,1.051,-0.457,leverage-high-row,,50.0,10
-0.473,1.063,-0.539,leverage-high-row,,50.0,10
-0.477,0.999,-0.441,leverage-high-row,,50.0,10
-0.556,1.028,-0.384,leverage-high-row,,50.0,10
-0.564,1.009,-0.419,leverage-high-row,,50.0,10
-0.469,0.928,-0.281,leverage-high-row,,50.0,10
-0.505,0.992,-0.226,leverage-high-row,,50.0,10
-0.551,0.978,-0.293,leverage-high-row,,50.0,10
-0.515,0.977,-0.242,leverage-high-row,,50.0,10
-0.518,0.908,-0.343,leverage-high-row,,50.0,10
-0.523,0.93,-0.555,leverage-high-row,,50.0,10
-0.515,0.985,-0.53,leverage-high-row,,50.0,10
-0.492,0.876,-0.304,leverage-high-row,,50.0,10
-0.49,0.786,-0.406,leverage-high-row,,50.0,10
-0.487,0.845,-0.479,leverage-high-row,,50.0,10
-0.467,0.86,-0.231,leverage-high-row,,50.0,10
-0.508,0.823,-0.227,leverage-high-row,,50.0,10
-0.498,0.749,-0.41,leverage-high-row,,50.0,10
-0.416,0.7,-0.392,leverage-high-row,,50.0,10
-0.438,0.747,-0.328,leverage-high-row,,50.0,10
-0.511,0.769,-0.35,leverage-high-row,,50.0,10
-0.521,0.703,-0.418,leverage-high-row,,50.0,10
-0.495,0.664,-0.479,leverage-high-row,,50.0,10
-0.478,0.696,-0.465,leverage-high-row,,50.0,10
-0.497,0.708,-0.417,leverage-high-row,,50.0,10
-0.535,0.69,-0.354,leverage-high-row,,50.0,10
-0.554,0.621,-0.346,leverage-high-row,,50.0,10
-0.509,0.621,-0.412,leverage-high-row,,50.0,10
-0.514,0.63,-0.305,leverage-high-row,,50.0,10
-0.547,0.608,-0.283,leverage-high-row,,50.0,10
-0.584,0.555,-0.31,leverage-high-row,,50.0,10
-0.6,0.536,-0.341,leverage-high-row,,50.0,10
-0.572,0.584,-0.429,leverage-high-row,,50.0,10
-0.55,0.574,-0.359,leverage-high-row,,50.0,10
-0.515,0.533,-0.448,leverage-high-row,,50.0,10
-0.536,0.536,-0.428,leverage-high-row,,50.0,10
-0.575,0.609,-0.332,leverage-high-row,,50.0,10
-0.566,0.564,-0.351,leverage-high-row,,50.0,10
-0.551,0.537,-0.357,leverage-high-row,,50.0,10
-0.544,0.545,-0.456,leverage-high-row,,50.0,10
-0.547,0.551,-0.374,leverage-high-row,,50.0,10
-0.584,0.543,-0.346,leverage-high-row,,50.0,10
-0.584,0.52,-0.384,leverage-high-row,,50.0,10
-0.6,0.528,-0.4,leverage-high-row,,50.0,10
-0.624,0.56,-0.408,leverage-high-row,,50.0,10
-0.624,0.552,-0.424,leverage-high-row,,50.0,10
-0.609,0.537,-0.485,leverage-high-row,,50.0,10
-0.653,0.566,-0.495,leverage-high-row,,50.0,10
-0.671,0.583,-0.489,leverage-high-row,,50.0,10
-0.672,0.634,-0.459,leverage-high-row,,50.0,10
-0.686,0.619,-0.491,leverage-high-row,,50.0,10
-0.674,0.609,-0.523,leverage-high-row,,50.0,10
-0.679,0.615,-0.555,leverage-high-row,,50.0,10
-0.465,0.375,0.612,leverage-high-row,,50.0,10
1.102,0.422,-3.059,leverage-high-row,,50.0,10
0.765,0.683,0.629,leverage-high-row,,50.0,10
0.159,0.957,2.387,leverage-high-row,,50.0,10
-0.474,0.477,-2.335,leverage-high-row,,50.0,10
-0.753,0.44,-0.942,leverage-high-row,,50.0,10
-0.592,0.677,0.321,leverage-high-row,,50.0,10
-0.558,0.682,-0.235,leverage-high-row,,50.0,10
-0.6,0.585,-0.672,leverage-high-row,,50.0,10
-0.583,0.7,-0.704,leverage-high-row,,50.0,10
-0.677,0.735,-0.395,leverage-high-row,,50.0,10
-0.624,0.694,-0.248,leverage-high-row,,50.0,10
-0.572,0.693,-0.426,leverage-high-row,,50.0,10
-0.574,0.745,-0.396,leverage-high-row,,50.0,10
-0.564,0.728,-0.405,leverage-high-row,,50.0,10
-0.547,0.663,-0.429,leverage-high-row,,50.0,10
-0.556,0.656,-0.356,leverage-high-row,,50.0,10
-0.572,0.679,-0.341,leverage-high-row,,50.0,10
-0.571,0.711,-0.357,leverage-high-row,,50.0,10
-0.591,0.728,-0.326,leverage-high-row,,50.0,10
-0.6,0.731,-0.323,leverage-high-row,,50.0,10
-0.581,0.73,-0.419,leverage-high-row,,50.0,10
-0.564,0.723,-0.358,leverage-high-row,,50.0,10
-0.581,0.737,-0.311,leverage-high-row,,50.0,10
-0.579,0.766,-0.318,leverage-high-row,,50.0,10
-0.576,0.787,-0.374,leverage-high-row,,50.0,10
-0.565,0.783,-0.351,leverage-high-row,,50.0,10
-0.578,0.784,-0.384,leverage-high-row,,50.0,10
-0.578,0.752,-0.386,leverage-high-row,,50.0,10
-0.556,0.772,-0.38,leverage-high-row,,50.0,10
-0.542,0.764,-0.335,leverage-high-row,,50.0,10
-0.534,0.779,-0.316,leverage-high-row,,50.0,10
-0.532,0.788,-0.375,leverage-high-row,,50.0,10
-0.548,0.764,-0.441,leverage-high-row,,50.0,10
-0.527,0.753,-0.436,leverage-high-row,,50.0,10
-0.519,0.811,-0.37,leverage-high-row,,50.0,10
-0.508,0.832,-0.382,leverage-high-row,,50.0,10
-0.475,0.831,-0.372,leverage-high-row,,50.0,10
-0.505,0.822,-0.409,leverage-high-row,,50.0,10
-0.521,0.798,-0.316,leverage-high-row,,50.0,10
-0.544,0.768,-0.399,leverage-high-row,,50.0,10
-0.544,0.784,-0.36,leverage-high-row,,50.0,10
