0.256,-0.08,-0.864,barbell-press,,40.0,7
0.248,-0.033,-0.903,barbell-press,,40.0,7
0.256,-0.024,-0.995,barbell-press,,40.0,7
0.241,-0.024,-0.925,barbell-press,,40.0,7
0.247,0.042,-0.832,barbell-press,,40.0,7
0.248,0.069,-1.052,barbell-press,,40.0,7
0.255,0.051,-1.115,barbell-press,,40.0,7
0.229,0.048,-0.956,barbell-press,,40.0,7
0.224,0.075,-0.981,barbell-press,,40.0,7
0.244,0.087,-1.09,barbell-press,,40.0,7
0.248,0.101,-1.08,barbell-press,,40.0,7
0.217,0.11,-0.936,barbell-press,,40.0,7
0.208,0.13,-0.987,barbell-press,,40.0,7
0.22,0.112,-1.116,barbell-press,,40.0,7
0.213,0.121,-1.043,barbell-press,,40.0,7
0.219,0.156,-0.916,barbell-press,,40.0,7
0.24,0.157,-0.994,barbell-press,,40.0,7
0.243,0.136,-1.069,barbell-press,,40.0,7
0.204,0.118,-1.014,barbell-press,,40.0,7
0.184,0.122,-0.946,barbell-press,,40.0,7
0.194,0.118,-0.995,barbell-press,,40.0,7
0.191,0.117,-1.063,barbell-press,,40.0,7
0.18,0.116,-1.008,barbell-press,,40.0,7
0.18,0.121,-0.93,barbell-press,,40.0,7
0.18,0.12,-0.945,barbell-press,,40.0,7
0.184,0.112,-0.968,barbell-press,,40.0,7
0.2,0.104,-0.991,barbell-press,,40.0,7
0.208,0.092,-1.02,barbell-press,,40.0,7
0.201,0.084,-0.984,barbell-press,,40.0,7
0.185,0.07,-0.964,barbell-press,,40.0,7
0.173,0.05,-1.018,barbell-press,,40.0,7
0.165,0.043,-1.044,barbell-press,,40.0,7
0.157,0.042,-1.015,barbell-press,,40.0,7
0.16,0.021,-0.973,barbell-press,,40.0,7
0.166,0.008,-0.936,barbell-press,,40.0,7
0.146,0.022,-0.98,barbell-press,,40.0,7
0.154,0.018,-1.001,barbell-press,,40.0,7
0.158,0.024,-0.973,barbell-press,,40.0,7
0.142,0.024,-0.942,barbell-press,,40.0,7
0.108,0.026,-0.92,barbell-press,,40.0,7
0.098,0.027,-0.861,barbell-press,,40.0,7
0.104,0.03,-0.864,barbell-press,,40.0,7
0.111,0.113,-0.929,barbell-press,,40.0,7
0.142,0.051,-0.889,barbell-press,,40.0,7
0.128,0.101,-0.871,barbell-press,,40.0,7
0.125,0.041,-1.038,barbell-press,,40.0,7
0.091,0.18,-1.065,barbell-press,,40.0,7
0.04,0.148,-0.839,barbell-press,,40.0,7
0.038,0.21,-0.937,barbell-press,,40.0,7
0.008,0.255,-0.961,barbell-press,,40.0,7
0.008,0.232,-0.982,barbell-press,,40.0,7
-0.024,0.24,-0.81,barbell-press,,40.0,7
-0.008,0.263,-0.994,barbell-press,,40.0,7
-0.046,0.279,-1.008,barbell-press,,40.0,7
-0.152,0.295,-0.792,barbell-press,,40.0,7
-0.218,0.318,-0.783,barbell-press,,40.0,7
-0.267,0.341,-0.905,barbell-press,,40.0,7
-0.3,0.337,-1.011,barbell-press,,40.0,7
-0.345,0.356,-0.881,barbell-press,,40.0,7
-0.385,0.407,-0.936,barbell-press,,40.0,7
-0.418,0.416,-0.815,barbell-press,,40.0,7
-0.437,0.448,-0.784,barbell-press,,40.0,7
-0.452,0.45,-0.821,barbell-press,,40.0,7
-0.462,0.436,-0.856,barbell-press,,40.0,7
-0.482,0.444,-0.876,barbell-press,,40.0,7
-0.499,0.482,-0.788,barbell-press,,40.0,7
-0.504,0.468,-0.724,barbell-press,,40.0,7
-0.509,0.478,-0.739,barbell-press,,40.0,7
-0.528,0.493,-0.72,barbell-press,,40.0,7
-0.556,0.481,-0.704,barbell-press,,40.0,7
-0.583,0.477,-0.684,barbell-press,,40.0,7
-0.602,0.456,-0.696,barbell-press,,40.0,7
-0.627,0.435,-0.638,barbell-press,,40.0,7
-0.662,0.445,-0.615,barbell-press,,40.0,7
-0.697,0.456,-0.64,barbell-press,,40.0,7
-0.704,0.444,-0.623,barbell-press,,40.0,7
-0.692,0.408,-0.64,barbell-press,,40.0,7
-0.657,0.392,-0.66,barbell-press,,40.0,7
-0.631,0.4,-0.652,barbell-press,,40.0,7
-0.647,0.418,-0.765,barbell-press,,40.0,7
-0.68,0.44,-0.547,barbell-press,,40.0,7
-0.661,0.443,-0.622,barbell-press,,40.0,7
-0.63,0.466,-0.883,barbell-press,,40.0,7
-0.684,0.473,-0.394,barbell-press,,40.0,7
-0.664,0.448,-0.899,barbell-press,,40.0,7
-0.67,0.454,-0.533,barbell-press,,40.0,7
-0.616,0.4,-0.766,barbell-press,,40.0,7
-0.593,0.386,-0.53,barbell-press,,40.0,7
-0.547,0.365,-0.721,barbell-press,,40.0,7
-0.59,0.396,-0.584,barbell-press,,40.0,7
-0.636,0.389,-0.614,barbell-press,,40.0,7
-0.658,0.41,-0.582,barbell-press,,40.0,7
-0.681,0.42,-0.711,barbell-press,,40.0,7
-0.609,0.437,-0.769,barbell-press,,40.0,7
-0.568,0.429,-0.756,barbell-press,,40.0,7
-0.52,0.453,-0.857,barbell-press,,40.0,7
-0.523,0.465,-0.786,barbell-press,,40.0,7
-0.567,0.735,-1.052,barbell-press,,40.0,7
-0.797,0.704,-0.909,barbell-press,,40.0,7
-0.753,0.372,-0.64,barbell-press,,40.0,7
-0.772,0.279,-0.481,barbell-press,,40.0,7
-0.656,-0.024,-0.256,barbell-press,,40.0,7
-0.472,-0.152,-0.752,barbell-press,,40.0,7
-0.387,-0.043,-0.915,barbell-press,,40.0,7
-0.392,0.295,-0.813,barbell-press,,40.0,7
-0.422,0.364,-0.786,barbell-press,,40.0,7
-0.46,0.2,-0.718,barbell-press,,40.0,7
-0.543,0.113,-0.733,barbell-press,,40.0,7
-0.643,0.076,-0.513,barbell-press,,40.0,7
-0.649,0.045,-0.555,barbell-press,,40.0,7
-0.601,0.127,-0.808,barbell-press,,40.0,7
-0.494,0.131,-0.941,barbell-press,,40.0,7
-0.466,0.147,-0.769,barbell-press,,40.0,7
-0.458,0.109,-0.838,barbell-press,,40.0,7
-0.498,0.084,-0.842,barbell-press,,40.0,7
-0.541,0.068,-0.856,barbell-press,,40.0,7
-0.586,0.081,-0.858,barbell-press,,40.0,7
-0.583,0.071,-0.862,barbell-press,,40.0,7
-0.565,0.08,-0.907,barbell-press,,40.0,7
-0.544,0.088,-0.854,barbell-press,,40.0,7
-0.526,0.083,-0.78,barbell-press,,40.0,7
-0.525,0.085,-0.809,barbell-press,,40.0,7
-0.538,0.088,-0.869,barbell-press,,40.0,7
-0.539,0.079,-0.837,barbell-press,,40.0,7
-0.523,0.085,-0.827,barbell-press,,40.0,7
-0.499,0.087,-0.839,barbell-press,,40.0,7
-0.496,0.076,-0.865,barbell-press,,40.0,7
-0.512,0.068,-0.852,barbell-press,,40.0,7
-0.508,0.056,-0.839,barbell-press,,40.0,7
-0.485,0.063,-0.876,barbell-press,,40.0,7
-0.468,0.073,-0.884,barbell-press,,40.0,7
-0.471,0.057,-0.888,barbell-press,,40.0,7
-0.474,0.054,-0.878,barbell-press,,40.0,7
-0.461,0.064,-0.858,barbell-press,,40.0,7
-0.456,0.064,-0.854,barbell-press,,40.0,7
-0.451,0.067,-0.864,barbell-press,,40.0,7
-0.443,0.072,-0.856,barbell-press,,40.0,7
-0.446,0.07,-0.838,barbell-press,,40.0,7
-0.44,0.064,-0.821,barbell-press,,40.0,7
-0.44,0.077,-0.792,barbell-press,,40.0,7
-0.438,0.12,-0.808,barbell-press,,40.0,7
-0.427,0.149,-0.878,barbell-press,,40.0,7
-0.411,0.175,-0.94,barbell-press,,40.0,7
-0.425,0.197,-0.889,barbell-press,,40.0,7
-0.435,0.188,-0.86,barbell-press,,40.0,7
-0.448,0.212,-0.882,barbell-press,,40.0,7
-0.448,0.231,-0.897,barbell-press,,40.0,7
-0.448,0.225,-0.901,barbell-press,,40.0,7
-0.447,0.232,-0.882,barbell-press,,40.0,7
-0.434,0.233,-0.899,barbell-press,,40.0,7
-0.464,0.241,-0.828,barbell-press,,40.0,7
-0.456,0.255,-0.912,barbell-press,,40.0,7
-0.456,0.216,-0.903,barbell-press,,40.0,7
-0.456,0.224,-0.849,barbell-press,,40.0,7
-0.456,0.216,-0.902,barbell-press,,40.0,7
-0.448,0.193,-0.919,barbell-press,,40.0,7
-0.448,0.192,-0.883,barbell-press,,40.0,7
-0.433,0.163,-0.887,barbell-press,,40.0,7
-0.403,0.181,-0.838,barbell-press,,40.0,7
-0.407,0.198,-0.874,barbell-press,,40.0,7
-0.401,0.207,-0.846,barbell-press,,40.0,7
-0.393,0.208,-0.84,barbell-press,,40.0,7
-0.392,0.228,-0.84,barbell-press,,40.0,7
-0.392,0.245,-0.853,barbell-press,,40.0,7
-0.373,0.236,-0.918,barbell-press,,40.0,7
-0.362,0.226,-0.912,barbell-press,,40.0,7
-0.372,0.23,-0.916,barbell-press,,40.0,7
-0.376,0.226,-0.943,barbell-press,,40.0,7
-0.37,0.224,-0.935,barbell-press,,40.0,7
-0.363,0.229,-0.955,barbell-press,,40.0,7
-0.349,0.237,-0.968,barbell-press,,40.0,7
-0.344,0.255,-0.963,barbell-press,,40.0,7
-0.324,0.249,-0.935,barbell-press,,40.0,7
-0.317,0.23,-0.906,barbell-press,,40.0,7
-0.325,0.224,-0.905,barbell-press,,40.0,7
-0.315,0.233,-0.925,barbell-press,,40.0,7
-0.278,0.236,-0.91,barbell-press,,40.0,7
-0.256,0.232,-0.896,barbell-press,,40.0,7
-0.248,0.236,-0.888,barbell-press,,40.0,7
-0.236,0.236,-0.884,barbell-press,,40.0,7
-0.228,0.228,-0.914,barbell-press,,40.0,7
-0.228,0.21,-0.936,barbell-press,,40.0,7
-0.232,0.195,-0.923,barbell-press,,40.0,7
-0.222,0.213,-0.914,barbell-press,,40.0,7
-0.199,0.232,-0.94,barbell-press,,40.0,7
-0.187,0.22,-0.963,barbell-press,,40.0,7
-0.189,0.203,-0.963,barbell-press,,40.0,7
-0.174,0.226,-0.947,barbell-press,,40.0,7
-0.157,0.257,-0.938,barbell-press,,40.0,7
-0.177,0.235,-0.942,barbell-press,,40.0,7
-0.2,0.222,-0.93,barbell-press,,40.0,7
-0.198,0.218,-0.912,barbell-press,,40.0,7
-0.19,0.224,-0.912,barbell-press,,40.0,7
-0.191,0.231,-0.909,barbell-press,,40.0,7
-0.215,0.257,-0.902,barbell-press,,40.0,7
-0.199,0.268,-0.916,barbell-press,,40.0,7
-0.144,0.288,-0.85,barbell-press,,40.0,7
-0.107,0.275,-0.803,barbell-press,,40.0,7
-0.193,0.176,-0.715,barbell-press,,40.0,7
-0.281,0.111,-0.735,barbell-press,,40.0,7
-0.381,0.104,-0.734,barbell-press,,40.0,7
-0.46,0.105,-0.827,barbell-press,,40.0,7
-0.532,0.129,-1.038,barbell-press,,40.0,7
-0.648,0.152,-0.984,barbell-press,,40.0,7
-0.72,0.112,-1.088,barbell-press,,40.0,7
-0.673,0.12,-1.088,barbell-press,,40.0,7
-0.672,0.097,-0.959,barbell-press,,40.0,7
-0.665,0.156,-0.877,barbell-press,,40.0,7
-0.576,0.175,-0.763,barbell-press,,40.0,7
-0.454,0.24,-0.702,barbell-press,,40.0,7
-0.489,0.276,-0.738,barbell-press,,40.0,7
-0.578,0.376,-0.805,barbell-press,,40.0,7
-0.665,0.299,-0.949,barbell-press,,40.0,7
-0.713,0.247,-0.826,barbell-press,,40.0,7
-0.701,0.24,-0.798,barbell-press,,40.0,7
-0.64,0.271,-0.664,barbell-press,,40.0,7
-0.588,0.268,-0.618,barbell-press,,40.0,7
-0.576,0.229,-0.769,barbell-press,,40.0,7
-0.61,0.21,-0.732,barbell-press,,40.0,7
-0.646,0.191,-0.763,barbell-press,,40.0,7
-0.634,0.195,-0.732,barbell-press,,40.0,7
-0.598,0.211,-0.772,barbell-press,,40.0,7
-0.64,0.201,-0.813,barbell-press,,40.0,7
-0.692,0.192,-0.811,barbell-press,,40.0,7
-0.718,0.173,-0.803,barbell-press,,40.0,7
-0.733,0.179,-0.814,barbell-press,,40.0,7
-0.754,0.183,-0.846,barbell-press,,40.0,7
-0.777,0.154,-0.851,barbell-press,,40.0,7
-0.78,0.148,-0.84,barbell-press,,40.0,7
-0.788,0.132,-0.832,barbell-press,,40.0,7
-0.804,0.112,-0.824,barbell-press,,40.0,7
-0.808,0.12,-0.798,barbell-press,,40.0,7
-0.826,0.113,-0.775,barbell-press,,40.0,7
-0.865,0.091,-0.781,barbell-press,,40.0,7
-0.882,0.078,-0.76,barbell-press,,40.0,7
-0.863,0.085,-0.748,barbell-press,,40.0,7
-0.857,0.057,-0.719,barbell-press,,40.0,7
-0.867,0.008,-0.646,barbell-press,,40.0,7
-0.869,0.0,-0.659,barbell-press,,40.0,7
-0.886,-0.006,-0.6,barbell-press,,40.0,7
-0.864,-0.058,-0.542,barbell-press,,40.0,7
-0.849,-0.051,-0.593,barbell-press,,40.0,7
-0.804,-0.026,-0.618,barbell-press,,40.0,7
-0.79,-0.06,-0.527,barbell-press,,40.0,7
-0.786,-0.085,-0.437,barbell-press,,40.0,7
-0.789,-0.135,-0.428,barbell-press,,40.0,7
-0.781,-0.136,-0.433,barbell-press,,40.0,7
-0.804,-0.174,-0.361,barbell-press,,40.0,7
-0.79,-0.163,-0.371,barbell-press,,40.0,7
-0.829,-0.181,-0.391,barbell-press,,40.0,7
-0.802,-0.153,-0.386,barbell-press,,40.0,7
-0.827,-0.169,-0.411,barbell-press,,40.0,7
-0.866,-0.175,-0.444,barbell-press,,40.0,7
-0.904,-0.161,-0.376,barbell-press,,40.0,7
-0.896,-0.2,-0.383,barbell-press,,40.0,7
-0.856,-0.192,-0.321,barbell-press,,40.0,7
-0.895,-0.2,-0.32,barbell-press,,40.0,7
-0.896,-0.253,-0.328,barbell-press,,40.0,7
-0.889,-0.249,-0.35,barbell-press,,40.0,7
-0.91,-0.248,-0.279,barbell-press,,40.0,7
-0.933,-0.234,-0.186,barbell-press,,40.0,7
-0.915,-0.26,-0.218,barbell-press,,40.0,7
-0.905,-0.264,-0.401,barbell-press,,40.0,7
-0.931,-0.231,-0.419,barbell-press,,40.0,7
-0.897,-0.211,-0.312,barbell-press,,40.0,7
-0.92,-0.227,-0.288,barbell-press,,40.0,7
-0.903,-0.238,-0.22,barbell-press,,40.0,7
-0.878,-0.27,-0.224,barbell-press,,40.0,7
-0.89,-0.256,-0.167,barbell-press,,40.0,7
-0.885,-0.242,-0.104,barbell-press,,40.0,7
-0.891,-0.246,-0.183,barbell-press,,40.0,7
-0.896,-0.221,-0.17,barbell-press,,40.0,7
-0.907,-0.224,-0.17,barbell-press,,40.0,7
-0.912,-0.242,-0.143,barbell-press,,40.0,7
-0.947,-0.228,-0.115,barbell-press,,40.0,7
-0.954,-0.206,-0.136,barbell-press,,40.0,7
-0.944,-0.205,-0.157,barbell-press,,40.0,7
-0.966,-0.177,-0.164,barbell-press,,40.0,7
-0.962,-0.169,-0.108,barbell-press,,40.0,7
-0.965,-0.201,-0.127,barbell-press,,40.0,7
-0.992,-0.2,-0.156,barbell-press,,40.0,7
-0.954,-0.192,-0.078,barbell-press,,40.0,7
-0.9,-0.204,-0.021,barbell-press,,40.0,7
-0.907,-0.194,0.013,barbell-press,,40.0,7
-0.927,-0.173,0.037,barbell-press,,40.0,7
-0.913,-0.168,0.077,barbell-press,,40.0,7
-0.895,-0.168,0.15,barbell-press,,40.0,7
-0.926,-0.165,0.119,barbell-press,,40.0,7
-0.944,-0.149,0.051,barbell-press,,40.0,7
-0.96,-0.131,0.046,barbell-press,,40.0,7
-0.967,-0.141,0.019,barbell-press,,40.0,7
-0.984,-0.152,0.028,barbell-press,,40.0,7
-0.982,-0.15,0.063,barbell-press,,40.0,7
-0.988,-0.142,0.018,barbell-press,,40.0,7
-1.024,-0.131,0.02,barbell-press,,40.0,7
-1.022,-0.1,0.034,barbell-press,,40.0,7
-1.012,-0.063,0.115,barbell-press,,40.0,7
-0.987,-0.101,0.043,barbell-press,,40.0,7
-0.967,-0.12,0.129,barbell-press,,40.0,7
-1.007,-0.072,0.096,barbell-press,,40.0,7
-0.993,-0.07,0.157,barbell-press,,40.0,7
-0.937,-0.051,0.208,barbell-press,,40.0,7
-0.946,0.0,0.294,barbell-press,,40.0,7
-0.968,0.0,0.262,barbell-press,,40.0,7
-0.976,0.001,0.223,barbell-press,,40.0,7
-0.968,0.04,0.2,barbell-press,,40.0,7
-0.968,0.016,0.272,barbell-press,,40.0,7
-0.929,0.008,0.35,barbell-press,,40.0,7
-0.936,0.031,0.261,barbell-press,,40.0,7
-0.951,0.039,0.249,barbell-press,,40.0,7
-0.908,0.062,0.241,barbell-press,,40.0,7
-0.897,0.05,0.233,barbell-press,,40.0,7
-0.938,0.097,0.267,barbell-press,,40.0,7
-0.951,0.084,0.313,barbell-press,,40.0,7
-0.939,0.073,0.287,barbell-press,,40.0,7
-0.936,0.052,0.273,barbell-press,,40.0,7
-0.968,0.112,0.272,barbell-press,,40.0,7
-0.982,0.134,0.291,barbell-press,,40.0,7
-0.96,0.106,0.266,barbell-press,,40.0,7
-0.958,0.09,0.232,barbell-press,,40.0,7
-0.971,0.128,0.298,barbell-press,,40.0,7
-0.987,0.155,0.267,barbell-press,,40.0,7
-0.97,0.138,0.208,barbell-press,,40.0,7
-0.944,0.096,0.239,barbell-press,,40.0,7
-0.961,0.131,0.274,barbell-press,,40.0,7
-0.976,0.17,0.29,barbell-press,,40.0,7
-0.952,0.147,0.291,barbell-press,,40.0,7
-0.927,0.119,0.279,barbell-press,,40.0,7
-0.933,0.134,0.294,barbell-press,,40.0,7
-0.94,0.174,0.321,barbell-press,,40.0,7
-0.94,0.175,0.32,barbell-press,,40.0,7
-0.944,0.144,0.32,barbell-press,,40.0,7
-0.959,0.159,0.301,barbell-press,,40.0,7
-0.969,0.196,0.298,barbell-press,,40.0,7
-0.949,0.193,0.31,barbell-press,,40.0,7
-0.946,0.184,0.288,barbell-press,,40.0,7
-0.97,0.19,0.298,barbell-press,,40.0,7
-0.969,0.206,0.349,barbell-press,,40.0,7
-0.927,0.236,0.411,barbell-press,,40.0,7
-0.893,0.272,0.416,barbell-press,,40.0,7
-0.88,0.254,0.406,barbell-press,,40.0,7
-0.854,0.238,0.418,barbell-press,,40.0,7
-0.8,0.297,0.553,barbell-press,,40.0,7
-0.758,0.309,0.649,barbell-press,,40.0,7
-0.87,0.266,0.461,barbell-press,,40.0,7
-0.892,0.217,0.309,barbell-press,,40.0,7
-0.911,0.18,0.396,barbell-press,,40.0,7
-0.948,0.146,0.321,barbell-press,,40.0,7
-1.001,0.195,0.163,barbell-press,,40.0,7
-1.012,0.197,0.078,barbell-press,,40.0,7
-1.029,0.132,0.225,barbell-press,,40.0,7
-0.998,0.109,0.362,barbell-press,,40.0,7
-0.92,0.15,0.51,barbell-press,,40.0,7
-1.001,0.129,0.481,barbell-press,,40.0,7
-1.007,0.137,0.381,barbell-press,,40.0,7
-0.983,0.16,0.327,barbell-press,,40.0,7
-0.936,0.145,0.288,barbell-press,,40.0,7
-0.912,0.207,0.304,barbell-press,,40.0,7
-0.951,0.224,0.203,barbell-press,,40.0,7
-0.967,0.224,0.17,barbell-press,,40.0,7
-0.975,0.217,0.265,barbell-press,,40.0,7
-0.888,0.209,0.447,barbell-press,,40.0,7
-0.801,0.122,0.393,barbell-press,,40.0,7
-0.834,0.084,0.223,barbell-press,,40.0,7
-0.833,0.005,0.48,barbell-press,,40.0,7
-0.772,0.059,0.655,barbell-press,,40.0,7
-0.78,0.137,0.687,barbell-press,,40.0,7
-0.809,0.101,0.447,barbell-press,,40.0,7
-0.816,-0.03,0.372,barbell-press,,40.0,7
-0.768,-0.004,0.38,barbell-press,,40.0,7
-0.734,0.016,0.29,barbell-press,,40.0,7
-0.854,0.027,0.193,barbell-press,,40.0,7
-0.865,0.004,0.101,barbell-press,,40.0,7
-0.761,-0.046,0.094,barbell-press,,40.0,7
-0.846,-0.017,0.125,barbell-press,,40.0,7
-0.937,-0.028,0.1,barbell-press,,40.0,7
-0.868,-0.083,0.036,barbell-press,,40.0,7
-0.854,-0.08,0.022,barbell-press,,40.0,7
-0.94,-0.064,0.004,barbell-press,,40.0,7
-0.98,-0.068,-0.038,barbell-press,,40.0,7
-0.946,-0.141,-0.073,barbell-press,,40.0,7
-0.924,-0.183,-0.063,barbell-press,,40.0,7
-0.956,-0.164,-0.084,barbell-press,,40.0,7
-0.976,-0.164,-0.105,barbell-press,,40.0,7
-0.961,-0.197,-0.146,barbell-press,,40.0,7
-0.97,-0.211,-0.175,barbell-press,,40.0,7
-1.009,-0.177,-0.149,barbell-press,,40.0,7
-1.032,-0.184,-0.184,barbell-press,,40.0,7
-0.989,-0.22,-0.206,barbell-press,,40.0,7
-0.955,-0.225,-0.265,barbell-press,,40.0,7
-1.016,-0.2,-0.24,barbell-press,,40.0,7
-0.998,-0.2,-0.25,barbell-press,,40.0,7
-0.97,-0.224,-0.282,barbell-press,,40.0,7
-1.006,-0.255,-0.318,barbell-press,,40.0,7
-1.029,-0.194,-0.335,barbell-press,,40.0,7
-0.998,-0.2,-0.288,barbell-press,,40.0,7
-0.99,-0.198,-0.315,barbell-press,,40.0,7
-0.989,-0.192,-0.398,barbell-press,,40.0,7
-1.005,-0.189,-0.353,barbell-press,,40.0,7
-0.995,-0.18,-0.323,barbell-press,,40.0,7
-0.999,-0.2,-0.349,barbell-press,,40.0,7
-0.951,-0.198,-0.424,barbell-press,,40.0,7
-0.997,-0.182,-0.42,barbell-press,,40.0,7
-0.966,-0.168,-0.379,barbell-press,,40.0,7
-0.942,-0.167,-0.336,barbell-press,,40.0,7
-0.914,-0.16,-0.444,barbell-press,,40.0,7
-0.943,-0.159,-0.515,barbell-press,,40.0,7
-0.896,-0.12,-0.352,barbell-press,,40.0,7
-0.896,-0.12,-0.384,barbell-press,,40.0,7
-0.927,-0.128,-0.431,barbell-press,,40.0,7
-0.92,-0.113,-0.424,barbell-press,,40.0,7
-0.883,-0.097,-0.431,barbell-press,,40.0,7
-0.931,-0.132,-0.563,barbell-press,,40.0,7
-0.979,-0.1,-0.597,barbell-press,,40.0,7
-0.984,-0.089,-0.544,barbell-press,,40.0,7
-1.004,-0.088,-0.618,barbell-press,,40.0,7
-1.035,-0.095,-0.652,barbell-press,,40.0,7
-1.06,-0.096,-0.636,barbell-press,,40.0,7
-1.064,-0.128,-0.651,barbell-press,,40.0,7
-1.089,-0.105,-0.681,barbell-press,,40.0,7
-1.102,-0.108,-0.688,barbell-press,,40.0,7
-1.08,-0.106,-0.635,barbell-press,,40.0,7
-1.078,-0.104,-0.639,barbell-press,,40.0,7
-1.069,-0.104,-0.598,barbell-press,,40.0,7
-1.059,-0.131,-0.554,barbell-press,,40.0,7
-1.045,-0.123,-0.56,barbell-press,,40.0,7
-1.04,-0.117,-0.568,barbell-press,,40.0,7
-1.025,-0.13,-0.558,barbell-press,,40.0,7
-1.016,-0.136,-0.538,barbell-press,,40.0,7
-1.007,-0.136,-0.505,barbell-press,,40.0,7
-0.996,-0.127,-0.475,barbell-press,,40.0,7
-0.996,-0.116,-0.412,barbell-press,,40.0,7
-0.992,-0.112,-0.322,barbell-press,,40.0,7
-0.976,-0.128,-0.352,barbell-press,,40.0,7
-0.96,-0.159,-0.359,barbell-press,,40.0,7
-0.974,-0.165,-0.27,barbell-press,,40.0,7
-1.011,-0.138,-0.29,barbell-press,,40.0,7
-1.017,-0.133,-0.351,barbell-press,,40.0,7
-0.998,-0.162,-0.418,barbell-press,,40.0,7
-0.993,-0.17,-0.455,barbell-press,,40.0,7
-1.002,-0.157,-0.338,barbell-press,,40.0,7
-0.981,-0.155,-0.245,barbell-press,,40.0,7
-0.963,-0.168,-0.218,barbell-press,,40.0,7
-0.966,-0.174,-0.223,barbell-press,,40.0,7
-0.944,-0.161,-0.092,barbell-press,,40.0,7
-0.915,-0.18,-0.036,barbell-press,,40.0,7
-0.942,-0.164,-0.049,barbell-press,,40.0,7
-0.931,-0.15,-0.105,barbell-press,,40.0,7
-0.915,-0.149,-0.019,barbell-press,,40.0,7
-0.927,-0.168,0.01,barbell-press,,40.0,7
-0.924,-0.167,0.047,barbell-press,,40.0,7
-0.946,-0.16,-0.005,barbell-press,,40.0,7
-0.957,-0.161,-0.038,barbell-press,,40.0,7
-0.936,-0.166,-0.065,barbell-press,,40.0,7
-0.936,-0.152,0.057,barbell-press,,40.0,7
-0.937,-0.151,0.067,barbell-press,,40.0,7
-0.95,-0.144,0.107,barbell-press,,40.0,7
-0.921,-0.142,0.002,barbell-press,,40.0,7
-0.968,-0.088,0.074,barbell-press,,40.0,7
-0.968,-0.08,0.286,barbell-press,,40.0,7
-0.937,-0.127,0.28,barbell-press,,40.0,7
-0.966,-0.113,0.151,barbell-press,,40.0,7
-0.953,-0.082,0.248,barbell-press,,40.0,7
-0.959,-0.044,0.227,barbell-press,,40.0,7
-0.981,-0.011,0.181,barbell-press,,40.0,7
-0.928,-0.029,0.218,barbell-press,,40.0,7
-0.859,-0.046,0.244,barbell-press,,40.0,7
-0.868,0.012,0.288,barbell-press,,40.0,7
-0.885,0.044,0.368,barbell-press,,40.0,7
-0.844,-0.003,0.301,barbell-press,,40.0,7
-0.807,0.015,0.429,barbell-press,,40.0,7
-0.806,0.06,0.472,barbell-press,,40.0,7
-0.814,0.031,0.413,barbell-press,,40.0,7
-0.805,-0.007,0.415,barbell-press,,40.0,7
-0.772,0.062,0.43,barbell-press,,40.0,7
-0.803,0.145,0.383,barbell-press,,40.0,7
-0.861,0.126,0.334,barbell-press,,40.0,7
-0.875,0.094,0.391,barbell-press,,40.0,7
-0.867,0.108,0.452,barbell-press,,40.0,7
-0.874,0.144,0.426,barbell-press,,40.0,7
-0.889,0.174,0.381,barbell-press,,40.0,7
-0.909,0.18,0.337,barbell-press,,40.0,7
-0.92,0.176,0.325,barbell-press,,40.0,7
-0.92,0.18,0.386,barbell-press,,40.0,7
-0.92,0.192,0.436,barbell-press,,40.0,7
-0.908,0.185,0.382,barbell-press,,40.0,7
-0.892,0.139,0.331,barbell-press,,40.0,7
-0.874,0.122,0.39,barbell-press,,40.0,7
-0.863,0.154,0.455,barbell-press,,40.0,7
-0.866,0.142,0.419,barbell-press,,40.0,7
-0.868,0.113,0.349,barbell-press,,40.0,7
-0.879,0.134,0.379,barbell-press,,40.0,7
-0.831,0.152,0.476,barbell-press,,40.0,7
-0.76,0.134,0.497,barbell-press,,40.0,7
-0.79,0.076,0.32,barbell-press,,40.0,7
-0.901,0.115,0.191,barbell-press,,40.0,7
-0.863,0.144,0.387,barbell-press,,40.0,7
-0.734,0.148,0.536,barbell-press,,40.0,7
-0.775,0.153,0.441,barbell-press,,40.0,7
-0.846,0.107,0.275,barbell-press,,40.0,7
-0.792,0.017,0.281,barbell-press,,40.0,7
-0.725,0.007,0.415,barbell-press,,40.0,7
-0.754,0.106,0.486,barbell-press,,40.0,7
-0.781,0.021,0.217,barbell-press,,40.0,7
-0.85,0.002,0.088,barbell-press,,40.0,7
-0.69,0.019,0.334,barbell-press,,40.0,7
-0.885,0.044,0.153,barbell-press,,40.0,7
-0.942,-0.018,0.15,barbell-press,,40.0,7
-0.757,-0.067,-0.046,barbell-press,,40.0,7
-0.912,-0.168,0.008,barbell-press,,40.0,7
-0.984,-0.064,0.088,barbell-press,,40.0,7
-0.976,-0.08,-0.176,barbell-press,,40.0,7
-0.984,-0.164,-0.192,barbell-press,,40.0,7
-0.954,-0.161,-0.192,barbell-press,,40.0,7
-1.061,-0.138,-0.185,barbell-press,,40.0,7
-1.043,-0.143,-0.22,barbell-press,,40.0,7
-0.963,-0.214,-0.189,barbell-press,,40.0,7
-1.027,-0.183,-0.218,barbell-press,,40.0,7
-1.02,-0.183,-0.204,barbell-press,,40.0,7
-0.977,-0.197,-0.239,barbell-press,,40.0,7
-1.019,-0.187,-0.286,barbell-press,,40.0,7
-0.958,-0.184,-0.265,barbell-press,,40.0,7
-0.966,-0.178,-0.304,barbell-press,,40.0,7
-1.017,-0.147,-0.42,barbell-press,,40.0,7
-0.958,-0.17,-0.404,barbell-press,,40.0,7
-0.928,-0.195,-0.417,barbell-press,,40.0,7
-0.988,-0.189,-0.464,barbell-press,,40.0,7
-0.948,-0.2,-0.422,barbell-press,,40.0,7
-0.932,-0.223,-0.407,barbell-press,,40.0,7
-0.949,-0.207,-0.446,barbell-press,,40.0,7
-0.942,-0.173,-0.488,barbell-press,,40.0,7
-0.931,-0.169,-0.499,barbell-press,,40.0,7
-0.924,-0.176,-0.5,barbell-press,,40.0,7
-0.92,-0.18,-0.539,barbell-press,,40.0,7
-0.916,-0.167,-0.56,barbell-press,,40.0,7
-0.904,-0.152,-0.544,barbell-press,,40.0,7
-0.884,-0.152,-0.586,barbell-press,,40.0,7
-0.879,-0.13,-0.622,barbell-press,,40.0,7
-0.899,-0.097,-0.575,barbell-press,,40.0,7
-0.885,-0.085,-0.574,barbell-press,,40.0,7
-0.858,-0.08,-0.635,barbell-press,,40.0,7
-0.866,-0.071,-0.676,barbell-press,,40.0,7
-0.853,-0.056,-0.696,barbell-press,,40.0,7
-0.845,-0.067,-0.693,barbell-press,,40.0,7
-0.848,-0.085,-0.711,barbell-press,,40.0,7
-0.881,-0.075,-0.753,barbell-press,,40.0,7
-0.913,-0.069,-0.741,barbell-press,,40.0,7
-0.902,-0.076,-0.782,barbell-press,,40.0,7
-0.924,-0.066,-0.886,barbell-press,,40.0,7
-0.934,-0.072,-0.936,barbell-press,,40.0,7
-0.925,-0.075,-0.845,barbell-press,,40.0,7
-0.909,-0.087,-0.721,barbell-press,,40.0,7
-0.896,-0.083,-0.759,barbell-press,,40.0,7
-0.897,-0.097,-0.743,barbell-press,,40.0,7
-0.904,-0.108,-0.687,barbell-press,,40.0,7
-0.905,-0.129,-0.686,barbell-press,,40.0,7
-0.913,-0.079,-0.735,barbell-press,,40.0,7
-0.92,-0.153,-0.725,barbell-press,,40.0,7
-0.92,-0.158,-0.677,barbell-press,,40.0,7
-0.918,-0.121,-0.614,barbell-press,,40.0,7
-0.856,-0.153,-0.537,barbell-press,,40.0,7
-0.88,-0.215,-0.631,barbell-press,,40.0,7
-0.903,-0.169,-0.492,barbell-press,,40.0,7
-0.866,-0.168,-0.488,barbell-press,,40.0,7
-0.886,-0.161,-0.488,barbell-press,,40.0,7
-0.903,-0.167,-0.517,barbell-press,,40.0,7
-0.89,-0.175,-0.47,barbell-press,,40.0,7
-0.902,-0.148,-0.359,barbell-press,,40.0,7
-0.884,-0.124,-0.351,barbell-press,,40.0,7
-0.86,-0.16,-0.352,barbell-press,,40.0,7
-0.889,-0.175,-0.339,barbell-press,,40.0,7
-0.896,-0.17,-0.355,barbell-press,,40.0,7
-0.859,-0.187,-0.341,barbell-press,,40.0,7
-0.872,-0.21,-0.324,barbell-press,,40.0,7
-0.921,-0.187,-0.267,barbell-press,,40.0,7
-0.942,-0.159,-0.277,barbell-press,,40.0,7
-0.938,-0.163,-0.238,barbell-press,,40.0,7
-0.974,-0.163,-0.276,barbell-press,,40.0,7
-0.976,-0.202,-0.257,barbell-press,,40.0,7
-0.968,-0.204,-0.263,barbell-press,,40.0,7
-0.963,-0.192,-0.206,barbell-press,,40.0,7
-0.95,-0.178,-0.15,barbell-press,,40.0,7
-0.99,-0.168,-0.176,barbell-press,,40.0,7
-0.984,-0.177,-0.137,barbell-press,,40.0,7
-0.969,-0.171,-0.084,barbell-press,,40.0,7
-0.967,-0.168,-0.063,barbell-press,,40.0,7
-0.96,-0.176,-0.064,barbell-press,,40.0,7
-0.976,-0.164,-0.084,barbell-press,,40.0,7
-0.962,-0.145,-0.084,barbell-press,,40.0,7
-0.954,-0.147,-0.087,barbell-press,,40.0,7
-0.993,-0.15,-0.045,barbell-press,,40.0,7
-0.997,-0.126,0.011,barbell-press,,40.0,7
-0.959,-0.118,-0.029,barbell-press,,40.0,7
-0.959,-0.113,-0.049,barbell-press,,40.0,7
-0.984,-0.091,-0.027,barbell-press,,40.0,7
-0.989,-0.093,-0.001,barbell-press,,40.0,7
-0.993,-0.105,0.047,barbell-press,,40.0,7
-0.971,-0.137,0.044,barbell-press,,40.0,7
-0.962,-0.109,0.132,barbell-press,,40.0,7
-0.976,-0.078,0.104,barbell-press,,40.0,7
-0.989,-0.083,0.054,barbell-press,,40.0,7
-0.959,-0.104,0.036,barbell-press,,40.0,7
-0.985,-0.031,0.002,barbell-press,,40.0,7
-0.995,0.009,0.055,barbell-press,,40.0,7
-1.001,0.009,0.09,barbell-press,,40.0,7
-0.96,-0.026,0.114,barbell-press,,40.0,7
-0.96,0.019,0.183,barbell-press,,40.0,7
-0.958,0.046,0.175,barbell-press,,40.0,7
-0.936,0.021,0.163,barbell-press,,40.0,7
-0.938,-0.014,0.198,barbell-press,,40.0,7
-0.968,0.018,0.17,barbell-press,,40.0,7
-0.96,0.08,0.232,barbell-press,,40.0,7
-0.912,0.072,0.192,barbell-press,,40.0,7
-0.896,0.049,0.223,barbell-press,,40.0,7
-0.949,0.071,0.216,barbell-press,,40.0,7
-0.915,0.117,0.238,barbell-press,,40.0,7
-0.883,0.127,0.262,barbell-press,,40.0,7
-0.859,0.157,0.364,barbell-press,,40.0,7
-0.849,0.139,0.222,barbell-press,,40.0,7
-0.848,0.136,0.296,barbell-press,,40.0,7
-0.875,0.143,0.352,barbell-press,,40.0,7
-0.873,0.164,0.334,barbell-press,,40.0,7
-0.878,0.212,0.315,barbell-press,,40.0,7
-0.911,0.187,0.287,barbell-press,,40.0,7
-0.866,0.146,0.34,barbell-press,,40.0,7
-0.877,0.189,0.372,barbell-press,,40.0,7
-0.899,0.225,0.33,barbell-press,,40.0,7
-0.876,0.199,0.301,barbell-press,,40.0,7
-0.864,0.162,0.318,barbell-press,,40.0,7
-0.885,0.226,0.339,barbell-press,,40.0,7
-0.855,0.239,0.349,barbell-press,,40.0,7
-0.822,0.175,0.337,barbell-press,,40.0,7
-0.859,0.177,0.357,barbell-press,,40.0,7
-0.832,0.223,0.413,barbell-press,,40.0,7
-0.765,0.218,0.422,barbell-press,,40.0,7
-0.748,0.105,0.369,barbell-press,,40.0,7
-0.814,0.057,0.265,barbell-press,,40.0,7
-0.8,0.128,0.328,barbell-press,,40.0,7
-0.716,0.164,0.464,barbell-press,,40.0,7
-0.756,0.156,0.406,barbell-press,,40.0,7
-0.781,0.131,0.286,barbell-press,,40.0,7
-0.702,0.074,0.245,barbell-press,,40.0,7
-0.765,0.1,0.36,barbell-press,,40.0,7
-0.904,0.148,0.33,barbell-press,,40.0,7
-0.797,-0.02,0.051,barbell-press,,40.0,7
-0.751,-0.108,0.103,barbell-press,,40.0,7
-0.916,0.073,0.174,barbell-press,,40.0,7
-0.966,0.14,0.034,barbell-press,,40.0,7
-0.926,-0.039,-0.141,barbell-press,,40.0,7
-0.903,-0.083,-0.011,barbell-press,,40.0,7
-0.972,-0.036,-0.044,barbell-press,,40.0,7
-0.988,-0.025,-0.047,barbell-press,,40.0,7
-0.977,-0.13,-0.251,barbell-press,,40.0,7
-0.901,-0.194,-0.203,barbell-press,,40.0,7
-0.975,-0.156,-0.204,barbell-press,,40.0,7
-1.041,-0.097,-0.159,barbell-press,,40.0,7
-0.998,-0.114,-0.26,barbell-press,,40.0,7
-0.98,-0.184,-0.342,barbell-press,,40.0,7
-0.953,-0.179,-0.322,barbell-press,,40.0,7
-1.045,-0.128,-0.268,barbell-press,,40.0,7
-0.995,-0.134,-0.33,barbell-press,,40.0,7
-0.898,-0.254,-0.367,barbell-press,,40.0,7
-0.961,-0.199,-0.343,barbell-press,,40.0,7
-1.047,-0.113,-0.281,barbell-press,,40.0,7
-0.97,-0.128,-0.342,barbell-press,,40.0,7
-0.968,-0.181,-0.42,barbell-press,,40.0,7
-0.968,-0.147,-0.454,barbell-press,,40.0,7
-0.99,-0.159,-0.471,barbell-press,,40.0,7
-0.978,-0.174,-0.543,barbell-press,,40.0,7
-0.906,-0.211,-0.552,barbell-press,,40.0,7
-0.937,-0.196,-0.586,barbell-press,,40.0,7
-1.017,-0.159,-0.552,barbell-press,,40.0,7
-0.96,-0.126,-0.511,barbell-press,,40.0,7
-0.906,-0.215,-0.453,barbell-press,,40.0,7
-0.915,-0.19,-0.533,barbell-press,,40.0,7
-0.944,-0.182,-0.475,barbell-press,,40.0,7
-0.899,-0.178,-0.489,barbell-press,,40.0,7
-0.846,-0.187,-0.515,barbell-press,,40.0,7
-0.849,-0.175,-0.553,barbell-press,,40.0,7
-0.829,-0.152,-0.557,barbell-press,,40.0,7
-0.811,-0.155,-0.568,barbell-press,,40.0,7
-0.808,-0.155,-0.601,barbell-press,,40.0,7
-0.828,-0.137,-0.72,barbell-press,,40.0,7
-0.84,-0.118,-0.679,barbell-press,,40.0,7
-0.849,-0.117,-0.65,barbell-press,,40.0,7
-0.86,-0.129,-0.814,barbell-press,,40.0,7
-0.886,-0.132,-0.851,barbell-press,,40.0,7
-0.904,-0.136,-0.78,barbell-press,,40.0,7
-0.904,-0.148,-0.772,barbell-press,,40.0,7
-0.912,-0.164,-0.791,barbell-press,,40.0,7
-0.909,-0.169,-0.79,barbell-press,,40.0,7
-0.917,-0.153,-0.789,barbell-press,,40.0,7
-0.947,-0.141,-0.809,barbell-press,,40.0,7
-0.962,-0.13,-0.784,barbell-press,,40.0,7
-0.97,-0.123,-0.754,barbell-press,,40.0,7
-0.945,-0.134,-0.727,barbell-press,,40.0,7
-0.917,-0.141,-0.699,barbell-press,,40.0,7
-0.915,-0.136,-0.732,barbell-press,,40.0,7
-0.925,-0.131,-0.736,barbell-press,,40.0,7
-0.92,-0.134,-0.576,barbell-press,,40.0,7
-0.874,-0.166,-0.498,barbell-press,,40.0,7
-0.85,-0.17,-0.512,barbell-press,,40.0,7
-0.825,-0.202,-0.522,barbell-press,,40.0,7
-0.8,-0.206,-0.488,barbell-press,,40.0,7
-0.807,-0.197,-0.54,barbell-press,,40.0,7
-0.839,-0.185,-0.485,barbell-press,,40.0,7
-0.836,-0.194,-0.467,barbell-press,,40.0,7
-0.854,-0.21,-0.442,barbell-press,,40.0,7
-0.844,-0.223,-0.459,barbell-press,,40.0,7
-0.879,-0.214,-0.476,barbell-press,,40.0,7
-0.87,-0.193,-0.433,barbell-press,,40.0,7
-0.849,-0.208,-0.441,barbell-press,,40.0,7
-0.864,-0.2,-0.307,barbell-press,,40.0,7
-0.848,-0.208,-0.408,barbell-press,,40.0,7
-0.832,-0.216,-0.328,barbell-press,,40.0,7
-0.84,-0.2,-0.359,barbell-press,,40.0,7
-0.84,-0.192,-0.276,barbell-press,,40.0,7
-0.818,-0.199,-0.302,barbell-press,,40.0,7
-0.882,-0.229,-0.311,barbell-press,,40.0,7
-0.845,-0.232,-0.226,barbell-press,,40.0,7
-0.854,-0.232,-0.279,barbell-press,,40.0,7
-0.897,-0.212,-0.261,barbell-press,,40.0,7
-0.904,-0.235,-0.236,barbell-press,,40.0,7
-0.904,-0.175,-0.284,barbell-press,,40.0,7
-0.917,-0.198,-0.271,barbell-press,,40.0,7
-0.914,-0.233,-0.233,barbell-press,,40.0,7
-0.966,-0.21,-0.224,barbell-press,,40.0,7
-0.972,-0.171,-0.289,barbell-press,,40.0,7
-0.962,-0.166,-0.272,barbell-press,,40.0,7
-0.96,-0.201,-0.223,barbell-press,,40.0,7
-0.96,-0.205,-0.181,barbell-press,,40.0,7
-0.971,-0.184,-0.236,barbell-press,,40.0,7
-0.971,-0.181,-0.206,barbell-press,,40.0,7
-0.963,-0.189,-0.178,barbell-press,,40.0,7
-0.984,-0.182,-0.136,barbell-press,,40.0,7
-0.986,-0.162,-0.136,barbell-press,,40.0,7
-0.972,-0.156,-0.147,barbell-press,,40.0,7
-0.959,-0.169,-0.08,barbell-press,,40.0,7
-0.935,-0.184,-0.024,barbell-press,,40.0,7
-0.94,-0.172,-0.02,barbell-press,,40.0,7
-0.972,-0.144,-0.028,barbell-press,,40.0,7
-0.958,-0.158,-0.076,barbell-press,,40.0,7
-0.942,-0.177,-0.114,barbell-press,,40.0,7
-0.973,-0.148,-0.096,barbell-press,,40.0,7
-1.005,-0.133,-0.102,barbell-press,,40.0,7
-1.021,-0.155,-0.109,barbell-press,,40.0,7
-1.013,-0.154,-0.089,barbell-press,,40.0,7
-1.011,-0.139,-0.061,barbell-press,,40.0,7
-1.019,-0.125,-0.059,barbell-press,,40.0,7
-1.017,-0.11,-0.057,barbell-press,,40.0,7
-1.005,-0.081,-0.006,barbell-press,,40.0,7
-1.01,-0.072,0.072,barbell-press,,40.0,7
-0.984,-0.102,0.04,barbell-press,,40.0,7
-0.962,-0.122,0.032,barbell-press,,40.0,7
-0.978,-0.113,0.119,barbell-press,,40.0,7
-1.015,-0.049,0.231,barbell-press,,40.0,7
-1.0,-0.033,0.16,barbell-press,,40.0,7
-0.965,-0.114,-0.005,barbell-press,,40.0,7
-1.0,-0.072,-0.018,barbell-press,,40.0,7
-1.055,-0.013,0.092,barbell-press,,40.0,7
-1.045,0.014,0.187,barbell-press,,40.0,7
-1.013,-0.011,0.132,barbell-press,,40.0,7
-0.979,-0.046,0.083,barbell-press,,40.0,7
-1.031,-0.014,0.138,barbell-press,,40.0,7
-1.008,0.04,0.216,barbell-press,,40.0,7
-0.984,0.04,0.232,barbell-press,,40.0,7
-0.968,0.009,0.24,barbell-press,,40.0,7
-0.93,0.016,0.331,barbell-press,,40.0,7
-0.95,0.053,0.269,barbell-press,,40.0,7
-0.945,0.078,0.286,barbell-press,,40.0,7
-0.915,0.051,0.252,barbell-press,,40.0,7
-0.905,0.069,0.332,barbell-press,,40.0,7
-0.931,0.099,0.364,barbell-press,,40.0,7
-0.889,0.091,0.341,barbell-press,,40.0,7
-0.945,0.153,0.316,barbell-press,,40.0,7
-0.947,0.168,0.356,barbell-press,,40.0,7
-0.944,0.137,0.349,barbell-press,,40.0,7
-0.932,0.092,0.296,barbell-press,,40.0,7
-0.952,0.127,0.315,barbell-press,,40.0,7
-0.96,0.196,0.305,barbell-press,,40.0,7
-0.932,0.194,0.352,barbell-press,,40.0,7
-0.871,0.168,0.398,barbell-press,,40.0,7
-0.885,0.202,0.429,barbell-press,,40.0,7
-0.889,0.224,0.44,barbell-press,,40.0,7
-0.865,0.184,0.42,barbell-press,,40.0,7
-0.842,0.189,0.413,barbell-press,,40.0,7
-0.86,0.24,0.416,barbell-press,,40.0,7
-0.849,0.242,0.425,barbell-press,,40.0,7
-0.811,0.189,0.454,barbell-press,,40.0,7
-0.796,0.168,0.447,barbell-press,,40.0,7
-0.82,0.216,0.428,barbell-press,,40.0,7
-0.833,0.241,0.397,barbell-press,,40.0,7
-0.79,0.195,0.378,barbell-press,,40.0,7
-0.714,0.121,0.467,barbell-press,,40.0,7
-0.723,0.116,0.464,barbell-press,,40.0,7
-0.819,0.186,0.328,barbell-press,,40.0,7
-0.787,0.166,0.368,barbell-press,,40.0,7
-0.684,0.112,0.527,barbell-press,,40.0,7
-0.655,0.137,0.58,barbell-press,,40.0,7
-0.783,0.171,0.398,barbell-press,,40.0,7
-0.808,0.105,0.226,barbell-press,,40.0,7
-0.707,0.021,0.313,barbell-press,,40.0,7
-0.797,0.04,0.319,barbell-press,,40.0,7
-0.854,0.056,0.213,barbell-press,,40.0,7
-0.855,0.014,0.034,barbell-press,,40.0,7
-0.883,-0.032,0.058,barbell-press,,40.0,7
-0.906,0.032,0.118,barbell-press,,40.0,7
-0.96,0.017,0.031,barbell-press,,40.0,7
-0.987,-0.057,-0.144,barbell-press,,40.0,7
-0.923,-0.065,0.016,barbell-press,,40.0,7
-1.003,-0.073,-0.15,barbell-press,,40.0,7
-1.031,-0.084,-0.132,barbell-press,,40.0,7
-1.012,-0.124,-0.095,barbell-press,,40.0,7
-0.956,-0.174,-0.187,barbell-press,,40.0,7
-1.041,-0.128,-0.249,barbell-press,,40.0,7
-1.064,-0.128,-0.28,barbell-press,,40.0,7
-0.944,-0.2,-0.24,barbell-press,,40.0,7
-1.006,-0.216,-0.341,barbell-press,,40.0,7
-1.031,-0.178,-0.291,barbell-press,,40.0,7
-1.025,-0.191,-0.318,barbell-press,,40.0,7
-0.973,-0.192,-0.393,barbell-press,,40.0,7
-1.004,-0.199,-0.357,barbell-press,,40.0,7
-0.973,-0.165,-0.324,barbell-press,,40.0,7
-0.961,-0.14,-0.497,barbell-press,,40.0,7
-0.96,-0.163,-0.388,barbell-press,,40.0,7
-0.914,-0.201,-0.445,barbell-press,,40.0,7
-0.872,-0.227,-0.407,barbell-press,,40.0,7
-0.907,-0.213,-0.442,barbell-press,,40.0,7
-0.896,-0.22,-0.516,barbell-press,,40.0,7
-0.853,-0.212,-0.501,barbell-press,,40.0,7
-0.846,-0.214,-0.488,barbell-press,,40.0,7
-0.837,-0.21,-0.566,barbell-press,,40.0,7
-0.843,-0.219,-0.6,barbell-press,,40.0,7
-0.843,-0.213,-0.542,barbell-press,,40.0,7
-0.815,-0.213,-0.537,barbell-press,,40.0,7
-0.82,-0.221,-0.616,barbell-press,,40.0,7
-0.832,-0.214,-0.599,barbell-press,,40.0,7
-0.823,-0.217,-0.625,barbell-press,,40.0,7
-0.838,-0.206,-0.654,barbell-press,,40.0,7
-0.86,-0.196,-0.666,barbell-press,,40.0,7
-0.868,-0.2,-0.738,barbell-press,,40.0,7
-0.892,-0.196,-0.776,barbell-press,,40.0,7
-0.912,-0.196,-0.841,barbell-press,,40.0,7
-0.916,-0.185,-0.854,barbell-press,,40.0,7
-0.945,-0.175,-0.818,barbell-press,,40.0,7
-0.979,-0.184,-0.882,barbell-press,,40.0,7
-0.965,-0.194,-0.854,barbell-press,,40.0,7
-0.957,-0.208,-0.777,barbell-press,,40.0,7
-0.989,-0.208,-0.749,barbell-press,,40.0,7
-0.981,-0.208,-0.755,barbell-press,,40.0,7
-0.973,-0.203,-0.763,barbell-press,,40.0,7
-0.956,-0.199,-0.702,barbell-press,,40.0,7
-0.923,-0.214,-0.622,barbell-press,,40.0,7
-0.918,-0.208,-0.629,barbell-press,,40.0,7
-0.936,-0.206,-0.646,barbell-press,,40.0,7
-0.932,-0.198,-0.578,barbell-press,,40.0,7
-0.922,-0.192,-0.53,barbell-press,,40.0,7
-0.927,-0.196,-0.523,barbell-press,,40.0,7
-0.92,-0.213,-0.443,barbell-press,,40.0,7
-0.918,-0.191,-0.328,barbell-press,,40.0,7
-0.905,-0.144,-0.285,barbell-press,,40.0,7
-0.914,-0.203,-0.325,barbell-press,,40.0,7
-0.931,-0.219,-0.361,barbell-press,,40.0,7
-0.962,-0.169,-0.289,barbell-press,,40.0,7
-0.982,-0.179,-0.298,barbell-press,,40.0,7
-0.937,-0.239,-0.324,barbell-press,,40.0,7
-0.96,-0.2,-0.208,barbell-press,,40.0,7
-0.968,-0.168,-0.232,barbell-press,,40.0,7
-1.007,-0.215,-0.31,barbell-press,,40.0,7
-0.978,-0.193,-0.274,barbell-press,,40.0,7
-0.946,-0.177,-0.093,barbell-press,,40.0,7
-0.973,-0.147,0.022,barbell-press,,40.0,7
-0.955,-0.151,-0.096,barbell-press,,40.0,7
-0.959,-0.131,-0.133,barbell-press,,40.0,7
-0.974,-0.148,-0.095,barbell-press,,40.0,7
-0.969,-0.139,-0.008,barbell-press,,40.0,7
-0.961,-0.136,-0.103,barbell-press,,40.0,7
-0.947,-0.18,-0.058,barbell-press,,40.0,7
-0.969,-0.192,-0.09,barbell-press,,40.0,7
-0.964,-0.156,-0.068,barbell-press,,40.0,7
-0.942,-0.132,-0.015,barbell-press,,40.0,7
-0.936,-0.145,0.023,barbell-press,,40.0,7
-0.925,-0.141,0.038,barbell-press,,40.0,7
-0.969,-0.066,0.045,barbell-press,,40.0,7
-0.987,-0.032,0.064,barbell-press,,40.0,7
-0.969,-0.042,0.072,barbell-press,,40.0,7
-0.965,-0.088,0.042,barbell-press,,40.0,7
-0.973,-0.088,0.053,barbell-press,,40.0,7
-0.957,-0.081,0.053,barbell-press,,40.0,7
-0.971,-0.092,0.058,barbell-press,,40.0,7
-0.983,-0.079,0.068,barbell-press,,40.0,7
-0.984,-0.031,0.085,barbell-press,,40.0,7
-0.98,-0.016,0.128,barbell-press,,40.0,7
-0.98,-0.013,0.144,barbell-press,,40.0,7
-0.977,0.008,0.125,barbell-press,,40.0,7
-0.964,-0.003,0.094,barbell-press,,40.0,7
-0.971,-0.009,0.092,barbell-press,,40.0,7
-0.95,0.016,0.197,barbell-press,,40.0,7
-0.921,0.037,0.297,barbell-press,,40.0,7
-0.939,0.047,0.252,barbell-press,,40.0,7
-0.936,0.086,0.246,barbell-press,,40.0,7
-0.902,0.122,0.312,barbell-press,,40.0,7
-0.866,0.137,0.316,barbell-press,,40.0,7
-0.883,0.118,0.288,barbell-press,,40.0,7
-0.904,0.127,0.286,barbell-press,,40.0,7
-0.874,0.172,0.315,barbell-press,,40.0,7
-0.849,0.175,0.42,barbell-press,,40.0,7
-0.821,0.184,0.421,barbell-press,,40.0,7
-0.777,0.314,0.5,barbell-press,,40.0,7
-0.655,0.233,0.668,barbell-press,,40.0,7
-0.734,0.307,0.84,barbell-press,,40.0,7
-0.751,0.222,0.602,barbell-press,,40.0,7
-0.645,0.159,0.846,barbell-press,,40.0,7
-0.765,0.212,0.465,barbell-press,,40.0,7
-0.902,0.177,0.139,barbell-press,,40.0,7
-0.883,0.185,0.074,barbell-press,,40.0,7
-0.945,0.208,0.108,barbell-press,,40.0,7
-0.992,0.208,0.232,barbell-press,,40.0,7
-0.968,0.24,0.256,barbell-press,,40.0,7
-0.898,0.24,0.404,barbell-press,,40.0,7
-0.904,0.331,0.469,barbell-press,,40.0,7
-0.934,0.411,0.614,barbell-press,,40.0,7
-0.958,0.387,0.434,barbell-press,,40.0,7
-0.931,0.413,0.402,barbell-press,,40.0,7
-1.005,0.416,0.386,barbell-press,,40.0,7
-0.968,0.355,0.288,barbell-press,,40.0,7
-0.9,0.331,0.325,barbell-press,,40.0,7
-0.875,0.335,0.401,barbell-press,,40.0,7
-0.904,0.33,0.441,barbell-press,,40.0,7
-0.881,0.278,0.467,barbell-press,,40.0,7
-0.842,0.276,0.538,barbell-press,,40.0,7
-0.832,0.286,0.519,barbell-press,,40.0,7
-0.803,0.282,0.452,barbell-press,,40.0,7
-0.809,0.263,0.348,barbell-press,,40.0,7
-0.865,0.245,0.339,barbell-press,,40.0,7
-0.862,0.229,0.399,barbell-press,,40.0,7
-0.843,0.199,0.419,barbell-press,,40.0,7
-0.805,0.159,0.436,barbell-press,,40.0,7
-0.698,0.12,0.462,barbell-press,,40.0,7
-0.682,0.16,0.486,barbell-press,,40.0,7
-0.748,0.182,0.474,barbell-press,,40.0,7
-0.75,0.099,0.469,barbell-press,,40.0,7
-0.74,0.065,0.501,barbell-press,,40.0,7
-0.708,0.1,0.488,barbell-press,,40.0,7
-0.664,0.043,0.456,barbell-press,,40.0,7
-0.716,0.009,0.386,barbell-press,,40.0,7
-0.751,0.056,0.382,barbell-press,,40.0,7
-0.754,0.039,0.396,barbell-press,,40.0,7
-0.81,0.026,0.241,barbell-press,,40.0,7
-0.803,0.049,0.135,barbell-press,,40.0,7
-0.771,0.012,0.062,barbell-press,,40.0,7
-0.867,-0.044,0.061,barbell-press,,40.0,7
-1.006,0.003,0.03,barbell-press,,40.0,7
-0.921,-0.038,-0.048,barbell-press,,40.0,7
-0.933,-0.03,-0.128,barbell-press,,40.0,7
-1.031,-0.043,-0.023,barbell-press,,40.0,7
-0.99,-0.09,-0.099,barbell-press,,40.0,7
-1.017,-0.081,-0.195,barbell-press,,40.0,7
-1.058,-0.109,-0.155,barbell-press,,40.0,7
-1.081,-0.097,-0.171,barbell-press,,40.0,7
-1.031,-0.117,-0.195,barbell-press,,40.0,7
-1.096,-0.177,-0.261,barbell-press,,40.0,7
-1.046,-0.134,-0.351,barbell-press,,40.0,7
-1.039,-0.121,-0.432,barbell-press,,40.0,7
-1.093,-0.127,-0.243,barbell-press,,40.0,7
-1.061,-0.119,-0.368,barbell-press,,40.0,7
-1.026,-0.112,-0.478,barbell-press,,40.0,7
-1.063,-0.12,-0.438,barbell-press,,40.0,7
-1.016,-0.112,-0.361,barbell-press,,40.0,7
-0.976,-0.112,-0.431,barbell-press,,40.0,7
-0.984,-0.104,-0.362,barbell-press,,40.0,7
-0.976,-0.134,-0.406,barbell-press,,40.0,7
-0.976,-0.091,-0.468,barbell-press,,40.0,7
-0.94,-0.11,-0.479,barbell-press,,40.0,7
-0.907,-0.098,-0.494,barbell-press,,40.0,7
-0.911,-0.096,-0.538,barbell-press,,40.0,7
-0.912,-0.11,-0.483,barbell-press,,40.0,7
-0.865,-0.105,-0.465,barbell-press,,40.0,7
-0.889,-0.084,-0.594,barbell-press,,40.0,7
-0.89,-0.067,-0.548,barbell-press,,40.0,7
-0.845,-0.101,-0.497,barbell-press,,40.0,7
-0.85,-0.1,-0.548,barbell-press,,40.0,7
-0.885,-0.049,-0.609,barbell-press,,40.0,7
-0.89,-0.066,-0.624,barbell-press,,40.0,7
-0.905,-0.074,-0.685,barbell-press,,40.0,7
-0.917,-0.083,-0.728,barbell-press,,40.0,7
-0.931,-0.099,-0.752,barbell-press,,40.0,7
-0.946,-0.104,-0.765,barbell-press,,40.0,7
-0.952,-0.094,-0.788,barbell-press,,40.0,7
-0.99,-0.064,-0.795,barbell-press,,40.0,7
-1.002,-0.057,-0.783,barbell-press,,40.0,7
-0.974,-0.077,-0.763,barbell-press,,40.0,7
-0.969,-0.088,-0.765,barbell-press,,40.0,7
-0.964,-0.084,-0.751,barbell-press,,40.0,7
-0.94,-0.068,-0.7,barbell-press,,40.0,7
-0.913,-0.06,-0.653,barbell-press,,40.0,7
-0.892,-0.079,-0.614,barbell-press,,40.0,7
-0.895,-0.089,-0.571,barbell-press,,40.0,7
-0.904,-0.087,-0.547,barbell-press,,40.0,7
-0.894,-0.099,-0.542,barbell-press,,40.0,7
-0.877,-0.107,-0.549,barbell-press,,40.0,7
-0.887,-0.1,-0.581,barbell-press,,40.0,7
-0.912,-0.085,-0.54,barbell-press,,40.0,7
-0.907,-0.099,-0.449,barbell-press,,40.0,7
-0.896,-0.109,-0.434,barbell-press,,40.0,7
-0.905,-0.106,-0.496,barbell-press,,40.0,7
-0.92,-0.078,-0.435,barbell-press,,40.0,7
-0.898,-0.102,-0.376,barbell-press,,40.0,7
-0.908,-0.115,-0.381,barbell-press,,40.0,7
-0.922,-0.099,-0.408,barbell-press,,40.0,7
-0.927,-0.115,-0.415,barbell-press,,40.0,7
-0.915,-0.131,-0.309,barbell-press,,40.0,7
-0.887,-0.145,-0.335,barbell-press,,40.0,7
-0.892,-0.148,-0.32,barbell-press,,40.0,7
-0.97,-0.121,-0.265,barbell-press,,40.0,7
-0.921,-0.13,-0.272,barbell-press,,40.0,7
-0.929,-0.15,-0.268,barbell-press,,40.0,7
-0.934,-0.128,-0.209,barbell-press,,40.0,7
-0.904,-0.129,-0.224,barbell-press,,40.0,7
-0.904,-0.16,-0.24,barbell-press,,40.0,7
-0.936,-0.16,-0.12,barbell-press,,40.0,7
-0.928,-0.144,-0.174,barbell-press,,40.0,7
-0.92,-0.144,-0.206,barbell-press,,40.0,7
-0.957,-0.144,-0.193,barbell-press,,40.0,7
-0.953,-0.159,-0.119,barbell-press,,40.0,7
-0.923,-0.146,-0.141,barbell-press,,40.0,7
-0.941,-0.137,-0.179,barbell-press,,40.0,7
-0.958,-0.163,-0.109,barbell-press,,40.0,7
-0.967,-0.141,-0.069,barbell-press,,40.0,7
-0.942,-0.156,-0.018,barbell-press,,40.0,7
-0.942,-0.154,-0.078,barbell-press,,40.0,7
-0.981,-0.14,-0.108,barbell-press,,40.0,7
-0.968,-0.148,-0.052,barbell-press,,40.0,7
-0.972,-0.14,-0.091,barbell-press,,40.0,7
-0.97,-0.142,-0.112,barbell-press,,40.0,7
-0.99,-0.122,-0.106,barbell-press,,40.0,7
-0.984,-0.128,-0.072,barbell-press,,40.0,7
-0.976,-0.152,-0.072,barbell-press,,40.0,7
-0.986,-0.124,-0.136,barbell-press,,40.0,7
-1.002,-0.084,-0.109,barbell-press,,40.0,7
-1.003,-0.072,-0.019,barbell-press,,40.0,7
-1.005,-0.081,-0.044,barbell-press,,40.0,7
-0.999,-0.097,-0.043,barbell-press,,40.0,7
-0.996,-0.113,0.009,barbell-press,,40.0,7
-1.008,-0.099,0.024,barbell-press,,40.0,7
-1.012,-0.104,0.036,barbell-press,,40.0,7
-1.02,-0.124,0.021,barbell-press,,40.0,7
-1.025,-0.105,-0.03,barbell-press,,40.0,7
-0.998,-0.092,-0.014,barbell-press,,40.0,7
-0.993,-0.072,0.077,barbell-press,,40.0,7
-1.026,-0.027,0.093,barbell-press,,40.0,7
-1.025,-0.02,0.016,barbell-press,,40.0,7
-0.983,-0.025,0.022,barbell-press,,40.0,7
-0.949,-0.019,0.12,barbell-press,,40.0,7
-0.947,-0.051,0.178,barbell-press,,40.0,7
-0.967,-0.038,0.196,barbell-press,,40.0,7
-0.968,-0.041,0.142,barbell-press,,40.0,7
-0.905,-0.041,0.229,barbell-press,,40.0,7
-0.956,0.034,0.25,barbell-press,,40.0,7
-0.966,0.046,0.192,barbell-press,,40.0,7
-0.967,-0.008,0.126,barbell-press,,40.0,7
-0.985,0.03,0.097,barbell-press,,40.0,7
-0.952,0.048,0.145,barbell-press,,40.0,7
-0.958,0.014,0.203,barbell-press,,40.0,7
-0.995,0.051,0.263,barbell-press,,40.0,7
-1.009,0.073,0.245,barbell-press,,40.0,7
-0.954,0.08,0.163,barbell-press,,40.0,7
-0.975,0.078,0.277,barbell-press,,40.0,7
-0.961,0.059,0.238,barbell-press,,40.0,7
-0.976,0.113,0.193,barbell-press,,40.0,7
-0.976,0.136,0.224,barbell-press,,40.0,7
-0.96,0.096,0.232,barbell-press,,40.0,7
-0.976,0.127,0.271,barbell-press,,40.0,7
-0.961,0.166,0.264,barbell-press,,40.0,7
-0.967,0.228,0.257,barbell-press,,40.0,7
-0.939,0.181,0.263,barbell-press,,40.0,7
-0.893,0.126,0.307,barbell-press,,40.0,7
-0.888,0.141,0.354,barbell-press,,40.0,7
-0.908,0.233,0.333,barbell-press,,40.0,7
-0.885,0.241,0.301,barbell-press,,40.0,7
-0.873,0.194,0.309,barbell-press,,40.0,7
-0.859,0.197,0.42,barbell-press,,40.0,7
-0.899,0.25,0.398,barbell-press,,40.0,7
-0.9,0.252,0.36,barbell-press,,40.0,7
-0.867,0.142,0.281,barbell-press,,40.0,7
-0.913,0.19,0.313,barbell-press,,40.0,7
-0.975,0.302,0.314,barbell-press,,40.0,7
-0.916,0.287,0.309,barbell-press,,40.0,7
-0.869,0.201,0.323,barbell-press,,40.0,7
-0.925,0.239,0.277,barbell-press,,40.0,7
-0.94,0.28,0.278,barbell-press,,40.0,7
-0.899,0.237,0.301,barbell-press,,40.0,7
-0.866,0.176,0.327,barbell-press,,40.0,7
-0.914,0.165,0.286,barbell-press,,40.0,7
-0.908,0.206,0.348,barbell-press,,40.0,7
-0.827,0.224,0.398,barbell-press,,40.0,7
-0.768,0.156,0.404,barbell-press,,40.0,7
-0.805,0.111,0.337,barbell-press,,40.0,7
-0.817,0.172,0.271,barbell-press,,40.0,7
-0.738,0.203,0.378,barbell-press,,40.0,7
-0.737,0.146,0.412,barbell-press,,40.0,7
-0.731,0.088,0.387,barbell-press,,40.0,7
-0.703,0.073,0.374,barbell-press,,40.0,7
-0.748,0.094,0.367,barbell-press,,40.0,7
-0.795,0.085,0.304,barbell-press,,40.0,7
-0.803,0.032,0.094,barbell-press,,40.0,7
-0.783,0.005,0.077,barbell-press,,40.0,7
-0.834,0.039,0.09,barbell-press,,40.0,7
-0.909,0.058,0.056,barbell-press,,40.0,7
-0.862,-0.054,-0.074,barbell-press,,40.0,7
-0.837,-0.058,-0.121,barbell-press,,40.0,7
-0.943,-0.016,-0.109,barbell-press,,40.0,7
-0.964,-0.047,-0.159,barbell-press,,40.0,7
-0.948,-0.048,-0.172,barbell-press,,40.0,7
-0.969,-0.089,-0.271,barbell-press,,40.0,7
-0.981,-0.09,-0.262,barbell-press,,40.0,7
-1.007,-0.057,-0.26,barbell-press,,40.0,7
-0.938,-0.13,-0.354,barbell-press,,40.0,7
-0.963,-0.15,-0.291,barbell-press,,40.0,7
-0.998,-0.12,-0.339,barbell-press,,40.0,7
-0.952,-0.12,-0.4,barbell-press,,40.0,7
-0.96,-0.12,-0.4,barbell-press,,40.0,7
-0.944,-0.128,-0.488,barbell-press,,40.0,7
-0.975,-0.112,-0.457,barbell-press,,40.0,7
-0.968,-0.097,-0.502,barbell-press,,40.0,7
-0.908,-0.118,-0.519,barbell-press,,40.0,7
-0.933,-0.135,-0.527,barbell-press,,40.0,7
-0.943,-0.122,-0.599,barbell-press,,40.0,7
-0.937,-0.099,-0.559,barbell-press,,40.0,7
-0.943,-0.089,-0.525,barbell-press,,40.0,7
-0.931,-0.101,-0.58,barbell-press,,40.0,7
-0.915,-0.104,-0.612,barbell-press,,40.0,7
-0.899,-0.079,-0.572,barbell-press,,40.0,7
-0.877,-0.066,-0.616,barbell-press,,40.0,7
-0.902,-0.052,-0.638,barbell-press,,40.0,7
-0.888,-0.054,-0.599,barbell-press,,40.0,7
-0.851,-0.067,-0.63,barbell-press,,40.0,7
-0.879,-0.055,-0.665,barbell-press,,40.0,7
-0.858,-0.043,-0.645,barbell-press,,40.0,7
-0.856,-0.04,-0.7,barbell-press,,40.0,7
-0.854,-0.025,-0.731,barbell-press,,40.0,7
-0.828,-0.026,-0.713,barbell-press,,40.0,7
-0.826,-0.022,-0.69,barbell-press,,40.0,7
-0.837,-0.011,-0.685,barbell-press,,40.0,7
-0.818,0.001,-0.697,barbell-press,,40.0,7
-0.791,0.017,-0.695,barbell-press,,40.0,7
-0.788,0.024,-0.667,barbell-press,,40.0,7
-0.788,0.04,-0.684,barbell-press,,40.0,7
-0.784,0.048,-0.732,barbell-press,,40.0,7
-0.747,0.036,-0.696,barbell-press,,40.0,7
-0.704,0.043,-0.658,barbell-press,,40.0,7
-0.711,0.063,-0.693,barbell-press,,40.0,7
-0.73,0.069,-0.718,barbell-press,,40.0,7
-0.732,0.064,-0.713,barbell-press,,40.0,7
-0.7,0.073,-0.697,barbell-press,,40.0,7
-0.685,0.096,-0.728,barbell-press,,40.0,7
-0.699,0.109,-0.76,barbell-press,,40.0,7
-0.694,0.104,-0.738,barbell-press,,40.0,7
-0.681,0.113,-0.715,barbell-press,,40.0,7
-0.706,0.136,-0.784,barbell-press,,40.0,7
-0.708,0.132,-0.782,barbell-press,,40.0,7
-0.691,0.124,-0.765,barbell-press,,40.0,7
-0.679,0.139,-0.743,barbell-press,,40.0,7
-0.698,0.155,-0.797,barbell-press,,40.0,7
-0.672,0.168,-0.787,barbell-press,,40.0,7
-0.671,0.167,-0.793,barbell-press,,40.0,7
-0.666,0.163,-0.754,barbell-press,,40.0,7
-0.681,0.181,-0.761,barbell-press,,40.0,7
-0.683,0.16,-0.703,barbell-press,,40.0,7
-0.634,0.159,-0.701,barbell-press,,40.0,7
-0.666,0.153,-0.77,barbell-press,,40.0,7
-0.696,0.168,-0.659,barbell-press,,40.0,7
-0.688,0.176,-0.76,barbell-press,,40.0,7
-0.68,0.184,-0.736,barbell-press,,40.0,7
-0.649,0.161,-0.643,barbell-press,,40.0,7
-0.671,0.168,-0.762,barbell-press,,40.0,7
-0.642,0.205,-0.775,barbell-press,,40.0,7
-0.647,0.201,-0.769,barbell-press,,40.0,7
-0.641,0.179,-0.761,barbell-press,,40.0,7
-0.668,0.204,-0.781,barbell-press,,40.0,7
-0.686,0.188,-0.784,barbell-press,,40.0,7
-0.681,0.211,-0.804,barbell-press,,40.0,7
-0.68,0.216,-0.788,barbell-press,,40.0,7
-0.712,0.222,-0.816,barbell-press,,40.0,7
-0.726,0.243,-0.812,barbell-press,,40.0,7
-0.698,0.242,-0.802,barbell-press,,40.0,7
-0.688,0.222,-0.776,barbell-press,,40.0,7
-0.694,0.216,-0.716,barbell-press,,40.0,7
-0.69,0.216,-0.668,barbell-press,,40.0,7
-0.672,0.216,-0.699,barbell-press,,40.0,7
-0.69,0.205,-0.704,barbell-press,,40.0,7
-0.679,0.195,-0.645,barbell-press,,40.0,7
-0.649,0.172,-0.675,barbell-press,,40.0,7
-0.654,0.155,-0.64,barbell-press,,40.0,7
-0.645,0.161,-0.518,barbell-press,,40.0,7
-0.641,0.19,-0.594,barbell-press,,40.0,7
-0.639,0.199,-0.644,barbell-press,,40.0,7
-0.653,0.184,-0.554,barbell-press,,40.0,7
-0.664,0.172,-0.504,barbell-press,,40.0,7
-0.66,0.172,-0.565,barbell-press,,40.0,7
-0.657,0.172,-0.585,barbell-press,,40.0,7
-0.652,0.172,-0.531,barbell-press,,40.0,7
-0.673,0.163,-0.554,barbell-press,,40.0,7
-0.69,0.15,-0.574,barbell-press,,40.0,7
-0.677,0.172,-0.596,barbell-press,,40.0,7
-0.672,0.192,-0.587,barbell-press,,40.0,7
-0.68,0.195,-0.561,barbell-press,,40.0,7
-0.696,0.203,-0.605,barbell-press,,40.0,7
-0.694,0.213,-0.615,barbell-press,,40.0,7
-0.697,0.217,-0.646,barbell-press,,40.0,7
-0.712,0.198,-0.621,barbell-press,,40.0,7
-0.694,0.2,-0.584,barbell-press,,40.0,7
-0.71,0.222,-0.654,barbell-press,,40.0,7
-0.699,0.218,-0.728,barbell-press,,40.0,7
-0.68,0.227,-0.715,barbell-press,,40.0,7
-0.681,0.243,-0.664,barbell-press,,40.0,7
-0.688,0.255,-0.699,barbell-press,,40.0,7
-0.684,0.249,-0.679,barbell-press,,40.0,7
-0.657,0.259,-0.721,barbell-press,,40.0,7
-0.664,0.279,-0.663,barbell-press,,40.0,7
-0.663,0.271,-0.659,barbell-press,,40.0,7
-0.648,0.264,-0.704,barbell-press,,40.0,7
-0.656,0.272,-0.712,barbell-press,,40.0,7
-0.664,0.264,-0.72,barbell-press,,40.0,7
-0.848,0.4,-0.824,barbell-press,,40.0,7
-1.065,0.206,-0.335,barbell-press,,40.0,7
-0.631,0.261,-1.241,barbell-press,,40.0,7
-0.414,0.16,-0.223,barbell-press,,40.0,7
-0.56,0.32,-0.698,barbell-press,,40.0,7
-0.683,0.307,-0.624,barbell-press,,40.0,7
-0.605,0.269,-0.615,barbell-press,,40.0,7
-0.688,0.237,-0.582,barbell-press,,40.0,7
-0.604,0.239,-0.756,barbell-press,,40.0,7
-0.63,0.286,-0.48,barbell-press,,40.0,7
-0.653,0.302,-0.618,barbell-press,,40.0,7
-0.65,0.267,-0.616,barbell-press,,40.0,7
-0.606,0.328,-0.594,barbell-press,,40.0,7
-0.627,0.364,-0.616,barbell-press,,40.0,7
-0.646,0.351,-0.618,barbell-press,,40.0,7
-0.676,0.35,-0.599,barbell-press,,40.0,7
-0.683,0.347,-0.592,barbell-press,,40.0,7
-0.643,0.391,-0.571,barbell-press,,40.0,7
-0.639,0.396,-0.575,barbell-press,,40.0,7
-0.638,0.389,-0.609,barbell-press,,40.0,7
-0.646,0.421,-0.581,barbell-press,,40.0,7
-0.665,0.431,-0.584,barbell-press,,40.0,7
-0.663,0.442,-0.617,barbell-press,,40.0,7
-0.703,0.624,-0.533,barbell-press,,40.0,7
-0.74,0.631,-0.656,barbell-press,,40.0,7
-0.672,0.492,-0.696,barbell-press,,40.0,7
-0.627,0.538,-0.421,barbell-press,,40.0,7
-0.63,0.563,-0.302,barbell-press,,40.0,7
-0.608,0.538,-0.324,barbell-press,,40.0,7
-0.595,0.59,-0.347,barbell-press,,40.0,7
-0.557,0.674,-0.416,barbell-press,,40.0,7
-0.552,0.69,-0.381,barbell-press,,40.0,7
-0.58,0.567,-0.164,barbell-press,,40.0,7
-0.519,0.436,-0.008,barbell-press,,40.0,7
-0.391,0.38,-0.059,barbell-press,,40.0,7
-0.334,0.552,-0.317,barbell-press,,40.0,7
-0.456,0.76,-0.509,barbell-press,,40.0,7
-0.496,0.663,-0.299,barbell-press,,40.0,7
-0.49,0.732,-0.262,barbell-press,,40.0,7
-0.461,0.74,-0.35,barbell-press,,40.0,7
-0.429,0.718,-0.417,barbell-press,,40.0,7
-0.426,0.626,-0.352,barbell-press,,40.0,7
-0.335,0.356,-0.12,barbell-press,,40.0,7
-0.386,0.172,0.098,barbell-press,,40.0,7
-0.495,0.12,-0.132,barbell-press,,40.0,7
-0.513,-0.058,0.718,barbell-press,,40.0,7
-0.211,0.311,0.195,barbell-press,,40.0,7
0.266,0.894,-0.93,barbell-press,,40.0,7
0.399,1.093,-0.94,barbell-press,,40.0,7
0.383,1.336,-0.535,barbell-press,,40.0,7
0.361,1.32,-0.241,barbell-press,,40.0,7
0.463,1.272,-0.303,barbell-press,,40.0,7
0.619,1.28,-0.615,barbell-press,,40.0,7
0.7,1.234,-0.639,barbell-press,,40.0,7
0.667,1.143,-0.528,barbell-press,,40.0,7
0.613,1.019,-0.403,barbell-press,,40.0,7
0.644,0.88,-0.249,barbell-press,,40.0,7
0.739,0.85,-0.246,barbell-press,,40.0,7
0.807,0.875,-0.33,barbell-press,,40.0,7
0.823,0.82,-0.364,barbell-press,,40.0,7
0.863,0.717,-0.348,barbell-press,,40.0,7
0.853,0.601,-0.198,barbell-press,,40.0,7
0.848,0.551,-0.185,barbell-press,,40.0,7
0.872,0.55,-0.301,barbell-press,,40.0,7
0.933,0.552,-0.348,barbell-press,,40.0,7
0.952,0.523,-0.306,barbell-press,,40.0,7
0.902,0.451,-0.204,barbell-press,,40.0,7
0.864,0.408,-0.238,barbell-press,,40.0,7
0.872,0.4,-0.293,barbell-press,,40.0,7
0.885,0.41,-0.263,barbell-press,,40.0,7
0.863,0.391,-0.2,barbell-press,,40.0,7
0.848,0.357,-0.2,barbell-press,,40.0,7
0.853,0.349,-0.244,barbell-press,,40.0,7
0.887,0.37,-0.255,barbell-press,,40.0,7
0.929,0.38,-0.213,barbell-press,,40.0,7
0.952,0.355,-0.18,barbell-press,,40.0,7
0.964,0.336,-0.212,barbell-press,,40.0,7
0.976,0.336,-0.217,barbell-press,,40.0,7
0.991,0.336,-0.177,barbell-press,,40.0,7
0.996,0.329,-0.168,barbell-press,,40.0,7
0.989,0.31,-0.144,barbell-press,,40.0,7
0.987,0.296,-0.109,barbell-press,,40.0,7
1.001,0.296,-0.107,barbell-press,,40.0,7
1.016,0.284,-0.08,barbell-press,,40.0,7
1.019,0.256,-0.038,barbell-press,,40.0,7
1.032,0.243,-0.067,barbell-press,,40.0,7
1.063,0.248,-0.072,barbell-press,,40.0,7
1.105,0.253,-0.077,barbell-press,,40.0,7
1.134,0.256,-0.069,barbell-press,,40.0,7
1.158,0.22,-0.012,barbell-press,,40.0,7
1.176,0.186,-0.022,barbell-press,,40.0,7
1.171,0.192,-0.088,barbell-press,,40.0,7
1.155,0.188,-0.056,barbell-press,,40.0,7
1.169,0.167,-0.061,barbell-press,,40.0,7
1.175,0.162,-0.089,barbell-press,,40.0,7
1.169,0.181,-0.102,barbell-press,,40.0,7
1.174,0.218,-0.15,barbell-press,,40.0,7
1.16,0.23,-0.199,barbell-press,,40.0,7
1.16,0.206,-0.185,barbell-press,,40.0,7
1.161,0.176,-0.094,barbell-press,,40.0,7
1.176,0.184,-0.208,barbell-press,,40.0,7
1.168,0.192,-0.208,barbell-press,,40.0,7
