-0.752,0.168,-0.72,rope-triceps-extension,,50.0,15
-0.729,0.152,-0.689,rope-triceps-extension,,50.0,15
-0.713,0.198,-0.673,rope-triceps-extension,,50.0,15
-0.749,0.207,-0.612,rope-triceps-extension,,50.0,15
-0.759,0.201,-0.644,rope-triceps-extension,,50.0,15
-0.767,0.236,-0.612,rope-triceps-extension,,50.0,15
-0.761,0.31,-0.496,rope-triceps-extension,,50.0,15
-0.753,0.361,-0.46,rope-triceps-extension,,50.0,15
-0.739,0.408,-0.476,rope-triceps-extension,,50.0,15
-0.723,0.462,-0.46,rope-triceps-extension,,50.0,15
-0.707,0.459,-0.532,rope-triceps-extension,,50.0,15
-0.661,0.419,-0.626,rope-triceps-extension,,50.0,15
-0.618,0.372,-0.763,rope-triceps-extension,,50.0,15
-0.608,0.284,-0.753,rope-triceps-extension,,50.0,15
-0.625,0.267,-0.656,rope-triceps-extension,,50.0,15
-0.671,0.344,-0.652,rope-triceps-extension,,50.0,15
-0.683,0.344,-0.637,rope-triceps-extension,,50.0,15
-0.648,0.323,-0.64,rope-triceps-extension,,50.0,15
-0.637,0.33,-0.699,rope-triceps-extension,,50.0,15
-0.645,0.371,-0.674,rope-triceps-extension,,50.0,15
-0.638,0.416,-0.63,rope-triceps-extension,,50.0,15
-0.646,0.404,-0.615,rope-triceps-extension,,50.0,15
-0.643,0.353,-0.577,rope-triceps-extension,,50.0,15
-0.619,0.341,-0.522,rope-triceps-extension,,50.0,15
-0.608,0.398,-0.563,rope-triceps-extension,,50.0,15
-0.64,0.428,-0.652,rope-triceps-extension,,50.0,15
-0.718,0.397,-0.668,rope-triceps-extension,,50.0,15
-0.786,0.391,-0.634,rope-triceps-extension,,50.0,15
-0.801,0.415,-0.544,rope-triceps-extension,,50.0,15
-0.785,0.454,-0.464,rope-triceps-extension,,50.0,15
-0.76,0.538,-0.454,rope-triceps-extension,,50.0,15
-0.718,0.615,-0.474,rope-triceps-extension,,50.0,15
-0.662,0.637,-0.519,rope-triceps-extension,,50.0,15
-0.586,0.629,-0.466,rope-triceps-extension,,50.0,15
-0.51,0.65,-0.364,rope-triceps-extension,,50.0,15
-0.467,0.728,-0.302,rope-triceps-extension,,50.0,15
-0.451,0.791,-0.344,rope-triceps-extension,,50.0,15
-0.432,0.791,-0.464,rope-triceps-extension,,50.0,15
-0.406,0.748,-0.468,rope-triceps-extension,,50.0,15
-0.405,0.76,-0.48,rope-triceps-extension,,50.0,15
-0.422,0.755,-0.501,rope-triceps-extension,,50.0,15
-0.409,0.751,-0.584,rope-triceps-extension,,50.0,15
-0.381,0.824,-0.565,rope-triceps-extension,,50.0,15
-0.413,0.853,-0.486,rope-triceps-extension,,50.0,15
-0.438,0.789,-0.57,rope-triceps-extension,,50.0,15
-0.423,0.769,-0.586,rope-triceps-extension,,50.0,15
-0.413,0.779,-0.601,rope-triceps-extension,,50.0,15
-0.38,0.811,-0.602,rope-triceps-extension,,50.0,15
-0.32,0.859,-0.516,rope-triceps-extension,,50.0,15
-0.32,0.912,-0.432,rope-triceps-extension,,50.0,15
-0.304,0.896,-0.424,rope-triceps-extension,,50.0,15
-0.296,0.88,-0.408,rope-triceps-extension,,50.0,15
-0.304,0.841,-0.424,rope-triceps-extension,,50.0,15
-0.304,0.924,-0.378,rope-triceps-extension,,50.0,15
-0.319,1.01,-0.451,rope-triceps-extension,,50.0,15
-0.305,1.001,-0.478,rope-triceps-extension,,50.0,15
-0.304,0.971,-0.616,rope-triceps-extension,,50.0,15
-0.318,0.759,-0.311,rope-triceps-extension,,50.0,15
-0.184,0.66,-0.476,rope-triceps-extension,,50.0,15
-0.133,0.541,-0.745,rope-triceps-extension,,50.0,15
-0.219,0.806,-0.532,rope-triceps-extension,,50.0,15
-0.284,0.91,-0.593,rope-triceps-extension,,50.0,15
-0.296,0.926,-0.457,rope-triceps-extension,,50.0,15
-0.32,0.946,-0.354,rope-triceps-extension,,50.0,15
-0.346,0.911,-0.254,rope-triceps-extension,,50.0,15
-0.369,0.936,-0.218,rope-triceps-extension,,50.0,15
-0.387,0.985,-0.266,rope-triceps-extension,,50.0,15
-0.397,0.995,-0.331,rope-triceps-extension,,50.0,15
-0.379,0.939,-0.352,rope-triceps-extension,,50.0,15
-0.358,0.943,-0.332,rope-triceps-extension,,50.0,15
-0.342,0.98,-0.33,rope-triceps-extension,,50.0,15
-0.307,0.954,-0.355,rope-triceps-extension,,50.0,15
-0.269,0.909,-0.382,rope-triceps-extension,,50.0,15
-0.301,0.833,-0.312,rope-triceps-extension,,50.0,15
-0.383,0.81,-0.252,rope-triceps-extension,,50.0,15
-0.416,0.882,-0.252,rope-triceps-extension,,50.0,15
-0.408,0.888,-0.244,rope-triceps-extension,,50.0,15
-0.404,0.856,-0.24,rope-triceps-extension,,50.0,15
-0.407,0.864,-0.159,rope-triceps-extension,,50.0,15
-0.416,0.853,-0.032,rope-triceps-extension,,50.0,15
-0.416,0.81,-0.009,rope-triceps-extension,,50.0,15
-0.422,0.787,-0.042,rope-triceps-extension,,50.0,15
-0.438,0.837,-0.035,rope-triceps-extension,,50.0,15
-0.46,0.863,-0.058,rope-triceps-extension,,50.0,15
-0.464,0.862,-0.113,rope-triceps-extension,,50.0,15
-0.401,0.911,-0.008,rope-triceps-extension,,50.0,15
-0.334,0.977,0.019,rope-triceps-extension,,50.0,15
-0.344,0.991,0.035,rope-triceps-extension,,50.0,15
-0.39,0.894,0.129,rope-triceps-extension,,50.0,15
-0.41,0.8,0.21,rope-triceps-extension,,50.0,15
-0.412,0.829,0.224,rope-triceps-extension,,50.0,15
-0.393,0.93,0.165,rope-triceps-extension,,50.0,15
-0.38,0.93,0.164,rope-triceps-extension,,50.0,15
-0.448,0.909,0.207,rope-triceps-extension,,50.0,15
-0.52,0.944,0.169,rope-triceps-extension,,50.0,15
-0.464,0.975,0.209,rope-triceps-extension,,50.0,15
-0.411,0.846,0.101,rope-triceps-extension,,50.0,15
-0.436,0.78,0.096,rope-triceps-extension,,50.0,15
-0.478,0.996,0.261,rope-triceps-extension,,50.0,15
-0.56,1.156,0.328,rope-triceps-extension,,50.0,15
-0.567,1.075,0.173,rope-triceps-extension,,50.0,15
-0.536,0.912,0.352,rope-triceps-extension,,50.0,15
-0.504,0.808,0.2,rope-triceps-extension,,50.0,15
-0.488,0.816,0.153,rope-triceps-extension,,50.0,15
-0.45,0.915,0.16,rope-triceps-extension,,50.0,15
-0.448,0.875,0.19,rope-triceps-extension,,50.0,15
-0.463,0.865,0.09,rope-triceps-extension,,50.0,15
-0.493,0.914,0.059,rope-triceps-extension,,50.0,15
-0.496,0.906,0.042,rope-triceps-extension,,50.0,15
-0.496,0.884,0.142,rope-triceps-extension,,50.0,15
-0.509,0.887,0.2,rope-triceps-extension,,50.0,15
-0.538,0.901,0.123,rope-triceps-extension,,50.0,15
-0.531,0.904,-0.017,rope-triceps-extension,,50.0,15
-0.54,0.867,-0.017,rope-triceps-extension,,50.0,15
-0.556,0.91,0.101,rope-triceps-extension,,50.0,15
-0.554,0.881,0.177,rope-triceps-extension,,50.0,15
-0.478,0.887,0.083,rope-triceps-extension,,50.0,15
-0.353,0.907,-0.049,rope-triceps-extension,,50.0,15
-0.361,0.847,0.058,rope-triceps-extension,,50.0,15
-0.405,0.842,0.139,rope-triceps-extension,,50.0,15
-0.447,0.938,0.047,rope-triceps-extension,,50.0,15
-0.489,0.969,0.066,rope-triceps-extension,,50.0,15
-0.485,0.927,0.093,rope-triceps-extension,,50.0,15
-0.481,0.895,0.168,rope-triceps-extension,,50.0,15
-0.501,0.892,0.223,rope-triceps-extension,,50.0,15
-0.516,0.879,0.151,rope-triceps-extension,,50.0,15
-0.541,0.872,0.113,rope-triceps-extension,,50.0,15
-0.552,0.888,0.072,rope-triceps-extension,,50.0,15
-0.525,0.9,0.058,rope-triceps-extension,,50.0,15
-0.486,0.9,0.133,rope-triceps-extension,,50.0,15
-0.429,0.917,0.193,rope-triceps-extension,,50.0,15
-0.374,0.964,0.197,rope-triceps-extension,,50.0,15
-0.35,0.992,0.134,rope-triceps-extension,,50.0,15
-0.324,0.968,0.117,rope-triceps-extension,,50.0,15
-0.301,0.931,0.149,rope-triceps-extension,,50.0,15
-0.304,0.955,0.056,rope-triceps-extension,,50.0,15
-0.304,1.002,-0.164,rope-triceps-extension,,50.0,15
-0.257,1.022,-0.255,rope-triceps-extension,,50.0,15
-0.235,0.996,-0.223,rope-triceps-extension,,50.0,15
-0.283,0.955,-0.257,rope-triceps-extension,,50.0,15
-0.352,1.004,-0.282,rope-triceps-extension,,50.0,15
-0.409,1.06,-0.193,rope-triceps-extension,,50.0,15
-0.452,1.023,-0.112,rope-triceps-extension,,50.0,15
-0.515,0.919,-0.108,rope-triceps-extension,,50.0,15
-0.612,0.879,-0.088,rope-triceps-extension,,50.0,15
-0.67,0.858,-0.09,rope-triceps-extension,,50.0,15
-0.651,0.766,-0.099,rope-triceps-extension,,50.0,15
-0.614,0.696,-0.065,rope-triceps-extension,,50.0,15
-0.598,0.704,-0.083,rope-triceps-extension,,50.0,15
-0.571,0.787,-0.187,rope-triceps-extension,,50.0,15
-0.504,0.833,-0.111,rope-triceps-extension,,50.0,15
-0.496,0.856,-0.087,rope-triceps-extension,,50.0,15
-0.488,0.856,-0.047,rope-triceps-extension,,50.0,15
-0.48,0.848,0.007,rope-triceps-extension,,50.0,15
-0.488,0.887,-0.015,rope-triceps-extension,,50.0,15
-0.465,0.949,-0.001,rope-triceps-extension,,50.0,15
-0.464,0.945,-0.022,rope-triceps-extension,,50.0,15
-0.471,0.893,-0.068,rope-triceps-extension,,50.0,15
-0.472,0.852,-0.115,rope-triceps-extension,,50.0,15
-0.472,0.862,-0.085,rope-triceps-extension,,50.0,15
-0.472,0.905,-0.121,rope-triceps-extension,,50.0,15
-0.485,0.885,-0.188,rope-triceps-extension,,50.0,15
-0.481,0.873,-0.148,rope-triceps-extension,,50.0,15
-0.474,0.859,-0.066,rope-triceps-extension,,50.0,15
-0.478,0.899,-0.091,rope-triceps-extension,,50.0,15
-0.486,0.894,-0.104,rope-triceps-extension,,50.0,15
-0.488,0.876,-0.145,rope-triceps-extension,,50.0,15
-0.471,0.883,-0.177,rope-triceps-extension,,50.0,15
-0.464,0.905,-0.178,rope-triceps-extension,,50.0,15
-0.459,0.901,-0.208,rope-triceps-extension,,50.0,15
-0.472,0.875,-0.208,rope-triceps-extension,,50.0,15
-0.495,0.859,-0.195,rope-triceps-extension,,50.0,15
-0.494,0.851,-0.157,rope-triceps-extension,,50.0,15
-0.488,0.858,-0.146,rope-triceps-extension,,50.0,15
-0.497,0.864,-0.115,rope-triceps-extension,,50.0,15
-0.513,0.873,-0.07,rope-triceps-extension,,50.0,15
-0.52,0.876,-0.052,rope-triceps-extension,,50.0,15
-0.52,0.872,-0.077,rope-triceps-extension,,50.0,15
-0.512,0.868,-0.132,rope-triceps-extension,,50.0,15
-0.508,0.852,-0.156,rope-triceps-extension,,50.0,15
-0.508,0.844,-0.178,rope-triceps-extension,,50.0,15
-0.49,0.859,-0.197,rope-triceps-extension,,50.0,15
-0.455,0.869,-0.167,rope-triceps-extension,,50.0,15
-0.422,0.877,-0.141,rope-triceps-extension,,50.0,15
-0.414,0.905,-0.142,rope-triceps-extension,,50.0,15
-0.427,0.917,-0.155,rope-triceps-extension,,50.0,15
-0.435,0.923,-0.168,rope-triceps-extension,,50.0,15
-0.435,0.936,-0.179,rope-triceps-extension,,50.0,15
-0.419,0.922,-0.166,rope-triceps-extension,,50.0,15
-0.415,0.926,-0.167,rope-triceps-extension,,50.0,15
-0.436,0.909,-0.182,rope-triceps-extension,,50.0,15
-0.448,0.886,-0.184,rope-triceps-extension,,50.0,15
-0.45,0.897,-0.21,rope-triceps-extension,,50.0,15
-0.458,0.869,-0.214,rope-triceps-extension,,50.0,15
-0.464,0.855,-0.201,rope-triceps-extension,,50.0,15
-0.467,0.849,-0.164,rope-triceps-extension,,50.0,15
-0.48,0.858,-0.14,rope-triceps-extension,,50.0,15
-0.482,0.871,-0.114,rope-triceps-extension,,50.0,15
-0.496,0.864,-0.068,rope-triceps-extension,,50.0,15
-0.496,0.867,-0.033,rope-triceps-extension,,50.0,15
-0.498,0.896,-0.045,rope-triceps-extension,,50.0,15
-0.52,0.896,-0.002,rope-triceps-extension,,50.0,15
-0.512,0.896,-0.049,rope-triceps-extension,,50.0,15
-0.504,0.888,-0.088,rope-triceps-extension,,50.0,15
-0.472,0.872,-0.128,rope-triceps-extension,,50.0,15
-0.495,0.856,-0.128,rope-triceps-extension,,50.0,15
-0.504,0.833,-0.151,rope-triceps-extension,,50.0,15
-0.497,0.884,-0.115,rope-triceps-extension,,50.0,15
-0.489,0.881,-0.061,rope-triceps-extension,,50.0,15
-0.467,0.866,-0.049,rope-triceps-extension,,50.0,15
-0.471,0.913,-0.027,rope-triceps-extension,,50.0,15
-0.445,0.92,-0.092,rope-triceps-extension,,50.0,15
-0.453,0.933,-0.051,rope-triceps-extension,,50.0,15
-0.469,0.929,-0.033,rope-triceps-extension,,50.0,15
-0.472,0.903,-0.102,rope-triceps-extension,,50.0,15
-0.497,0.89,-0.126,rope-triceps-extension,,50.0,15
-0.498,0.882,-0.14,rope-triceps-extension,,50.0,15
-0.49,0.868,-0.173,rope-triceps-extension,,50.0,15
-0.494,0.847,-0.173,rope-triceps-extension,,50.0,15
-0.49,0.846,-0.162,rope-triceps-extension,,50.0,15
-0.499,0.859,-0.111,rope-triceps-extension,,50.0,15
-0.53,0.88,-0.056,rope-triceps-extension,,50.0,15
-0.559,0.893,0.011,rope-triceps-extension,,50.0,15
-0.553,0.906,0.08,rope-triceps-extension,,50.0,15
-0.534,0.893,-0.02,rope-triceps-extension,,50.0,15
-0.523,0.843,-0.095,rope-triceps-extension,,50.0,15
-0.489,0.82,-0.164,rope-triceps-extension,,50.0,15
-0.464,0.828,-0.22,rope-triceps-extension,,50.0,15
-0.456,0.84,-0.228,rope-triceps-extension,,50.0,15
-0.448,0.868,-0.188,rope-triceps-extension,,50.0,15
-0.456,0.896,-0.101,rope-triceps-extension,,50.0,15
-0.479,0.897,-0.042,rope-triceps-extension,,50.0,15
-0.5,0.895,-0.016,rope-triceps-extension,,50.0,15
-0.507,0.934,-0.056,rope-triceps-extension,,50.0,15
-0.525,0.96,-0.099,rope-triceps-extension,,50.0,15
-0.541,0.918,-0.117,rope-triceps-extension,,50.0,15
-0.524,0.885,-0.199,rope-triceps-extension,,50.0,15
-0.496,0.885,-0.243,rope-triceps-extension,,50.0,15
-0.475,0.904,-0.243,rope-triceps-extension,,50.0,15
-0.466,0.91,-0.227,rope-triceps-extension,,50.0,15
-0.474,0.888,-0.193,rope-triceps-extension,,50.0,15
-0.48,0.894,-0.123,rope-triceps-extension,,50.0,15
-0.474,0.91,-0.086,rope-triceps-extension,,50.0,15
-0.46,0.904,-0.069,rope-triceps-extension,,50.0,15
-0.479,0.904,-0.027,rope-triceps-extension,,50.0,15
-0.503,0.904,-0.02,rope-triceps-extension,,50.0,15
-0.496,0.899,-0.08,rope-triceps-extension,,50.0,15
-0.495,0.872,-0.12,rope-triceps-extension,,50.0,15
-0.487,0.872,-0.109,rope-triceps-extension,,50.0,15
-0.48,0.873,-0.032,rope-triceps-extension,,50.0,15
-0.479,0.881,-0.028,rope-triceps-extension,,50.0,15
-0.465,0.897,0.009,rope-triceps-extension,,50.0,15
-0.471,0.902,0.016,rope-triceps-extension,,50.0,15
-0.455,0.865,0.01,rope-triceps-extension,,50.0,15
-0.432,0.897,0.064,rope-triceps-extension,,50.0,15
-0.432,0.967,0.072,rope-triceps-extension,,50.0,15
-0.471,0.991,0.041,rope-triceps-extension,,50.0,15
-0.502,0.893,-0.12,rope-triceps-extension,,50.0,15
-0.564,0.806,-0.195,rope-triceps-extension,,50.0,15
-0.597,0.727,-0.171,rope-triceps-extension,,50.0,15
-0.629,0.684,-0.261,rope-triceps-extension,,50.0,15
-0.618,0.617,-0.321,rope-triceps-extension,,50.0,15
-0.609,0.601,-0.253,rope-triceps-extension,,50.0,15
-0.595,0.647,-0.073,rope-triceps-extension,,50.0,15
-0.612,0.604,-0.007,rope-triceps-extension,,50.0,15
-0.654,0.541,0.083,rope-triceps-extension,,50.0,15
-0.645,0.385,0.092,rope-triceps-extension,,50.0,15
-0.592,0.223,0.064,rope-triceps-extension,,50.0,15
-0.452,0.149,-0.044,rope-triceps-extension,,50.0,15
-0.253,0.188,-0.166,rope-triceps-extension,,50.0,15
-0.125,0.197,-0.139,rope-triceps-extension,,50.0,15
-0.042,0.246,0.029,rope-triceps-extension,,50.0,15
-0.005,0.382,0.143,rope-triceps-extension,,50.0,15
-0.036,0.567,0.331,rope-triceps-extension,,50.0,15
-0.041,0.645,0.36,rope-triceps-extension,,50.0,15
0.021,0.705,0.243,rope-triceps-extension,,50.0,15
0.079,0.776,0.211,rope-triceps-extension,,50.0,15
0.109,0.952,0.228,rope-triceps-extension,,50.0,15
0.176,1.033,0.267,rope-triceps-extension,,50.0,15
0.232,1.008,0.304,rope-triceps-extension,,50.0,15
0.232,1.092,0.224,rope-triceps-extension,,50.0,15
0.335,1.126,0.14,rope-triceps-extension,,50.0,15
0.548,1.102,0.067,rope-triceps-extension,,50.0,15
0.709,1.153,0.004,rope-triceps-extension,,50.0,15
0.843,1.147,0.087,rope-triceps-extension,,50.0,15
1.013,1.102,0.104,rope-triceps-extension,,50.0,15
1.208,1.054,-0.002,rope-triceps-extension,,50.0,15
1.382,0.954,-0.169,rope-triceps-extension,,50.0,15
1.522,0.928,-0.357,rope-triceps-extension,,50.0,15
1.629,0.899,-0.328,rope-triceps-extension,,50.0,15
1.612,0.921,-0.307,rope-triceps-extension,,50.0,15
1.586,0.935,-0.194,rope-triceps-extension,,50.0,15
1.556,0.923,0.043,rope-triceps-extension,,50.0,15
1.421,1.07,-0.032,rope-triceps-extension,,50.0,15
1.283,1.102,-0.075,rope-triceps-extension,,50.0,15
1.169,1.152,-0.053,rope-triceps-extension,,50.0,15
1.096,1.142,-0.019,rope-triceps-extension,,50.0,15
1.015,1.079,0.077,rope-triceps-extension,,50.0,15
0.963,0.99,0.088,rope-triceps-extension,,50.0,15
0.939,0.971,-0.018,rope-triceps-extension,,50.0,15
0.957,0.924,-0.083,rope-triceps-extension,,50.0,15
0.934,0.835,-0.042,rope-triceps-extension,,50.0,15
0.91,0.944,-0.066,rope-triceps-extension,,50.0,15
0.888,0.945,-0.096,rope-triceps-extension,,50.0,15
0.881,0.968,-0.089,rope-triceps-extension,,50.0,15
0.904,0.976,-0.12,rope-triceps-extension,,50.0,15
0.968,0.936,-0.176,rope-triceps-extension,,50.0,15
1.038,0.851,-0.145,rope-triceps-extension,,50.0,15
1.093,0.818,-0.212,rope-triceps-extension,,50.0,15
1.171,0.809,-0.253,rope-triceps-extension,,50.0,15
1.205,0.72,-0.117,rope-triceps-extension,,50.0,15
1.201,0.691,-0.061,rope-triceps-extension,,50.0,15
1.242,0.43,0.028,rope-triceps-extension,,50.0,15
1.214,0.501,-0.042,rope-triceps-extension,,50.0,15
1.188,0.6,-0.043,rope-triceps-extension,,50.0,15
1.23,0.453,-0.007,rope-triceps-extension,,50.0,15
1.234,0.619,-0.102,rope-triceps-extension,,50.0,15
1.145,0.746,-0.116,rope-triceps-extension,,50.0,15
1.023,0.708,0.015,rope-triceps-extension,,50.0,15
0.927,0.776,0.038,rope-triceps-extension,,50.0,15
0.858,0.825,0.072,rope-triceps-extension,,50.0,15
0.762,0.793,0.082,rope-triceps-extension,,50.0,15
0.723,0.836,0.096,rope-triceps-extension,,50.0,15
0.704,0.906,0.13,rope-triceps-extension,,50.0,15
0.609,0.867,0.154,rope-triceps-extension,,50.0,15
0.481,0.941,0.125,rope-triceps-extension,,50.0,15
0.437,0.998,0.209,rope-triceps-extension,,50.0,15
0.384,0.983,0.229,rope-triceps-extension,,50.0,15
0.317,1.048,0.165,rope-triceps-extension,,50.0,15
0.343,1.039,0.213,rope-triceps-extension,,50.0,15
0.367,0.942,0.185,rope-triceps-extension,,50.0,15
0.304,0.98,0.048,rope-triceps-extension,,50.0,15
0.225,1.041,0.011,rope-triceps-extension,,50.0,15
0.177,1.009,0.073,rope-triceps-extension,,50.0,15
0.135,1.024,0.141,rope-triceps-extension,,50.0,15
0.104,1.118,0.043,rope-triceps-extension,,50.0,15
0.094,1.137,0.007,rope-triceps-extension,,50.0,15
0.065,1.074,0.187,rope-triceps-extension,,50.0,15
0.017,1.092,0.175,rope-triceps-extension,,50.0,15
-0.046,1.053,0.219,rope-triceps-extension,,50.0,15
-0.101,1.026,0.19,rope-triceps-extension,,50.0,15
-0.14,1.029,0.108,rope-triceps-extension,,50.0,15
-0.195,0.954,0.107,rope-triceps-extension,,50.0,15
-0.281,0.914,0.153,rope-triceps-extension,,50.0,15
-0.316,1.012,0.11,rope-triceps-extension,,50.0,15
-0.282,0.984,0.18,rope-triceps-extension,,50.0,15
-0.311,0.841,0.171,rope-triceps-extension,,50.0,15
-0.403,0.828,0.058,rope-triceps-extension,,50.0,15
-0.417,0.873,-0.067,rope-triceps-extension,,50.0,15
-0.422,0.828,-0.028,rope-triceps-extension,,50.0,15
-0.408,0.754,0.03,rope-triceps-extension,,50.0,15
-0.412,0.707,-0.035,rope-triceps-extension,,50.0,15
-0.449,0.658,0.007,rope-triceps-extension,,50.0,15
-0.453,0.596,0.0,rope-triceps-extension,,50.0,15
-0.417,0.531,-0.001,rope-triceps-extension,,50.0,15
-0.431,0.419,-0.025,rope-triceps-extension,,50.0,15
-0.4,0.239,-0.064,rope-triceps-extension,,50.0,15
-0.376,0.169,-0.024,rope-triceps-extension,,50.0,15
-0.322,0.3,0.038,rope-triceps-extension,,50.0,15
-0.259,0.35,0.108,rope-triceps-extension,,50.0,15
-0.234,0.367,0.157,rope-triceps-extension,,50.0,15
-0.232,0.273,-0.059,rope-triceps-extension,,50.0,15
-0.332,0.221,-0.151,rope-triceps-extension,,50.0,15
-0.414,0.237,0.049,rope-triceps-extension,,50.0,15
-0.397,0.39,0.066,rope-triceps-extension,,50.0,15
-0.292,0.623,0.051,rope-triceps-extension,,50.0,15
-0.129,0.671,0.159,rope-triceps-extension,,50.0,15
-0.09,0.812,0.216,rope-triceps-extension,,50.0,15
-0.038,0.947,0.168,rope-triceps-extension,,50.0,15
-0.006,0.879,0.188,rope-triceps-extension,,50.0,15
0.041,0.842,0.194,rope-triceps-extension,,50.0,15
0.033,0.914,0.146,rope-triceps-extension,,50.0,15
0.091,1.0,0.145,rope-triceps-extension,,50.0,15
0.18,1.008,0.266,rope-triceps-extension,,50.0,15
0.266,0.968,0.231,rope-triceps-extension,,50.0,15
0.367,0.901,0.0,rope-triceps-extension,,50.0,15
0.457,1.01,0.039,rope-triceps-extension,,50.0,15
0.545,1.048,0.243,rope-triceps-extension,,50.0,15
0.612,1.007,0.274,rope-triceps-extension,,50.0,15
0.681,0.955,0.249,rope-triceps-extension,,50.0,15
0.793,0.877,0.127,rope-triceps-extension,,50.0,15
0.947,0.882,-0.009,rope-triceps-extension,,50.0,15
1.136,0.896,-0.108,rope-triceps-extension,,50.0,15
1.305,0.791,-0.192,rope-triceps-extension,,50.0,15
1.394,0.733,-0.233,rope-triceps-extension,,50.0,15
1.412,0.8,-0.201,rope-triceps-extension,,50.0,15
1.438,0.847,-0.092,rope-triceps-extension,,50.0,15
1.47,0.805,0.007,rope-triceps-extension,,50.0,15
1.398,0.804,0.054,rope-triceps-extension,,50.0,15
1.284,0.916,-0.084,rope-triceps-extension,,50.0,15
1.248,0.896,-0.075,rope-triceps-extension,,50.0,15
1.186,0.935,0.07,rope-triceps-extension,,50.0,15
1.051,0.997,0.017,rope-triceps-extension,,50.0,15
1.038,0.925,-0.064,rope-triceps-extension,,50.0,15
1.011,0.884,-0.171,rope-triceps-extension,,50.0,15
0.948,0.942,-0.118,rope-triceps-extension,,50.0,15
0.943,0.848,-0.059,rope-triceps-extension,,50.0,15
0.963,0.724,-0.065,rope-triceps-extension,,50.0,15
0.953,0.772,-0.154,rope-triceps-extension,,50.0,15
1.005,0.765,-0.107,rope-triceps-extension,,50.0,15
1.071,0.644,-0.022,rope-triceps-extension,,50.0,15
1.069,0.735,-0.139,rope-triceps-extension,,50.0,15
1.098,0.9,-0.028,rope-triceps-extension,,50.0,15
1.047,0.916,0.14,rope-triceps-extension,,50.0,15
1.041,0.709,0.161,rope-triceps-extension,,50.0,15
1.049,0.789,-0.048,rope-triceps-extension,,50.0,15
1.074,1.018,-0.033,rope-triceps-extension,,50.0,15
1.144,0.568,0.208,rope-triceps-extension,,50.0,15
1.12,0.776,-0.088,rope-triceps-extension,,50.0,15
1.221,0.877,-0.119,rope-triceps-extension,,50.0,15
1.315,0.53,0.139,rope-triceps-extension,,50.0,15
1.275,0.49,-0.042,rope-triceps-extension,,50.0,15
1.236,0.678,-0.253,rope-triceps-extension,,50.0,15
1.189,0.717,-0.236,rope-triceps-extension,,50.0,15
1.093,0.545,-0.092,rope-triceps-extension,,50.0,15
0.971,0.888,-0.065,rope-triceps-extension,,50.0,15
0.905,0.879,0.156,rope-triceps-extension,,50.0,15
0.857,0.662,0.304,rope-triceps-extension,,50.0,15
0.708,0.832,0.239,rope-triceps-extension,,50.0,15
0.585,0.969,0.222,rope-triceps-extension,,50.0,15
0.524,1.004,0.23,rope-triceps-extension,,50.0,15
0.5,0.943,0.308,rope-triceps-extension,,50.0,15
0.404,1.006,0.038,rope-triceps-extension,,50.0,15
0.413,1.012,-0.074,rope-triceps-extension,,50.0,15
0.459,0.962,0.08,rope-triceps-extension,,50.0,15
0.419,1.007,0.194,rope-triceps-extension,,50.0,15
0.356,1.04,0.216,rope-triceps-extension,,50.0,15
0.277,1.035,0.236,rope-triceps-extension,,50.0,15
0.187,0.999,0.219,rope-triceps-extension,,50.0,15
0.208,1.119,-0.346,rope-triceps-extension,,50.0,15
0.154,1.175,-0.145,rope-triceps-extension,,50.0,15
0.063,1.084,0.237,rope-triceps-extension,,50.0,15
0.027,1.011,0.102,rope-triceps-extension,,50.0,15
-0.036,0.996,0.096,rope-triceps-extension,,50.0,15
-0.099,0.97,0.144,rope-triceps-extension,,50.0,15
-0.179,0.95,0.056,rope-triceps-extension,,50.0,15
-0.237,0.983,0.047,rope-triceps-extension,,50.0,15
-0.207,1.005,0.222,rope-triceps-extension,,50.0,15
-0.213,1.001,0.27,rope-triceps-extension,,50.0,15
-0.305,0.94,0.168,rope-triceps-extension,,50.0,15
-0.399,0.861,0.061,rope-triceps-extension,,50.0,15
-0.424,0.833,0.081,rope-triceps-extension,,50.0,15
-0.398,0.893,0.118,rope-triceps-extension,,50.0,15
-0.356,0.839,0.045,rope-triceps-extension,,50.0,15
-0.409,0.66,-0.079,rope-triceps-extension,,50.0,15
-0.483,0.469,-0.109,rope-triceps-extension,,50.0,15
-0.494,0.434,-0.117,rope-triceps-extension,,50.0,15
-0.417,0.493,0.019,rope-triceps-extension,,50.0,15
-0.329,0.489,0.161,rope-triceps-extension,,50.0,15
-0.311,0.364,0.007,rope-triceps-extension,,50.0,15
-0.341,0.191,-0.127,rope-triceps-extension,,50.0,15
-0.321,0.104,-0.066,rope-triceps-extension,,50.0,15
-0.281,0.118,0.027,rope-triceps-extension,,50.0,15
-0.279,0.215,0.108,rope-triceps-extension,,50.0,15
-0.2,0.216,0.144,rope-triceps-extension,,50.0,15
-0.124,0.297,0.13,rope-triceps-extension,,50.0,15
-0.28,0.316,-0.058,rope-triceps-extension,,50.0,15
-0.264,0.408,0.072,rope-triceps-extension,,50.0,15
0.009,0.681,0.343,rope-triceps-extension,,50.0,15
0.111,0.799,0.273,rope-triceps-extension,,50.0,15
0.003,0.909,0.171,rope-triceps-extension,,50.0,15
0.053,0.798,0.176,rope-triceps-extension,,50.0,15
0.056,0.911,0.295,rope-triceps-extension,,50.0,15
0.122,0.942,0.224,rope-triceps-extension,,50.0,15
0.142,0.987,0.287,rope-triceps-extension,,50.0,15
0.2,0.992,0.233,rope-triceps-extension,,50.0,15
0.324,0.965,0.033,rope-triceps-extension,,50.0,15
0.451,1.127,0.153,rope-triceps-extension,,50.0,15
0.524,1.114,0.197,rope-triceps-extension,,50.0,15
0.676,1.129,0.213,rope-triceps-extension,,50.0,15
0.786,0.993,0.216,rope-triceps-extension,,50.0,15
0.874,0.952,0.047,rope-triceps-extension,,50.0,15
1.025,0.928,-0.179,rope-triceps-extension,,50.0,15
1.187,0.828,-0.223,rope-triceps-extension,,50.0,15
1.299,0.731,-0.088,rope-triceps-extension,,50.0,15
1.339,0.818,-0.07,rope-triceps-extension,,50.0,15
1.386,0.835,-0.225,rope-triceps-extension,,50.0,15
1.372,0.831,-0.158,rope-triceps-extension,,50.0,15
1.332,0.875,0.083,rope-triceps-extension,,50.0,15
1.291,0.886,-0.003,rope-triceps-extension,,50.0,15
1.235,0.899,-0.16,rope-triceps-extension,,50.0,15
1.159,0.961,0.026,rope-triceps-extension,,50.0,15
1.068,0.987,0.218,rope-triceps-extension,,50.0,15
1.045,0.901,-0.072,rope-triceps-extension,,50.0,15
1.06,0.92,-0.376,rope-triceps-extension,,50.0,15
1.021,0.985,-0.369,rope-triceps-extension,,50.0,15
0.977,0.894,-0.322,rope-triceps-extension,,50.0,15
0.947,0.816,-0.24,rope-triceps-extension,,50.0,15
0.933,0.735,-0.05,rope-triceps-extension,,50.0,15
0.933,0.624,0.109,rope-triceps-extension,,50.0,15
0.932,0.652,0.08,rope-triceps-extension,,50.0,15
0.993,0.737,0.075,rope-triceps-extension,,50.0,15
1.019,0.772,0.166,rope-triceps-extension,,50.0,15
0.992,0.743,0.108,rope-triceps-extension,,50.0,15
0.967,0.895,-0.187,rope-triceps-extension,,50.0,15
0.989,1.017,-0.24,rope-triceps-extension,,50.0,15
1.011,0.899,-0.097,rope-triceps-extension,,50.0,15
1.081,0.822,-0.144,rope-triceps-extension,,50.0,15
1.219,0.763,-0.103,rope-triceps-extension,,50.0,15
1.244,0.716,0.045,rope-triceps-extension,,50.0,15
1.209,0.59,0.046,rope-triceps-extension,,50.0,15
1.232,0.548,-0.061,rope-triceps-extension,,50.0,15
1.136,0.721,-0.181,rope-triceps-extension,,50.0,15
1.034,0.694,-0.027,rope-triceps-extension,,50.0,15
0.989,0.802,-0.057,rope-triceps-extension,,50.0,15
0.954,0.891,-0.106,rope-triceps-extension,,50.0,15
0.89,0.907,0.134,rope-triceps-extension,,50.0,15
0.802,0.735,0.319,rope-triceps-extension,,50.0,15
0.679,0.885,0.144,rope-triceps-extension,,50.0,15
0.656,1.056,0.136,rope-triceps-extension,,50.0,15
0.664,0.816,0.144,rope-triceps-extension,,50.0,15
0.493,0.971,-0.019,rope-triceps-extension,,50.0,15
0.381,1.257,-0.092,rope-triceps-extension,,50.0,15
0.562,0.885,0.336,rope-triceps-extension,,50.0,15
0.474,0.892,0.273,rope-triceps-extension,,50.0,15
0.35,1.196,-0.021,rope-triceps-extension,,50.0,15
0.406,1.106,0.119,rope-triceps-extension,,50.0,15
0.355,0.911,0.212,rope-triceps-extension,,50.0,15
0.151,1.053,0.131,rope-triceps-extension,,50.0,15
0.105,1.068,0.268,rope-triceps-extension,,50.0,15
0.225,0.861,0.272,rope-triceps-extension,,50.0,15
0.219,1.056,-0.244,rope-triceps-extension,,50.0,15
0.051,1.025,-0.012,rope-triceps-extension,,50.0,15
-0.012,0.963,0.236,rope-triceps-extension,,50.0,15
0.047,1.044,0.04,rope-triceps-extension,,50.0,15
-0.062,0.907,-0.017,rope-triceps-extension,,50.0,15
-0.277,0.832,-0.157,rope-triceps-extension,,50.0,15
-0.373,0.848,0.004,rope-triceps-extension,,50.0,15
-0.353,0.902,0.179,rope-triceps-extension,,50.0,15
-0.296,0.943,0.129,rope-triceps-extension,,50.0,15
-0.301,0.866,0.09,rope-triceps-extension,,50.0,15
-0.371,0.813,0.101,rope-triceps-extension,,50.0,15
-0.426,0.865,0.068,rope-triceps-extension,,50.0,15
-0.423,0.93,0.044,rope-triceps-extension,,50.0,15
-0.396,0.931,0.106,rope-triceps-extension,,50.0,15
-0.412,0.848,0.112,rope-triceps-extension,,50.0,15
-0.471,0.676,-0.04,rope-triceps-extension,,50.0,15
-0.522,0.505,-0.141,rope-triceps-extension,,50.0,15
-0.551,0.44,-0.04,rope-triceps-extension,,50.0,15
-0.54,0.44,0.082,rope-triceps-extension,,50.0,15
-0.467,0.459,0.077,rope-triceps-extension,,50.0,15
-0.372,0.522,0.131,rope-triceps-extension,,50.0,15
-0.299,0.588,0.264,rope-triceps-extension,,50.0,15
-0.226,0.564,0.212,rope-triceps-extension,,50.0,15
-0.176,0.345,0.115,rope-triceps-extension,,50.0,15
-0.182,0.003,0.057,rope-triceps-extension,,50.0,15
-0.264,-0.131,-0.058,rope-triceps-extension,,50.0,15
-0.34,-0.061,0.022,rope-triceps-extension,,50.0,15
-0.267,0.204,0.075,rope-triceps-extension,,50.0,15
-0.055,0.537,0.225,rope-triceps-extension,,50.0,15
0.039,0.645,0.355,rope-triceps-extension,,50.0,15
0.06,0.755,0.305,rope-triceps-extension,,50.0,15
0.047,0.868,0.329,rope-triceps-extension,,50.0,15
0.072,0.866,0.356,rope-triceps-extension,,50.0,15
0.035,0.972,0.011,rope-triceps-extension,,50.0,15
0.123,1.003,0.038,rope-triceps-extension,,50.0,15
0.216,1.04,0.065,rope-triceps-extension,,50.0,15
0.222,1.118,-0.16,rope-triceps-extension,,50.0,15
0.308,1.102,0.056,rope-triceps-extension,,50.0,15
0.379,1.213,0.056,rope-triceps-extension,,50.0,15
0.481,1.105,0.072,rope-triceps-extension,,50.0,15
0.591,1.159,0.08,rope-triceps-extension,,50.0,15
0.825,0.95,0.165,rope-triceps-extension,,50.0,15
0.946,0.997,0.016,rope-triceps-extension,,50.0,15
1.064,0.933,-0.134,rope-triceps-extension,,50.0,15
1.16,0.906,-0.29,rope-triceps-extension,,50.0,15
1.261,0.904,-0.333,rope-triceps-extension,,50.0,15
1.398,0.876,-0.266,rope-triceps-extension,,50.0,15
1.471,0.756,-0.215,rope-triceps-extension,,50.0,15
1.413,0.816,-0.075,rope-triceps-extension,,50.0,15
1.374,0.852,-0.087,rope-triceps-extension,,50.0,15
1.311,0.862,0.177,rope-triceps-extension,,50.0,15
1.277,0.938,0.298,rope-triceps-extension,,50.0,15
1.163,0.948,0.022,rope-triceps-extension,,50.0,15
1.028,0.985,-0.031,rope-triceps-extension,,50.0,15
0.963,1.011,0.104,rope-triceps-extension,,50.0,15
0.946,0.927,0.163,rope-triceps-extension,,50.0,15
0.939,0.872,0.027,rope-triceps-extension,,50.0,15
0.941,0.843,-0.308,rope-triceps-extension,,50.0,15
0.98,0.735,-0.55,rope-triceps-extension,,50.0,15
1.02,0.636,-0.529,rope-triceps-extension,,50.0,15
1.08,0.627,-0.408,rope-triceps-extension,,50.0,15
1.103,0.584,-0.175,rope-triceps-extension,,50.0,15
1.078,0.598,-0.04,rope-triceps-extension,,50.0,15
1.042,0.713,-0.075,rope-triceps-extension,,50.0,15
1.007,0.776,-0.008,rope-triceps-extension,,50.0,15
1.008,0.724,0.14,rope-triceps-extension,,50.0,15
1.02,0.841,0.039,rope-triceps-extension,,50.0,15
1.071,0.969,-0.121,rope-triceps-extension,,50.0,15
1.182,0.759,-0.005,rope-triceps-extension,,50.0,15
1.216,0.61,0.056,rope-triceps-extension,,50.0,15
1.161,0.72,-0.17,rope-triceps-extension,,50.0,15
1.177,0.715,-0.254,rope-triceps-extension,,50.0,15
1.241,0.471,-0.062,rope-triceps-extension,,50.0,15
1.175,0.465,-0.154,rope-triceps-extension,,50.0,15
1.088,0.764,-0.302,rope-triceps-extension,,50.0,15
1.065,0.738,-0.146,rope-triceps-extension,,50.0,15
0.991,0.549,0.119,rope-triceps-extension,,50.0,15
0.806,0.772,-0.039,rope-triceps-extension,,50.0,15
0.721,1.015,-0.088,rope-triceps-extension,,50.0,15
0.804,0.8,0.248,rope-triceps-extension,,50.0,15
0.692,0.743,0.241,rope-triceps-extension,,50.0,15
0.53,1.055,0.009,rope-triceps-extension,,50.0,15
0.596,1.04,0.087,rope-triceps-extension,,50.0,15
0.701,0.793,0.246,rope-triceps-extension,,50.0,15
0.711,0.801,0.013,rope-triceps-extension,,50.0,15
0.59,1.114,-0.177,rope-triceps-extension,,50.0,15
0.574,0.933,0.222,rope-triceps-extension,,50.0,15
0.537,0.919,0.259,rope-triceps-extension,,50.0,15
0.327,1.116,-0.017,rope-triceps-extension,,50.0,15
0.31,1.024,0.124,rope-triceps-extension,,50.0,15
0.24,0.776,0.248,rope-triceps-extension,,50.0,15
0.128,1.056,-0.024,rope-triceps-extension,,50.0,15
0.175,1.048,-0.436,rope-triceps-extension,,50.0,15
0.168,0.987,0.123,rope-triceps-extension,,50.0,15
0.116,0.962,-0.012,rope-triceps-extension,,50.0,15
0.003,1.004,0.012,rope-triceps-extension,,50.0,15
-0.051,0.958,0.13,rope-triceps-extension,,50.0,15
-0.077,0.952,0.2,rope-triceps-extension,,50.0,15
-0.107,1.013,0.099,rope-triceps-extension,,50.0,15
-0.092,1.037,0.14,rope-triceps-extension,,50.0,15
-0.127,0.962,0.159,rope-triceps-extension,,50.0,15
-0.18,0.855,0.052,rope-triceps-extension,,50.0,15
-0.273,0.919,0.005,rope-triceps-extension,,50.0,15
-0.284,0.98,0.109,rope-triceps-extension,,50.0,15
-0.262,0.91,0.203,rope-triceps-extension,,50.0,15
-0.371,0.84,0.041,rope-triceps-extension,,50.0,15
-0.455,0.791,-0.104,rope-triceps-extension,,50.0,15
-0.434,0.733,-0.044,rope-triceps-extension,,50.0,15
-0.416,0.738,0.0,rope-triceps-extension,,50.0,15
-0.416,0.706,-0.031,rope-triceps-extension,,50.0,15
-0.347,0.561,-0.038,rope-triceps-extension,,50.0,15
-0.323,0.364,-0.085,rope-triceps-extension,,50.0,15
-0.373,0.261,-0.092,rope-triceps-extension,,50.0,15
-0.342,0.15,-0.076,rope-triceps-extension,,50.0,15
-0.266,0.055,-0.028,rope-triceps-extension,,50.0,15
-0.186,0.102,0.041,rope-triceps-extension,,50.0,15
-0.124,0.176,0.024,rope-triceps-extension,,50.0,15
-0.15,0.188,0.03,rope-triceps-extension,,50.0,15
-0.174,0.25,0.084,rope-triceps-extension,,50.0,15
-0.117,0.423,0.099,rope-triceps-extension,,50.0,15
-0.035,0.578,0.196,rope-triceps-extension,,50.0,15
0.016,0.672,0.335,rope-triceps-extension,,50.0,15
0.031,0.756,0.227,rope-triceps-extension,,50.0,15
0.068,0.767,-0.017,rope-triceps-extension,,50.0,15
0.091,0.796,0.161,rope-triceps-extension,,50.0,15
0.117,0.927,0.526,rope-triceps-extension,,50.0,15
0.199,1.041,0.454,rope-triceps-extension,,50.0,15
0.336,1.053,0.4,rope-triceps-extension,,50.0,15
0.462,1.001,0.21,rope-triceps-extension,,50.0,15
0.507,1.083,0.028,rope-triceps-extension,,50.0,15
0.643,1.147,0.115,rope-triceps-extension,,50.0,15
0.818,1.005,0.267,rope-triceps-extension,,50.0,15
0.827,1.06,0.165,rope-triceps-extension,,50.0,15
0.876,1.064,0.096,rope-triceps-extension,,50.0,15
1.084,0.953,0.158,rope-triceps-extension,,50.0,15
1.255,0.779,0.036,rope-triceps-extension,,50.0,15
1.315,0.795,-0.129,rope-triceps-extension,,50.0,15
1.412,0.744,-0.329,rope-triceps-extension,,50.0,15
1.453,0.66,-0.248,rope-triceps-extension,,50.0,15
1.407,0.72,-0.146,rope-triceps-extension,,50.0,15
1.384,0.867,-0.184,rope-triceps-extension,,50.0,15
1.375,0.714,-0.192,rope-triceps-extension,,50.0,15
1.265,0.87,-0.16,rope-triceps-extension,,50.0,15
1.148,0.895,0.166,rope-triceps-extension,,50.0,15
1.091,0.926,0.031,rope-triceps-extension,,50.0,15
1.058,0.906,0.039,rope-triceps-extension,,50.0,15
1.041,0.846,0.12,rope-triceps-extension,,50.0,15
1.019,0.804,0.085,rope-triceps-extension,,50.0,15
1.037,0.702,-0.081,rope-triceps-extension,,50.0,15
1.02,0.763,-0.377,rope-triceps-extension,,50.0,15
0.976,0.889,-0.484,rope-triceps-extension,,50.0,15
0.994,0.762,-0.372,rope-triceps-extension,,50.0,15
1.0,0.766,-0.3,rope-triceps-extension,,50.0,15
1.012,0.77,-0.108,rope-triceps-extension,,50.0,15
1.016,0.714,0.029,rope-triceps-extension,,50.0,15
1.01,0.678,0.027,rope-triceps-extension,,50.0,15
1.042,0.632,0.045,rope-triceps-extension,,50.0,15
1.056,0.649,0.062,rope-triceps-extension,,50.0,15
1.072,0.615,0.037,rope-triceps-extension,,50.0,15
1.101,0.576,-0.097,rope-triceps-extension,,50.0,15
1.137,0.588,-0.155,rope-triceps-extension,,50.0,15
1.196,0.506,0.006,rope-triceps-extension,,50.0,15
1.162,0.568,0.047,rope-triceps-extension,,50.0,15
1.097,0.667,-0.034,rope-triceps-extension,,50.0,15
1.116,0.667,0.057,rope-triceps-extension,,50.0,15
1.14,0.522,0.225,rope-triceps-extension,,50.0,15
1.065,0.558,0.076,rope-triceps-extension,,50.0,15
1.036,0.708,-0.12,rope-triceps-extension,,50.0,15
1.087,0.689,-0.016,rope-triceps-extension,,50.0,15
1.041,0.674,0.107,rope-triceps-extension,,50.0,15
0.901,0.795,0.025,rope-triceps-extension,,50.0,15
0.829,0.947,-0.045,rope-triceps-extension,,50.0,15
0.806,0.875,0.092,rope-triceps-extension,,50.0,15
0.671,0.795,0.131,rope-triceps-extension,,50.0,15
0.523,1.003,-0.061,rope-triceps-extension,,50.0,15
0.488,1.081,-0.144,rope-triceps-extension,,50.0,15
0.515,0.973,0.083,rope-triceps-extension,,50.0,15
0.465,0.983,0.216,rope-triceps-extension,,50.0,15
0.371,1.039,0.137,rope-triceps-extension,,50.0,15
0.383,1.052,0.12,rope-triceps-extension,,50.0,15
0.426,0.942,0.191,rope-triceps-extension,,50.0,15
0.342,1.015,0.032,rope-triceps-extension,,50.0,15
0.29,1.094,-0.011,rope-triceps-extension,,50.0,15
0.332,0.996,0.287,rope-triceps-extension,,50.0,15
0.341,1.011,0.372,rope-triceps-extension,,50.0,15
0.269,1.004,0.088,rope-triceps-extension,,50.0,15
0.158,1.123,-0.013,rope-triceps-extension,,50.0,15
0.156,1.127,0.237,rope-triceps-extension,,50.0,15
0.24,0.992,0.317,rope-triceps-extension,,50.0,15
0.068,1.077,0.032,rope-triceps-extension,,50.0,15
-0.099,1.038,-0.074,rope-triceps-extension,,50.0,15
-0.151,0.993,0.05,rope-triceps-extension,,50.0,15
-0.112,1.04,0.128,rope-triceps-extension,,50.0,15
-0.12,0.936,0.32,rope-triceps-extension,,50.0,15
-0.252,0.928,0.227,rope-triceps-extension,,50.0,15
-0.347,0.966,0.194,rope-triceps-extension,,50.0,15
-0.292,0.946,0.065,rope-triceps-extension,,50.0,15
-0.273,0.842,0.063,rope-triceps-extension,,50.0,15
-0.343,0.818,0.107,rope-triceps-extension,,50.0,15
-0.45,0.662,-0.167,rope-triceps-extension,,50.0,15
-0.471,0.463,-0.222,rope-triceps-extension,,50.0,15
-0.445,0.285,-0.057,rope-triceps-extension,,50.0,15
-0.46,0.165,-0.148,rope-triceps-extension,,50.0,15
-0.413,0.03,-0.201,rope-triceps-extension,,50.0,15
-0.307,-0.155,-0.171,rope-triceps-extension,,50.0,15
-0.28,-0.152,-0.16,rope-triceps-extension,,50.0,15
-0.233,-0.065,-0.072,rope-triceps-extension,,50.0,15
-0.187,0.109,-0.023,rope-triceps-extension,,50.0,15
-0.198,0.162,0.001,rope-triceps-extension,,50.0,15
-0.24,0.209,0.024,rope-triceps-extension,,50.0,15
-0.261,0.442,0.09,rope-triceps-extension,,50.0,15
-0.188,0.72,0.319,rope-triceps-extension,,50.0,15
-0.085,0.841,0.338,rope-triceps-extension,,50.0,15
-0.053,0.88,0.17,rope-triceps-extension,,50.0,15
-0.014,0.915,0.138,rope-triceps-extension,,50.0,15
0.061,0.95,0.186,rope-triceps-extension,,50.0,15
0.087,1.041,0.196,rope-triceps-extension,,50.0,15
0.113,1.092,0.234,rope-triceps-extension,,50.0,15
0.156,1.08,0.32,rope-triceps-extension,,50.0,15
0.133,1.111,0.191,rope-triceps-extension,,50.0,15
0.129,1.122,0.055,rope-triceps-extension,,50.0,15
0.246,1.167,0.152,rope-triceps-extension,,50.0,15
0.425,1.175,0.29,rope-triceps-extension,,50.0,15
0.581,1.067,0.434,rope-triceps-extension,,50.0,15
0.694,1.066,0.24,rope-triceps-extension,,50.0,15
0.785,1.05,-0.009,rope-triceps-extension,,50.0,15
0.794,1.043,0.122,rope-triceps-extension,,50.0,15
0.755,1.045,0.044,rope-triceps-extension,,50.0,15
0.779,1.021,-0.039,rope-triceps-extension,,50.0,15
0.835,0.974,-0.013,rope-triceps-extension,,50.0,15
0.894,0.913,0.077,rope-triceps-extension,,50.0,15
1.045,0.668,0.014,rope-triceps-extension,,50.0,15
1.296,0.355,-0.061,rope-triceps-extension,,50.0,15
1.432,0.276,-0.219,rope-triceps-extension,,50.0,15
1.425,0.391,-0.275,rope-triceps-extension,,50.0,15
1.377,0.569,-0.447,rope-triceps-extension,,50.0,15
1.295,0.632,-0.315,rope-triceps-extension,,50.0,15
1.238,0.733,-0.022,rope-triceps-extension,,50.0,15
1.219,0.782,0.221,rope-triceps-extension,,50.0,15
1.166,0.903,0.328,rope-triceps-extension,,50.0,15
1.063,0.969,0.324,rope-triceps-extension,,50.0,15
1.049,0.877,0.254,rope-triceps-extension,,50.0,15
1.069,0.827,0.053,rope-triceps-extension,,50.0,15
0.968,0.92,-0.056,rope-triceps-extension,,50.0,15
0.928,0.888,-0.072,rope-triceps-extension,,50.0,15
0.889,0.849,-0.188,rope-triceps-extension,,50.0,15
0.88,0.947,-0.466,rope-triceps-extension,,50.0,15
0.917,0.937,-0.405,rope-triceps-extension,,50.0,15
0.956,0.87,-0.356,rope-triceps-extension,,50.0,15
1.003,0.85,-0.273,rope-triceps-extension,,50.0,15
1.057,0.827,-0.187,rope-triceps-extension,,50.0,15
1.05,0.804,-0.053,rope-triceps-extension,,50.0,15
1.081,0.82,-0.025,rope-triceps-extension,,50.0,15
1.121,0.889,-0.083,rope-triceps-extension,,50.0,15
1.147,0.624,0.05,rope-triceps-extension,,50.0,15
1.14,0.62,-0.073,rope-triceps-extension,,50.0,15
1.19,0.574,-0.138,rope-triceps-extension,,50.0,15
1.184,0.54,-0.191,rope-triceps-extension,,50.0,15
1.079,0.776,-0.294,rope-triceps-extension,,50.0,15
1.124,0.805,-0.205,rope-triceps-extension,,50.0,15
1.165,0.657,-0.028,rope-triceps-extension,,50.0,15
1.037,0.747,-0.042,rope-triceps-extension,,50.0,15
0.917,0.89,-0.085,rope-triceps-extension,,50.0,15
1.051,0.617,-0.197,rope-triceps-extension,,50.0,15
1.028,0.596,-0.058,rope-triceps-extension,,50.0,15
0.824,0.754,0.186,rope-triceps-extension,,50.0,15
0.709,0.891,0.188,rope-triceps-extension,,50.0,15
0.671,0.829,0.279,rope-triceps-extension,,50.0,15
0.515,0.766,0.366,rope-triceps-extension,,50.0,15
0.36,0.924,0.248,rope-triceps-extension,,50.0,15
0.409,0.974,0.18,rope-triceps-extension,,50.0,15
0.447,0.92,0.192,rope-triceps-extension,,50.0,15
0.333,0.948,0.132,rope-triceps-extension,,50.0,15
0.258,1.041,-0.224,rope-triceps-extension,,50.0,15
0.304,1.11,-0.212,rope-triceps-extension,,50.0,15
0.358,1.053,0.333,rope-triceps-extension,,50.0,15
0.275,1.007,0.168,rope-triceps-extension,,50.0,15
0.079,1.051,0.055,rope-triceps-extension,,50.0,15
0.013,1.059,0.176,rope-triceps-extension,,50.0,15
0.018,1.02,0.198,rope-triceps-extension,,50.0,15
-0.012,0.95,0.131,rope-triceps-extension,,50.0,15
-0.157,1.028,0.048,rope-triceps-extension,,50.0,15
-0.147,1.026,0.16,rope-triceps-extension,,50.0,15
-0.01,0.984,0.201,rope-triceps-extension,,50.0,15
-0.072,0.979,0.06,rope-triceps-extension,,50.0,15
-0.309,0.948,-0.065,rope-triceps-extension,,50.0,15
-0.379,0.907,0.015,rope-triceps-extension,,50.0,15
-0.27,0.96,0.088,rope-triceps-extension,,50.0,15
-0.274,0.942,0.068,rope-triceps-extension,,50.0,15
-0.411,0.806,-0.069,rope-triceps-extension,,50.0,15
-0.503,0.718,-0.033,rope-triceps-extension,,50.0,15
-0.494,0.701,0.123,rope-triceps-extension,,50.0,15
-0.473,0.767,0.159,rope-triceps-extension,,50.0,15
-0.496,0.587,0.138,rope-triceps-extension,,50.0,15
-0.512,0.432,-0.072,rope-triceps-extension,,50.0,15
-0.496,0.36,-0.096,rope-triceps-extension,,50.0,15
-0.395,0.049,0.114,rope-triceps-extension,,50.0,15
0.574,0.261,-0.154,rope-triceps-extension,,50.0,15
-0.039,0.57,0.19,rope-triceps-extension,,50.0,15
-0.365,0.556,-0.295,rope-triceps-extension,,50.0,15
-0.413,0.759,0.313,rope-triceps-extension,,50.0,15
-0.395,0.484,-0.076,rope-triceps-extension,,50.0,15
-0.385,0.058,-0.39,rope-triceps-extension,,50.0,15
-0.491,0.265,-0.239,rope-triceps-extension,,50.0,15
-0.519,0.405,0.282,rope-triceps-extension,,50.0,15
-0.215,0.557,0.125,rope-triceps-extension,,50.0,15
-0.093,0.673,0.137,rope-triceps-extension,,50.0,15
-0.014,0.702,0.118,rope-triceps-extension,,50.0,15
-0.051,0.833,0.257,rope-triceps-extension,,50.0,15
-0.043,0.806,0.054,rope-triceps-extension,,50.0,15
-0.026,0.86,0.097,rope-triceps-extension,,50.0,15
0.025,0.885,0.198,rope-triceps-extension,,50.0,15
0.032,0.943,0.216,rope-triceps-extension,,50.0,15
0.014,0.905,0.231,rope-triceps-extension,,50.0,15
0.013,0.963,0.314,rope-triceps-extension,,50.0,15
0.097,0.986,0.341,rope-triceps-extension,,50.0,15
0.217,1.039,0.388,rope-triceps-extension,,50.0,15
0.295,1.042,0.347,rope-triceps-extension,,50.0,15
0.376,1.091,0.258,rope-triceps-extension,,50.0,15
0.545,1.193,0.286,rope-triceps-extension,,50.0,15
0.696,1.08,0.188,rope-triceps-extension,,50.0,15
0.755,0.979,0.013,rope-triceps-extension,,50.0,15
0.831,1.012,0.039,rope-triceps-extension,,50.0,15
0.924,0.913,0.168,rope-triceps-extension,,50.0,15
0.994,0.799,0.183,rope-triceps-extension,,50.0,15
1.095,0.798,-0.034,rope-triceps-extension,,50.0,15
1.237,0.695,-0.2,rope-triceps-extension,,50.0,15
1.336,0.552,-0.174,rope-triceps-extension,,50.0,15
1.361,0.588,-0.245,rope-triceps-extension,,50.0,15
1.405,0.638,-0.3,rope-triceps-extension,,50.0,15
1.371,0.658,-0.339,rope-triceps-extension,,50.0,15
1.286,0.801,-0.098,rope-triceps-extension,,50.0,15
1.219,0.845,0.149,rope-triceps-extension,,50.0,15
1.142,0.928,0.01,rope-triceps-extension,,50.0,15
1.061,1.025,0.041,rope-triceps-extension,,50.0,15
0.953,1.114,0.121,rope-triceps-extension,,50.0,15
0.897,1.108,0.077,rope-triceps-extension,,50.0,15
0.905,1.049,0.005,rope-triceps-extension,,50.0,15
0.903,1.012,0.05,rope-triceps-extension,,50.0,15
0.856,0.972,-0.086,rope-triceps-extension,,50.0,15
0.922,0.836,-0.128,rope-triceps-extension,,50.0,15
1.005,0.883,-0.128,rope-triceps-extension,,50.0,15
0.979,0.988,-0.126,rope-triceps-extension,,50.0,15
1.017,0.929,-0.096,rope-triceps-extension,,50.0,15
1.032,0.952,-0.095,rope-triceps-extension,,50.0,15
1.024,0.959,-0.056,rope-triceps-extension,,50.0,15
1.032,0.849,-0.048,rope-triceps-extension,,50.0,15
1.063,0.693,0.014,rope-triceps-extension,,50.0,15
1.102,0.764,-0.121,rope-triceps-extension,,50.0,15
1.201,0.679,-0.024,rope-triceps-extension,,50.0,15
1.186,0.468,0.05,rope-triceps-extension,,50.0,15
1.07,0.691,-0.108,rope-triceps-extension,,50.0,15
1.0,0.874,-0.198,rope-triceps-extension,,50.0,15
1.012,0.835,-0.119,rope-triceps-extension,,50.0,15
1.003,0.744,-0.071,rope-triceps-extension,,50.0,15
0.928,0.767,-0.057,rope-triceps-extension,,50.0,15
0.976,0.573,-0.069,rope-triceps-extension,,50.0,15
0.905,0.718,-0.041,rope-triceps-extension,,50.0,15
0.898,0.885,0.252,rope-triceps-extension,,50.0,15
0.857,0.855,0.55,rope-triceps-extension,,50.0,15
0.748,0.843,0.475,rope-triceps-extension,,50.0,15
0.64,0.92,0.305,rope-triceps-extension,,50.0,15
0.581,0.974,0.31,rope-triceps-extension,,50.0,15
0.526,0.811,0.31,rope-triceps-extension,,50.0,15
0.366,0.898,-0.056,rope-triceps-extension,,50.0,15
0.278,1.04,-0.187,rope-triceps-extension,,50.0,15
0.363,0.897,-0.087,rope-triceps-extension,,50.0,15
0.429,0.779,0.114,rope-triceps-extension,,50.0,15
0.378,0.919,0.138,rope-triceps-extension,,50.0,15
0.34,0.993,0.241,rope-triceps-extension,,50.0,15
0.344,0.968,0.375,rope-triceps-extension,,50.0,15
0.272,0.972,0.264,rope-triceps-extension,,50.0,15
0.135,0.995,0.141,rope-triceps-extension,,50.0,15
0.064,1.024,0.09,rope-triceps-extension,,50.0,15
0.071,0.957,0.085,rope-triceps-extension,,50.0,15
0.019,0.902,0.058,rope-triceps-extension,,50.0,15
-0.112,0.967,-0.016,rope-triceps-extension,,50.0,15
-0.15,0.963,0.064,rope-triceps-extension,,50.0,15
-0.087,0.93,0.169,rope-triceps-extension,,50.0,15
-0.094,0.984,0.098,rope-triceps-extension,,50.0,15
-0.141,0.979,0.061,rope-triceps-extension,,50.0,15
-0.164,0.921,0.097,rope-triceps-extension,,50.0,15
-0.215,0.911,0.069,rope-triceps-extension,,50.0,15
-0.278,0.96,0.046,rope-triceps-extension,,50.0,15
-0.3,0.918,0.058,rope-triceps-extension,,50.0,15
-0.33,0.835,0.013,rope-triceps-extension,,50.0,15
-0.4,0.752,-0.077,rope-triceps-extension,,50.0,15
-0.431,0.823,-0.043,rope-triceps-extension,,50.0,15
-0.416,0.825,0.049,rope-triceps-extension,,50.0,15
-0.38,0.667,0.051,rope-triceps-extension,,50.0,15
-0.401,0.628,0.03,rope-triceps-extension,,50.0,15
-0.403,0.541,0.063,rope-triceps-extension,,50.0,15
-0.359,0.507,0.0,rope-triceps-extension,,50.0,15
-0.353,0.364,0.081,rope-triceps-extension,,50.0,15
-0.358,0.202,-0.011,rope-triceps-extension,,50.0,15
-0.324,0.25,-0.062,rope-triceps-extension,,50.0,15
-0.184,0.304,-0.008,rope-triceps-extension,,50.0,15
-0.184,0.24,0.04,rope-triceps-extension,,50.0,15
-0.238,0.388,0.234,rope-triceps-extension,,50.0,15
-0.073,0.552,0.141,rope-triceps-extension,,50.0,15
-0.027,0.612,-0.058,rope-triceps-extension,,50.0,15
0.005,0.609,0.03,rope-triceps-extension,,50.0,15
-0.006,0.694,0.133,rope-triceps-extension,,50.0,15
-0.008,0.767,0.284,rope-triceps-extension,,50.0,15
0.006,0.796,0.304,rope-triceps-extension,,50.0,15
0.008,0.873,0.331,rope-triceps-extension,,50.0,15
-0.038,0.862,0.329,rope-triceps-extension,,50.0,15
-0.035,0.958,0.201,rope-triceps-extension,,50.0,15
0.042,0.984,0.28,rope-triceps-extension,,50.0,15
0.179,1.056,0.227,rope-triceps-extension,,50.0,15
0.328,0.956,0.312,rope-triceps-extension,,50.0,15
0.454,0.998,0.375,rope-triceps-extension,,50.0,15
0.599,1.038,0.245,rope-triceps-extension,,50.0,15
0.675,1.04,0.076,rope-triceps-extension,,50.0,15
0.709,1.035,0.134,rope-triceps-extension,,50.0,15
0.817,0.971,0.355,rope-triceps-extension,,50.0,15
0.867,0.946,0.295,rope-triceps-extension,,50.0,15
0.907,0.923,0.023,rope-triceps-extension,,50.0,15
0.996,0.793,-0.003,rope-triceps-extension,,50.0,15
1.067,0.761,-0.101,rope-triceps-extension,,50.0,15
1.166,0.753,-0.275,rope-triceps-extension,,50.0,15
1.303,0.683,-0.329,rope-triceps-extension,,50.0,15
1.368,0.68,-0.272,rope-triceps-extension,,50.0,15
1.372,0.742,-0.188,rope-triceps-extension,,50.0,15
1.358,0.766,-0.176,rope-triceps-extension,,50.0,15
1.258,0.853,-0.095,rope-triceps-extension,,50.0,15
1.113,1.012,0.048,rope-triceps-extension,,50.0,15
1.048,1.024,0.049,rope-triceps-extension,,50.0,15
1.039,0.988,0.017,rope-triceps-extension,,50.0,15
0.992,0.959,0.064,rope-triceps-extension,,50.0,15
0.914,0.963,-0.006,rope-triceps-extension,,50.0,15
0.885,0.992,-0.06,rope-triceps-extension,,50.0,15
0.927,0.944,-0.076,rope-triceps-extension,,50.0,15
0.935,0.902,-0.019,rope-triceps-extension,,50.0,15
0.878,1.008,-0.139,rope-triceps-extension,,50.0,15
0.904,1.067,-0.143,rope-triceps-extension,,50.0,15
0.935,0.985,-0.069,rope-triceps-extension,,50.0,15
0.958,1.014,-0.093,rope-triceps-extension,,50.0,15
0.959,1.001,-0.133,rope-triceps-extension,,50.0,15
1.0,0.939,-0.228,rope-triceps-extension,,50.0,15
1.047,0.772,-0.236,rope-triceps-extension,,50.0,15
1.088,0.652,-0.161,rope-triceps-extension,,50.0,15
1.09,0.626,-0.116,rope-triceps-extension,,50.0,15
1.105,0.649,-0.151,rope-triceps-extension,,50.0,15
1.119,0.732,-0.13,rope-triceps-extension,,50.0,15
1.1,0.571,0.056,rope-triceps-extension,,50.0,15
1.013,0.639,0.044,rope-triceps-extension,,50.0,15
0.929,0.876,-0.087,rope-triceps-extension,,50.0,15
1.047,0.492,0.031,rope-triceps-extension,,50.0,15
0.893,0.705,-0.015,rope-triceps-extension,,50.0,15
0.789,0.879,0.03,rope-triceps-extension,,50.0,15
0.777,1.0,0.203,rope-triceps-extension,,50.0,15
0.74,0.702,0.457,rope-triceps-extension,,50.0,15
0.579,0.915,0.273,rope-triceps-extension,,50.0,15
0.518,1.112,0.129,rope-triceps-extension,,50.0,15
0.539,0.918,0.221,rope-triceps-extension,,50.0,15
0.504,0.953,0.2,rope-triceps-extension,,50.0,15
0.496,0.975,0.062,rope-triceps-extension,,50.0,15
0.458,1.04,0.057,rope-triceps-extension,,50.0,15
0.615,1.031,-0.103,rope-triceps-extension,,50.0,15
0.543,1.096,-0.025,rope-triceps-extension,,50.0,15
0.363,1.138,0.163,rope-triceps-extension,,50.0,15
0.301,1.075,0.227,rope-triceps-extension,,50.0,15
0.318,0.987,0.187,rope-triceps-extension,,50.0,15
0.247,1.041,0.13,rope-triceps-extension,,50.0,15
0.15,1.059,0.091,rope-triceps-extension,,50.0,15
0.095,1.012,0.075,rope-triceps-extension,,50.0,15
0.04,1.027,0.032,rope-triceps-extension,,50.0,15
-0.046,1.053,0.089,rope-triceps-extension,,50.0,15
-0.111,0.977,0.102,rope-triceps-extension,,50.0,15
-0.128,0.974,0.072,rope-triceps-extension,,50.0,15
-0.137,1.029,0.154,rope-triceps-extension,,50.0,15
-0.165,1.015,0.141,rope-triceps-extension,,50.0,15
-0.212,0.964,0.068,rope-triceps-extension,,50.0,15
-0.275,0.851,0.087,rope-triceps-extension,,50.0,15
-0.367,0.764,0.041,rope-triceps-extension,,50.0,15
-0.436,0.772,-0.039,rope-triceps-extension,,50.0,15
-0.44,0.752,0.009,rope-triceps-extension,,50.0,15
-0.424,0.73,0.072,rope-triceps-extension,,50.0,15
-0.372,0.735,0.066,rope-triceps-extension,,50.0,15
-0.319,0.708,0.064,rope-triceps-extension,,50.0,15
-0.293,0.658,-0.006,rope-triceps-extension,,50.0,15
-0.293,0.556,-0.029,rope-triceps-extension,,50.0,15
-0.346,0.432,-0.034,rope-triceps-extension,,50.0,15
-0.354,0.353,-0.067,rope-triceps-extension,,50.0,15
-0.292,0.344,-0.064,rope-triceps-extension,,50.0,15
-0.206,0.356,0.004,rope-triceps-extension,,50.0,15
-0.174,0.318,-0.045,rope-triceps-extension,,50.0,15
-0.191,0.304,-0.006,rope-triceps-extension,,50.0,15
-0.299,0.273,0.007,rope-triceps-extension,,50.0,15
-0.361,0.297,0.052,rope-triceps-extension,,50.0,15
-0.224,0.41,0.107,rope-triceps-extension,,50.0,15
-0.081,0.564,0.086,rope-triceps-extension,,50.0,15
-0.023,0.597,0.15,rope-triceps-extension,,50.0,15
0.06,0.651,0.322,rope-triceps-extension,,50.0,15
0.101,0.764,0.268,rope-triceps-extension,,50.0,15
0.057,0.818,0.328,rope-triceps-extension,,50.0,15
0.073,0.865,0.319,rope-triceps-extension,,50.0,15
0.112,0.912,0.296,rope-triceps-extension,,50.0,15
0.072,0.984,0.256,rope-triceps-extension,,50.0,15
0.08,0.976,0.07,rope-triceps-extension,,50.0,15
0.202,1.083,0.14,rope-triceps-extension,,50.0,15
0.35,0.976,0.397,rope-triceps-extension,,50.0,15
0.44,1.107,0.256,rope-triceps-extension,,50.0,15
0.555,1.149,0.304,rope-triceps-extension,,50.0,15
0.812,1.18,-0.191,rope-triceps-extension,,50.0,15
0.889,1.034,0.07,rope-triceps-extension,,50.0,15
0.943,1.095,0.075,rope-triceps-extension,,50.0,15
1.056,1.034,0.044,rope-triceps-extension,,50.0,15
1.124,0.889,0.11,rope-triceps-extension,,50.0,15
1.241,0.639,-0.114,rope-triceps-extension,,50.0,15
1.314,0.799,-0.389,rope-triceps-extension,,50.0,15
1.352,0.737,-0.438,rope-triceps-extension,,50.0,15
1.274,0.659,-0.3,rope-triceps-extension,,50.0,15
1.234,0.932,-0.22,rope-triceps-extension,,50.0,15
1.297,0.85,-0.332,rope-triceps-extension,,50.0,15
1.275,0.857,-0.161,rope-triceps-extension,,50.0,15
1.151,0.922,0.057,rope-triceps-extension,,50.0,15
1.047,0.958,0.191,rope-triceps-extension,,50.0,15
1.011,0.971,0.192,rope-triceps-extension,,50.0,15
0.962,0.991,0.229,rope-triceps-extension,,50.0,15
0.848,1.026,0.217,rope-triceps-extension,,50.0,15
0.775,1.036,0.129,rope-triceps-extension,,50.0,15
0.826,1.003,0.084,rope-triceps-extension,,50.0,15
0.892,0.964,0.064,rope-triceps-extension,,50.0,15
0.885,0.964,-0.021,rope-triceps-extension,,50.0,15
0.897,0.95,-0.156,rope-triceps-extension,,50.0,15
0.982,0.927,-0.195,rope-triceps-extension,,50.0,15
1.02,0.919,-0.111,rope-triceps-extension,,50.0,15
0.992,0.925,-0.006,rope-triceps-extension,,50.0,15
1.004,0.904,0.044,rope-triceps-extension,,50.0,15
1.039,0.759,0.035,rope-triceps-extension,,50.0,15
1.061,0.661,-0.052,rope-triceps-extension,,50.0,15
1.066,0.642,-0.148,rope-triceps-extension,,50.0,15
1.103,0.722,-0.193,rope-triceps-extension,,50.0,15
1.141,0.717,-0.126,rope-triceps-extension,,50.0,15
1.139,0.654,-0.034,rope-triceps-extension,,50.0,15
1.08,0.682,-0.024,rope-triceps-extension,,50.0,15
0.992,0.708,-0.064,rope-triceps-extension,,50.0,15
0.923,0.704,-0.071,rope-triceps-extension,,50.0,15
0.875,0.73,0.116,rope-triceps-extension,,50.0,15
0.888,0.699,0.109,rope-triceps-extension,,50.0,15
0.895,0.659,0.14,rope-triceps-extension,,50.0,15
0.928,0.616,-0.072,rope-triceps-extension,,50.0,15
0.863,0.824,-0.022,rope-triceps-extension,,50.0,15
0.77,0.772,0.397,rope-triceps-extension,,50.0,15
0.621,0.896,0.416,rope-triceps-extension,,50.0,15
0.576,0.898,-0.029,rope-triceps-extension,,50.0,15
0.566,0.925,-0.12,rope-triceps-extension,,50.0,15
0.511,0.833,0.4,rope-triceps-extension,,50.0,15
0.433,0.887,0.376,rope-triceps-extension,,50.0,15
0.432,1.036,0.236,rope-triceps-extension,,50.0,15
0.478,0.918,0.209,rope-triceps-extension,,50.0,15
0.465,0.815,-0.649,rope-triceps-extension,,50.0,15
0.311,0.874,0.273,rope-triceps-extension,,50.0,15
0.253,1.051,0.289,rope-triceps-extension,,50.0,15
0.29,0.925,0.287,rope-triceps-extension,,50.0,15
0.241,1.013,0.192,rope-triceps-extension,,50.0,15
0.112,1.032,0.143,rope-triceps-extension,,50.0,15
0.055,0.993,0.123,rope-triceps-extension,,50.0,15
0.048,0.965,0.298,rope-triceps-extension,,50.0,15
0.073,0.96,0.183,rope-triceps-extension,,50.0,15
0.026,1.014,0.118,rope-triceps-extension,,50.0,15
-0.039,1.008,0.106,rope-triceps-extension,,50.0,15
-0.073,1.017,0.173,rope-triceps-extension,,50.0,15
-0.063,1.007,0.094,rope-triceps-extension,,50.0,15
-0.083,0.935,0.026,rope-triceps-extension,,50.0,15
-0.196,0.951,0.105,rope-triceps-extension,,50.0,15
-0.273,1.022,0.203,rope-triceps-extension,,50.0,15
-0.253,1.004,0.212,rope-triceps-extension,,50.0,15
-0.275,0.909,0.033,rope-triceps-extension,,50.0,15
-0.383,0.845,-0.006,rope-triceps-extension,,50.0,15
-0.453,0.805,0.061,rope-triceps-extension,,50.0,15
-0.46,0.78,-0.006,rope-triceps-extension,,50.0,15
-0.452,0.701,-0.093,rope-triceps-extension,,50.0,15
-0.416,0.596,0.004,rope-triceps-extension,,50.0,15
-0.365,0.591,0.151,rope-triceps-extension,,50.0,15
-0.355,0.547,0.125,rope-triceps-extension,,50.0,15
-0.357,0.389,0.01,rope-triceps-extension,,50.0,15
-0.317,0.324,0.006,rope-triceps-extension,,50.0,15
-0.264,0.339,0.045,rope-triceps-extension,,50.0,15
-0.249,0.296,-0.054,rope-triceps-extension,,50.0,15
-0.276,0.265,-0.053,rope-triceps-extension,,50.0,15
-0.28,0.31,0.107,rope-triceps-extension,,50.0,15
-0.212,0.381,0.15,rope-triceps-extension,,50.0,15
-0.134,0.435,0.174,rope-triceps-extension,,50.0,15
-0.126,0.521,0.257,rope-triceps-extension,,50.0,15
-0.105,0.59,0.2,rope-triceps-extension,,50.0,15
-0.074,0.63,0.196,rope-triceps-extension,,50.0,15
-0.118,0.71,0.206,rope-triceps-extension,,50.0,15
-0.155,0.767,0.313,rope-triceps-extension,,50.0,15
-0.108,0.816,0.449,rope-triceps-extension,,50.0,15
-0.133,0.916,0.484,rope-triceps-extension,,50.0,15
-0.167,0.91,0.418,rope-triceps-extension,,50.0,15
-0.176,0.983,0.161,rope-triceps-extension,,50.0,15
0.073,0.925,0.215,rope-triceps-extension,,50.0,15
0.368,0.961,0.155,rope-triceps-extension,,50.0,15
0.626,0.893,0.281,rope-triceps-extension,,50.0,15
0.762,0.967,0.391,rope-triceps-extension,,50.0,15
0.801,0.954,0.066,rope-triceps-extension,,50.0,15
0.824,1.008,0.408,rope-triceps-extension,,50.0,15
0.976,0.904,0.544,rope-triceps-extension,,50.0,15
1.03,0.819,0.614,rope-triceps-extension,,50.0,15
0.925,0.999,0.129,rope-triceps-extension,,50.0,15
1.024,0.978,0.126,rope-triceps-extension,,50.0,15
1.047,0.837,0.252,rope-triceps-extension,,50.0,15
1.084,0.967,0.036,rope-triceps-extension,,50.0,15
1.123,0.97,-0.006,rope-triceps-extension,,50.0,15
1.203,0.524,0.047,rope-triceps-extension,,50.0,15
1.369,0.361,-0.451,rope-triceps-extension,,50.0,15
1.374,0.546,-0.578,rope-triceps-extension,,50.0,15
1.317,0.757,-0.425,rope-triceps-extension,,50.0,15
1.304,0.794,-0.217,rope-triceps-extension,,50.0,15
1.268,0.822,0.013,rope-triceps-extension,,50.0,15
1.197,0.908,0.048,rope-triceps-extension,,50.0,15
1.084,0.93,0.137,rope-triceps-extension,,50.0,15
0.992,0.995,0.154,rope-triceps-extension,,50.0,15
0.925,1.067,0.149,rope-triceps-extension,,50.0,15
0.872,1.072,0.189,rope-triceps-extension,,50.0,15
0.805,1.079,0.07,rope-triceps-extension,,50.0,15
0.825,1.048,-0.003,rope-triceps-extension,,50.0,15
0.904,0.991,0.014,rope-triceps-extension,,50.0,15
0.95,0.945,0.061,rope-triceps-extension,,50.0,15
0.956,0.955,0.034,rope-triceps-extension,,50.0,15
0.978,0.954,0.018,rope-triceps-extension,,50.0,15
1.025,0.882,0.077,rope-triceps-extension,,50.0,15
1.052,0.836,0.112,rope-triceps-extension,,50.0,15
1.029,0.875,0.077,rope-triceps-extension,,50.0,15
1.015,0.894,0.055,rope-triceps-extension,,50.0,15
1.043,0.791,0.061,rope-triceps-extension,,50.0,15
1.063,0.634,-0.016,rope-triceps-extension,,50.0,15
1.085,0.583,-0.159,rope-triceps-extension,,50.0,15
1.141,0.588,-0.206,rope-triceps-extension,,50.0,15
1.209,0.506,-0.132,rope-triceps-extension,,50.0,15
1.191,0.5,-0.066,rope-triceps-extension,,50.0,15
1.102,0.65,0.002,rope-triceps-extension,,50.0,15
1.05,0.742,0.022,rope-triceps-extension,,50.0,15
1.049,0.721,0.075,rope-triceps-extension,,50.0,15
0.988,0.593,0.213,rope-triceps-extension,,50.0,15
0.868,0.757,0.17,rope-triceps-extension,,50.0,15
0.882,0.853,0.106,rope-triceps-extension,,50.0,15
0.891,0.808,0.058,rope-triceps-extension,,50.0,15
0.87,0.624,0.13,rope-triceps-extension,,50.0,15
0.696,0.916,0.02,rope-triceps-extension,,50.0,15
0.578,0.956,0.132,rope-triceps-extension,,50.0,15
0.58,0.845,0.21,rope-triceps-extension,,50.0,15
0.485,0.901,0.288,rope-triceps-extension,,50.0,15
0.393,1.063,0.359,rope-triceps-extension,,50.0,15
0.435,0.99,0.366,rope-triceps-extension,,50.0,15
0.789,1.288,-0.485,rope-triceps-extension,,50.0,15
0.409,1.278,0.353,rope-triceps-extension,,50.0,15
0.192,1.223,0.398,rope-triceps-extension,,50.0,15
0.192,1.113,0.162,rope-triceps-extension,,50.0,15
0.192,1.011,0.339,rope-triceps-extension,,50.0,15
0.124,1.046,0.329,rope-triceps-extension,,50.0,15
0.053,1.033,0.224,rope-triceps-extension,,50.0,15
0.077,1.017,0.26,rope-triceps-extension,,50.0,15
0.094,0.952,0.114,rope-triceps-extension,,50.0,15
-0.016,0.958,-0.016,rope-triceps-extension,,50.0,15
-0.121,0.953,0.043,rope-triceps-extension,,50.0,15
-0.109,0.992,0.109,rope-triceps-extension,,50.0,15
-0.097,0.993,0.192,rope-triceps-extension,,50.0,15
-0.217,0.928,0.075,rope-triceps-extension,,50.0,15
-0.285,0.912,0.003,rope-triceps-extension,,50.0,15
-0.254,0.978,0.125,rope-triceps-extension,,50.0,15
-0.169,0.994,0.274,rope-triceps-extension,,50.0,15
-0.173,0.912,0.152,rope-triceps-extension,,50.0,15
-0.318,0.874,-0.046,rope-triceps-extension,,50.0,15
-0.419,0.834,-0.023,rope-triceps-extension,,50.0,15
-0.393,0.769,0.0,rope-triceps-extension,,50.0,15
-0.358,0.734,-0.013,rope-triceps-extension,,50.0,15
-0.401,0.693,-0.016,rope-triceps-extension,,50.0,15
-0.394,0.548,-0.026,rope-triceps-extension,,50.0,15
-0.354,0.432,-0.027,rope-triceps-extension,,50.0,15
-0.353,0.421,0.052,rope-triceps-extension,,50.0,15
-0.295,0.41,0.021,rope-triceps-extension,,50.0,15
-0.153,0.409,-0.044,rope-triceps-extension,,50.0,15
-0.06,0.432,0.036,rope-triceps-extension,,50.0,15
-0.113,0.39,-0.011,rope-triceps-extension,,50.0,15
-0.243,0.332,-0.029,rope-triceps-extension,,50.0,15
-0.347,0.314,0.117,rope-triceps-extension,,50.0,15
-0.426,0.269,0.161,rope-triceps-extension,,50.0,15
-0.466,0.296,0.171,rope-triceps-extension,,50.0,15
-0.438,0.468,0.232,rope-triceps-extension,,50.0,15
-0.379,0.621,0.314,rope-triceps-extension,,50.0,15
-0.298,0.716,0.273,rope-triceps-extension,,50.0,15
-0.204,0.857,0.37,rope-triceps-extension,,50.0,15
-0.109,0.966,0.313,rope-triceps-extension,,50.0,15
-0.053,0.921,0.012,rope-triceps-extension,,50.0,15
-0.009,0.866,-0.105,rope-triceps-extension,,50.0,15
0.028,0.901,0.195,rope-triceps-extension,,50.0,15
0.025,0.997,0.317,rope-triceps-extension,,50.0,15
0.076,1.009,0.329,rope-triceps-extension,,50.0,15
0.156,0.99,0.218,rope-triceps-extension,,50.0,15
0.201,1.013,0.292,rope-triceps-extension,,50.0,15
0.354,0.981,0.408,rope-triceps-extension,,50.0,15
0.51,0.887,0.26,rope-triceps-extension,,50.0,15
0.56,0.989,0.209,rope-triceps-extension,,50.0,15
0.644,0.949,0.484,rope-triceps-extension,,50.0,15
0.868,0.831,0.526,rope-triceps-extension,,50.0,15
1.021,0.719,0.464,rope-triceps-extension,,50.0,15
0.972,0.999,-0.308,rope-triceps-extension,,50.0,15
1.096,0.968,-0.176,rope-triceps-extension,,50.0,15
1.184,0.72,0.016,rope-triceps-extension,,50.0,15
1.184,0.813,-0.403,rope-triceps-extension,,50.0,15
1.207,0.725,-0.507,rope-triceps-extension,,50.0,15
1.35,0.564,-0.534,rope-triceps-extension,,50.0,15
1.353,0.457,-0.12,rope-triceps-extension,,50.0,15
1.323,0.698,0.113,rope-triceps-extension,,50.0,15
1.292,0.798,0.29,rope-triceps-extension,,50.0,15
1.24,0.835,0.462,rope-triceps-extension,,50.0,15
1.145,0.96,0.468,rope-triceps-extension,,50.0,15
1.069,0.919,0.438,rope-triceps-extension,,50.0,15
1.018,0.929,0.229,rope-triceps-extension,,50.0,15
0.983,0.942,0.207,rope-triceps-extension,,50.0,15
0.928,1.004,0.174,rope-triceps-extension,,50.0,15
0.936,1.042,0.136,rope-triceps-extension,,50.0,15
0.95,1.042,-0.009,rope-triceps-extension,,50.0,15
0.902,1.051,-0.075,rope-triceps-extension,,50.0,15
0.853,1.018,-0.134,rope-triceps-extension,,50.0,15
0.861,0.989,-0.107,rope-triceps-extension,,50.0,15
0.887,0.959,-0.105,rope-triceps-extension,,50.0,15
0.921,0.944,-0.08,rope-triceps-extension,,50.0,15
0.974,0.958,-0.042,rope-triceps-extension,,50.0,15
1.014,0.899,-0.004,rope-triceps-extension,,50.0,15
1.033,0.852,-0.011,rope-triceps-extension,,50.0,15
1.066,0.873,-0.058,rope-triceps-extension,,50.0,15
1.109,0.788,-0.038,rope-triceps-extension,,50.0,15
1.116,0.648,-0.02,rope-triceps-extension,,50.0,15
1.119,0.646,-0.086,rope-triceps-extension,,50.0,15
1.136,0.633,-0.254,rope-triceps-extension,,50.0,15
1.111,0.595,-0.381,rope-triceps-extension,,50.0,15
1.077,0.694,-0.301,rope-triceps-extension,,50.0,15
1.095,0.729,-0.073,rope-triceps-extension,,50.0,15
1.116,0.66,0.256,rope-triceps-extension,,50.0,15
1.058,0.666,0.452,rope-triceps-extension,,50.0,15
0.981,0.726,0.418,rope-triceps-extension,,50.0,15
0.926,0.768,0.364,rope-triceps-extension,,50.0,15
0.827,0.815,0.336,rope-triceps-extension,,50.0,15
0.737,0.841,0.312,rope-triceps-extension,,50.0,15
0.659,0.873,0.04,rope-triceps-extension,,50.0,15
0.602,0.973,0.021,rope-triceps-extension,,50.0,15
0.601,0.871,0.261,rope-triceps-extension,,50.0,15
0.55,0.899,0.314,rope-triceps-extension,,50.0,15
0.426,0.937,0.136,rope-triceps-extension,,50.0,15
0.336,1.027,0.121,rope-triceps-extension,,50.0,15
0.376,0.931,0.097,rope-triceps-extension,,50.0,15
0.362,0.995,0.365,rope-triceps-extension,,50.0,15
0.254,1.014,0.23,rope-triceps-extension,,50.0,15
0.161,1.001,0.204,rope-triceps-extension,,50.0,15
0.081,1.018,0.081,rope-triceps-extension,,50.0,15
-0.018,1.046,0.1,rope-triceps-extension,,50.0,15
-0.048,1.013,0.184,rope-triceps-extension,,50.0,15
-0.057,0.92,0.176,rope-triceps-extension,,50.0,15
-0.111,0.96,0.184,rope-triceps-extension,,50.0,15
-0.151,1.007,0.231,rope-triceps-extension,,50.0,15
-0.106,0.97,0.118,rope-triceps-extension,,50.0,15
-0.126,0.879,-0.03,rope-triceps-extension,,50.0,15
-0.23,0.865,0.033,rope-triceps-extension,,50.0,15
-0.319,0.864,0.19,rope-triceps-extension,,50.0,15
-0.265,0.899,0.299,rope-triceps-extension,,50.0,15
-0.188,0.959,0.38,rope-triceps-extension,,50.0,15
-0.196,0.981,0.265,rope-triceps-extension,,50.0,15
-0.285,0.919,0.207,rope-triceps-extension,,50.0,15
-0.355,0.777,0.238,rope-triceps-extension,,50.0,15
-0.455,0.732,0.025,rope-triceps-extension,,50.0,15
-0.601,0.619,-0.106,rope-triceps-extension,,50.0,15
-0.64,0.496,-0.104,rope-triceps-extension,,50.0,15
-0.525,0.43,-0.079,rope-triceps-extension,,50.0,15
-0.402,0.433,-0.022,rope-triceps-extension,,50.0,15
-0.298,-0.02,0.114,rope-triceps-extension,,50.0,15
-0.091,0.259,-0.699,rope-triceps-extension,,50.0,15
-0.168,0.454,0.168,rope-triceps-extension,,50.0,15
-0.378,0.5,0.253,rope-triceps-extension,,50.0,15
-0.534,0.499,0.103,rope-triceps-extension,,50.0,15
-0.55,0.297,0.03,rope-triceps-extension,,50.0,15
-0.404,0.207,-0.089,rope-triceps-extension,,50.0,15
-0.411,0.435,0.012,rope-triceps-extension,,50.0,15
-0.446,0.587,0.143,rope-triceps-extension,,50.0,15
-0.296,0.648,0.244,rope-triceps-extension,,50.0,15
-0.196,0.755,0.279,rope-triceps-extension,,50.0,15
-0.233,0.806,0.226,rope-triceps-extension,,50.0,15
-0.233,0.874,0.296,rope-triceps-extension,,50.0,15
-0.127,0.941,0.4,rope-triceps-extension,,50.0,15
-0.048,0.97,0.235,rope-triceps-extension,,50.0,15
-0.024,0.953,0.095,rope-triceps-extension,,50.0,15
0.019,0.948,0.066,rope-triceps-extension,,50.0,15
0.027,0.997,0.238,rope-triceps-extension,,50.0,15
0.029,0.98,0.295,rope-triceps-extension,,50.0,15
0.06,1.024,0.328,rope-triceps-extension,,50.0,15
0.169,0.963,0.317,rope-triceps-extension,,50.0,15
0.236,1.0,0.453,rope-triceps-extension,,50.0,15
0.268,1.032,0.38,rope-triceps-extension,,50.0,15
0.362,1.022,0.333,rope-triceps-extension,,50.0,15
0.48,0.909,0.399,rope-triceps-extension,,50.0,15
0.455,0.946,0.442,rope-triceps-extension,,50.0,15
0.369,1.027,0.227,rope-triceps-extension,,50.0,15
0.521,1.02,0.189,rope-triceps-extension,,50.0,15
0.67,0.901,0.364,rope-triceps-extension,,50.0,15
0.723,0.886,0.368,rope-triceps-extension,,50.0,15
0.824,0.922,0.193,rope-triceps-extension,,50.0,15
0.91,0.784,0.446,rope-triceps-extension,,50.0,15
0.988,0.891,0.299,rope-triceps-extension,,50.0,15
0.922,0.785,0.203,rope-triceps-extension,,50.0,15
0.984,0.824,0.304,rope-triceps-extension,,50.0,15
1.0,0.816,0.208,rope-triceps-extension,,50.0,15
0.992,0.816,0.208,rope-triceps-extension,,50.0,15
1.022,0.671,0.231,rope-triceps-extension,,50.0,15
1.017,0.701,0.031,rope-triceps-extension,,50.0,15
1.082,0.646,0.111,rope-triceps-extension,,50.0,15
1.216,0.519,-0.016,rope-triceps-extension,,50.0,15
1.246,0.511,-0.032,rope-triceps-extension,,50.0,15
1.228,0.376,-0.305,rope-triceps-extension,,50.0,15
1.204,0.499,-0.185,rope-triceps-extension,,50.0,15
1.096,0.6,0.004,rope-triceps-extension,,50.0,15
1.015,0.743,0.034,rope-triceps-extension,,50.0,15
1.043,0.757,0.119,rope-triceps-extension,,50.0,15
1.044,0.752,0.216,rope-triceps-extension,,50.0,15
1.022,0.776,0.316,rope-triceps-extension,,50.0,15
0.987,0.79,0.441,rope-triceps-extension,,50.0,15
0.948,0.859,0.402,rope-triceps-extension,,50.0,15
0.936,0.872,0.379,rope-triceps-extension,,50.0,15
0.915,0.906,0.368,rope-triceps-extension,,50.0,15
0.848,0.974,0.253,rope-triceps-extension,,50.0,15
0.826,0.995,0.138,rope-triceps-extension,,50.0,15
0.846,0.944,0.071,rope-triceps-extension,,50.0,15
0.842,0.875,0.067,rope-triceps-extension,,50.0,15
0.828,0.897,0.017,rope-triceps-extension,,50.0,15
0.859,0.923,-0.062,rope-triceps-extension,,50.0,15
0.917,0.841,-0.042,rope-triceps-extension,,50.0,15
0.956,0.736,-0.004,rope-triceps-extension,,50.0,15
0.976,0.784,-0.073,rope-triceps-extension,,50.0,15
1.002,0.858,-0.085,rope-triceps-extension,,50.0,15
0.996,0.716,0.026,rope-triceps-extension,,50.0,15
0.916,0.679,0.006,rope-triceps-extension,,50.0,15
0.875,0.883,-0.057,rope-triceps-extension,,50.0,15
0.932,0.89,0.095,rope-triceps-extension,,50.0,15
0.938,0.727,0.318,rope-triceps-extension,,50.0,15
0.817,0.75,0.33,rope-triceps-extension,,50.0,15
0.694,0.986,0.063,rope-triceps-extension,,50.0,15
0.666,0.987,0.022,rope-triceps-extension,,50.0,15
0.674,0.871,0.239,rope-triceps-extension,,50.0,15
0.615,0.922,0.315,rope-triceps-extension,,50.0,15
0.554,1.014,0.209,rope-triceps-extension,,50.0,15
0.598,0.999,0.082,rope-triceps-extension,,50.0,15
0.627,0.984,0.17,rope-triceps-extension,,50.0,15
0.517,1.052,0.266,rope-triceps-extension,,50.0,15
0.413,1.06,0.243,rope-triceps-extension,,50.0,15
0.481,0.994,0.251,rope-triceps-extension,,50.0,15
0.472,0.973,0.226,rope-triceps-extension,,50.0,15
0.348,1.067,0.253,rope-triceps-extension,,50.0,15
0.256,1.089,0.333,rope-triceps-extension,,50.0,15
0.343,1.097,0.069,rope-triceps-extension,,50.0,15
0.326,1.007,0.238,rope-triceps-extension,,50.0,15
0.124,0.983,0.187,rope-triceps-extension,,50.0,15
0.0,0.96,0.024,rope-triceps-extension,,50.0,15
-0.016,0.984,0.032,rope-triceps-extension,,50.0,15
-0.032,1.0,0.211,rope-triceps-extension,,50.0,15
-0.116,0.909,0.224,rope-triceps-extension,,50.0,15
-0.209,0.867,0.194,rope-triceps-extension,,50.0,15
-0.267,0.9,0.141,rope-triceps-extension,,50.0,15
-0.229,0.925,0.179,rope-triceps-extension,,50.0,15
-0.175,0.865,0.219,rope-triceps-extension,,50.0,15
-0.25,0.822,0.258,rope-triceps-extension,,50.0,15
-0.311,0.876,0.337,rope-triceps-extension,,50.0,15
-0.3,0.895,0.372,rope-triceps-extension,,50.0,15
-0.245,0.832,0.217,rope-triceps-extension,,50.0,15
-0.368,0.735,-0.053,rope-triceps-extension,,50.0,15
-0.523,0.676,-0.126,rope-triceps-extension,,50.0,15
-0.507,0.629,-0.11,rope-triceps-extension,,50.0,15
-0.471,0.685,0.062,rope-triceps-extension,,50.0,15
-0.486,0.729,0.122,rope-triceps-extension,,50.0,15
-0.474,0.725,0.039,rope-triceps-extension,,50.0,15
-0.422,0.699,0.058,rope-triceps-extension,,50.0,15
-0.431,0.601,0.083,rope-triceps-extension,,50.0,15
-0.502,0.453,-0.103,rope-triceps-extension,,50.0,15
-0.531,0.301,-0.144,rope-triceps-extension,,50.0,15
-0.482,0.217,-0.027,rope-triceps-extension,,50.0,15
-0.448,0.298,-0.052,rope-triceps-extension,,50.0,15
-0.439,0.406,-0.004,rope-triceps-extension,,50.0,15
-0.37,0.407,0.105,rope-triceps-extension,,50.0,15
-0.3,0.376,0.0,rope-triceps-extension,,50.0,15
-0.369,0.33,-0.085,rope-triceps-extension,,50.0,15
-0.474,0.317,0.0,rope-triceps-extension,,50.0,15
-0.408,0.465,0.222,rope-triceps-extension,,50.0,15
-0.239,0.696,0.378,rope-triceps-extension,,50.0,15
-0.189,0.819,0.275,rope-triceps-extension,,50.0,15
-0.238,0.864,0.22,rope-triceps-extension,,50.0,15
-0.225,0.943,0.162,rope-triceps-extension,,50.0,15
-0.165,0.968,0.047,rope-triceps-extension,,50.0,15
-0.136,0.929,-0.035,rope-triceps-extension,,50.0,15
-0.118,0.88,0.06,rope-triceps-extension,,50.0,15
-0.015,0.988,0.193,rope-triceps-extension,,50.0,15
0.054,1.072,0.075,rope-triceps-extension,,50.0,15
0.06,1.056,-0.084,rope-triceps-extension,,50.0,15
0.044,1.076,0.001,rope-triceps-extension,,50.0,15
0.12,1.071,0.184,rope-triceps-extension,,50.0,15
0.149,1.093,0.22,rope-triceps-extension,,50.0,15
0.148,1.079,0.095,rope-triceps-extension,,50.0,15
0.207,1.078,0.128,rope-triceps-extension,,50.0,15
0.216,1.105,0.362,rope-triceps-extension,,50.0,15
0.335,1.053,0.358,rope-triceps-extension,,50.0,15
0.389,1.026,0.192,rope-triceps-extension,,50.0,15
0.368,1.042,0.051,rope-triceps-extension,,50.0,15
0.48,0.953,0.322,rope-triceps-extension,,50.0,15
0.631,0.83,0.652,rope-triceps-extension,,50.0,15
0.6,1.016,-0.024,rope-triceps-extension,,50.0,15
0.656,0.896,0.216,rope-triceps-extension,,50.0,15
0.897,0.803,-0.126,rope-triceps-extension,,50.0,15
0.896,0.823,0.305,rope-triceps-extension,,50.0,15
0.814,0.98,0.261,rope-triceps-extension,,50.0,15
0.786,0.904,0.147,rope-triceps-extension,,50.0,15
0.798,0.817,0.2,rope-triceps-extension,,50.0,15
0.793,0.836,0.006,rope-triceps-extension,,50.0,15
0.847,0.86,0.044,rope-triceps-extension,,50.0,15
0.943,0.897,0.076,rope-triceps-extension,,50.0,15
0.98,0.924,0.06,rope-triceps-extension,,50.0,15
0.99,0.871,0.202,rope-triceps-extension,,50.0,15
0.986,0.912,0.122,rope-triceps-extension,,50.0,15
0.966,0.952,-0.021,rope-triceps-extension,,50.0,15
0.978,0.913,-0.038,rope-triceps-extension,,50.0,15
0.898,0.959,0.065,rope-triceps-extension,,50.0,15
0.825,1.095,0.032,rope-triceps-extension,,50.0,15
0.813,1.074,0.011,rope-triceps-extension,,50.0,15
0.816,0.998,0.09,rope-triceps-extension,,50.0,15
0.76,1.032,0.118,rope-triceps-extension,,50.0,15
0.753,1.034,0.102,rope-triceps-extension,,50.0,15
0.825,0.92,0.086,rope-triceps-extension,,50.0,15
0.841,0.879,0.094,rope-triceps-extension,,50.0,15
0.806,0.918,0.082,rope-triceps-extension,,50.0,15
0.835,0.871,0.064,rope-triceps-extension,,50.0,15
0.884,0.812,0.027,rope-triceps-extension,,50.0,15
0.892,0.816,0.004,rope-triceps-extension,,50.0,15
0.884,0.824,0.028,rope-triceps-extension,,50.0,15
0.895,0.798,0.044,rope-triceps-extension,,50.0,15
0.912,0.8,0.066,rope-triceps-extension,,50.0,15
0.892,0.837,0.125,rope-triceps-extension,,50.0,15
0.848,0.813,0.208,rope-triceps-extension,,50.0,15
0.8,0.833,0.253,rope-triceps-extension,,50.0,15
0.754,0.932,0.271,rope-triceps-extension,,50.0,15
0.793,0.864,0.191,rope-triceps-extension,,50.0,15
0.885,0.736,0.012,rope-triceps-extension,,50.0,15
0.829,0.898,0.122,rope-triceps-extension,,50.0,15
0.71,0.906,0.176,rope-triceps-extension,,50.0,15
0.67,0.893,0.302,rope-triceps-extension,,50.0,15
0.543,0.966,0.283,rope-triceps-extension,,50.0,15
0.438,1.006,0.154,rope-triceps-extension,,50.0,15
0.444,1.008,0.127,rope-triceps-extension,,50.0,15
0.488,1.037,0.241,rope-triceps-extension,,50.0,15
0.483,1.012,0.339,rope-triceps-extension,,50.0,15
0.452,0.963,0.251,rope-triceps-extension,,50.0,15
0.449,1.035,0.084,rope-triceps-extension,,50.0,15
0.563,1.113,-0.169,rope-triceps-extension,,50.0,15
0.509,1.111,0.212,rope-triceps-extension,,50.0,15
0.386,1.018,0.172,rope-triceps-extension,,50.0,15
0.196,1.047,0.135,rope-triceps-extension,,50.0,15
0.112,1.03,0.426,rope-triceps-extension,,50.0,15
0.111,0.969,0.214,rope-triceps-extension,,50.0,15
0.033,1.031,0.002,rope-triceps-extension,,50.0,15
0.016,1.024,0.311,rope-triceps-extension,,50.0,15
0.054,0.917,0.35,rope-triceps-extension,,50.0,15
0.041,0.942,0.218,rope-triceps-extension,,50.0,15
-0.011,1.01,0.128,rope-triceps-extension,,50.0,15
0.034,0.995,0.177,rope-triceps-extension,,50.0,15
0.026,0.894,0.226,rope-triceps-extension,,50.0,15
-0.126,0.873,0.184,rope-triceps-extension,,50.0,15
-0.232,0.892,0.003,rope-triceps-extension,,50.0,15
-0.189,0.935,0.001,rope-triceps-extension,,50.0,15
-0.138,0.868,0.116,rope-triceps-extension,,50.0,15
-0.202,0.873,0.094,rope-triceps-extension,,50.0,15
-0.224,0.934,0.14,rope-triceps-extension,,50.0,15
-0.142,0.946,0.207,rope-triceps-extension,,50.0,15
-0.135,0.898,0.195,rope-triceps-extension,,50.0,15
-0.305,0.796,0.045,rope-triceps-extension,,50.0,15
-0.452,0.755,-0.043,rope-triceps-extension,,50.0,15
-0.42,0.799,0.102,rope-triceps-extension,,50.0,15
-0.369,0.829,0.179,rope-triceps-extension,,50.0,15
-0.365,0.876,0.186,rope-triceps-extension,,50.0,15
-0.325,0.937,0.202,rope-triceps-extension,,50.0,15
-0.296,0.969,0.213,rope-triceps-extension,,50.0,15
-0.341,0.954,0.127,rope-triceps-extension,,50.0,15
-0.419,0.893,0.013,rope-triceps-extension,,50.0,15
-0.473,0.835,-0.036,rope-triceps-extension,,50.0,15
-0.512,0.78,0.012,rope-triceps-extension,,50.0,15
-0.559,0.694,0.045,rope-triceps-extension,,50.0,15
-0.613,0.614,-0.047,rope-triceps-extension,,50.0,15
-0.648,0.556,-0.095,rope-triceps-extension,,50.0,15
-0.628,0.533,-0.044,rope-triceps-extension,,50.0,15
-0.587,0.594,-0.006,rope-triceps-extension,,50.0,15
-0.553,0.69,0.026,rope-triceps-extension,,50.0,15
-0.537,0.727,0.062,rope-triceps-extension,,50.0,15
-0.59,0.691,0.001,rope-triceps-extension,,50.0,15
-0.677,0.683,-0.146,rope-triceps-extension,,50.0,15
-0.675,0.71,-0.17,rope-triceps-extension,,50.0,15
-0.574,0.783,-0.133,rope-triceps-extension,,50.0,15
-0.467,0.857,-0.016,rope-triceps-extension,,50.0,15
-0.42,0.916,0.014,rope-triceps-extension,,50.0,15
-0.463,0.932,0.073,rope-triceps-extension,,50.0,15
-0.493,0.851,0.19,rope-triceps-extension,,50.0,15
-0.519,0.776,0.034,rope-triceps-extension,,50.0,15
-0.547,0.668,-0.188,rope-triceps-extension,,50.0,15
-0.518,0.653,-0.107,rope-triceps-extension,,50.0,15
-0.499,0.67,-0.009,rope-triceps-extension,,50.0,15
-0.463,0.604,-0.166,rope-triceps-extension,,50.0,15
-0.456,0.639,-0.005,rope-triceps-extension,,50.0,15
-0.453,0.623,0.113,rope-triceps-extension,,50.0,15
-0.405,0.604,0.115,rope-triceps-extension,,50.0,15
-0.354,0.533,0.003,rope-triceps-extension,,50.0,15
-0.432,0.432,-0.152,rope-triceps-extension,,50.0,15
-0.448,0.48,-0.192,rope-triceps-extension,,50.0,15
-0.363,0.542,-0.076,rope-triceps-extension,,50.0,15
-0.162,0.635,0.141,rope-triceps-extension,,50.0,15
-0.085,0.729,0.085,rope-triceps-extension,,50.0,15
-0.116,0.714,0.16,rope-triceps-extension,,50.0,15
-0.127,0.676,0.239,rope-triceps-extension,,50.0,15
-0.135,0.784,0.122,rope-triceps-extension,,50.0,15
-0.129,0.834,0.043,rope-triceps-extension,,50.0,15
-0.115,0.827,0.179,rope-triceps-extension,,50.0,15
-0.066,0.889,0.351,rope-triceps-extension,,50.0,15
-0.018,0.872,0.13,rope-triceps-extension,,50.0,15
0.085,1.013,0.182,rope-triceps-extension,,50.0,15
0.209,0.996,0.367,rope-triceps-extension,,50.0,15
0.24,0.982,0.487,rope-triceps-extension,,50.0,15
0.223,1.001,0.409,rope-triceps-extension,,50.0,15
0.35,0.997,0.346,rope-triceps-extension,,50.0,15
0.451,0.916,0.347,rope-triceps-extension,,50.0,15
0.404,0.975,0.457,rope-triceps-extension,,50.0,15
0.388,1.029,0.237,rope-triceps-extension,,50.0,15
0.514,1.012,0.144,rope-triceps-extension,,50.0,15
0.675,1.053,0.141,rope-triceps-extension,,50.0,15
0.829,1.019,0.288,rope-triceps-extension,,50.0,15
0.941,0.946,0.237,rope-triceps-extension,,50.0,15
1.045,0.768,0.178,rope-triceps-extension,,50.0,15
1.125,0.653,0.29,rope-triceps-extension,,50.0,15
1.172,0.748,0.388,rope-triceps-extension,,50.0,15
1.196,0.755,0.456,rope-triceps-extension,,50.0,15
1.17,0.669,0.398,rope-triceps-extension,,50.0,15
1.13,0.656,0.193,rope-triceps-extension,,50.0,15
1.115,0.659,0.035,rope-triceps-extension,,50.0,15
1.126,0.593,0.101,rope-triceps-extension,,50.0,15
1.139,0.497,0.195,rope-triceps-extension,,50.0,15
1.141,0.553,0.133,rope-triceps-extension,,50.0,15
1.141,0.627,-0.006,rope-triceps-extension,,50.0,15
1.134,0.596,-0.051,rope-triceps-extension,,50.0,15
1.081,0.544,-0.054,rope-triceps-extension,,50.0,15
1.068,0.598,-0.087,rope-triceps-extension,,50.0,15
1.131,0.548,-0.154,rope-triceps-extension,,50.0,15
1.162,0.43,-0.047,rope-triceps-extension,,50.0,15
1.155,0.452,0.01,rope-triceps-extension,,50.0,15
1.114,0.484,-0.033,rope-triceps-extension,,50.0,15
1.098,0.581,0.127,rope-triceps-extension,,50.0,15
0.977,0.7,0.313,rope-triceps-extension,,50.0,15
0.86,0.834,0.411,rope-triceps-extension,,50.0,15
0.849,0.793,0.481,rope-triceps-extension,,50.0,15
0.915,0.741,0.541,rope-triceps-extension,,50.0,15
0.932,0.708,0.497,rope-triceps-extension,,50.0,15
0.901,0.66,0.34,rope-triceps-extension,,50.0,15
0.97,0.6,0.273,rope-triceps-extension,,50.0,15
1.017,0.6,0.134,rope-triceps-extension,,50.0,15
1.056,0.6,0.056,rope-triceps-extension,,50.0,15
1.096,0.6,0.104,rope-triceps-extension,,50.0,15
1.088,0.484,0.283,rope-triceps-extension,,50.0,15
1.08,0.587,0.151,rope-triceps-extension,,50.0,15
1.169,0.644,0.137,rope-triceps-extension,,50.0,15
1.176,0.466,0.369,rope-triceps-extension,,50.0,15
1.033,0.369,0.513,rope-triceps-extension,,50.0,15
0.918,0.695,0.228,rope-triceps-extension,,50.0,15
1.047,0.88,-0.3,rope-triceps-extension,,50.0,15
1.065,0.677,-0.217,rope-triceps-extension,,50.0,15
0.979,0.58,0.278,rope-triceps-extension,,50.0,15
0.865,0.809,0.333,rope-triceps-extension,,50.0,15
0.846,0.841,0.177,rope-triceps-extension,,50.0,15
0.788,0.79,0.221,rope-triceps-extension,,50.0,15
0.703,0.835,0.33,rope-triceps-extension,,50.0,15
0.732,0.976,0.314,rope-triceps-extension,,50.0,15
0.824,0.924,0.235,rope-triceps-extension,,50.0,15
0.824,0.82,0.176,rope-triceps-extension,,50.0,15
0.703,0.923,0.16,rope-triceps-extension,,50.0,15
0.577,1.048,0.231,rope-triceps-extension,,50.0,15
0.541,1.06,0.203,rope-triceps-extension,,50.0,15
0.515,1.105,0.122,rope-triceps-extension,,50.0,15
0.445,1.098,0.332,rope-triceps-extension,,50.0,15
0.359,1.073,0.406,rope-triceps-extension,,50.0,15
0.298,1.071,0.272,rope-triceps-extension,,50.0,15
0.292,1.047,0.187,rope-triceps-extension,,50.0,15
0.272,1.072,0.232,rope-triceps-extension,,50.0,15
0.213,1.108,0.381,rope-triceps-extension,,50.0,15
0.177,1.067,0.401,rope-triceps-extension,,50.0,15
0.136,0.989,0.22,rope-triceps-extension,,50.0,15
0.032,0.914,0.089,rope-triceps-extension,,50.0,15
-0.12,0.866,0.089,rope-triceps-extension,,50.0,15
-0.228,0.828,0.028,rope-triceps-extension,,50.0,15
-0.242,0.79,0.025,rope-triceps-extension,,50.0,15
-0.227,0.786,0.176,rope-triceps-extension,,50.0,15
-0.203,0.734,0.271,rope-triceps-extension,,50.0,15
-0.178,0.697,0.135,rope-triceps-extension,,50.0,15
-0.2,0.75,0.101,rope-triceps-extension,,50.0,15
-0.246,0.773,0.135,rope-triceps-extension,,50.0,15
-0.289,0.719,0.184,rope-triceps-extension,,50.0,15
-0.397,0.649,0.095,rope-triceps-extension,,50.0,15
-0.494,0.69,-0.017,rope-triceps-extension,,50.0,15
-0.479,0.731,0.132,rope-triceps-extension,,50.0,15
-0.443,0.752,0.245,rope-triceps-extension,,50.0,15
-0.467,0.786,0.167,rope-triceps-extension,,50.0,15
-0.53,0.758,0.026,rope-triceps-extension,,50.0,15
-0.543,0.808,0.051,rope-triceps-extension,,50.0,15
-0.538,0.865,0.139,rope-triceps-extension,,50.0,15
-0.562,0.788,0.089,rope-triceps-extension,,50.0,15
-0.584,0.732,0.107,rope-triceps-extension,,50.0,15
-0.574,0.81,0.169,rope-triceps-extension,,50.0,15
-0.52,0.88,0.208,rope-triceps-extension,,50.0,15
-0.496,0.824,-0.008,rope-triceps-extension,,50.0,15
-0.543,0.739,0.031,rope-triceps-extension,,50.0,15
-0.567,0.728,-0.036,rope-triceps-extension,,50.0,15
-0.464,0.192,0.31,rope-triceps-extension,,50.0,15
-0.142,0.436,-0.072,rope-triceps-extension,,50.0,15
-0.476,0.928,0.373,rope-triceps-extension,,50.0,15
-0.806,0.991,-0.057,rope-triceps-extension,,50.0,15
-0.732,0.883,0.077,rope-triceps-extension,,50.0,15
-0.572,0.831,0.119,rope-triceps-extension,,50.0,15
-0.557,0.733,-0.16,rope-triceps-extension,,50.0,15
-0.566,0.623,-0.046,rope-triceps-extension,,50.0,15
-0.574,0.693,-0.161,rope-triceps-extension,,50.0,15
-0.63,0.823,-0.117,rope-triceps-extension,,50.0,15
-0.648,0.88,-0.059,rope-triceps-extension,,50.0,15
-0.665,0.871,0.015,rope-triceps-extension,,50.0,15
-0.639,0.825,0.09,rope-triceps-extension,,50.0,15
-0.543,0.813,0.107,rope-triceps-extension,,50.0,15
-0.451,0.89,0.072,rope-triceps-extension,,50.0,15
-0.46,0.928,-0.056,rope-triceps-extension,,50.0,15
-0.505,0.908,0.004,rope-triceps-extension,,50.0,15
-0.525,0.886,-0.073,rope-triceps-extension,,50.0,15
-0.519,0.885,-0.12,rope-triceps-extension,,50.0,15
-0.503,0.915,-0.093,rope-triceps-extension,,50.0,15
-0.5,0.932,-0.091,rope-triceps-extension,,50.0,15
-0.483,0.916,-0.084,rope-triceps-extension,,50.0,15
-0.452,0.9,-0.12,rope-triceps-extension,,50.0,15
-0.452,0.884,-0.064,rope-triceps-extension,,50.0,15
-0.479,0.898,-0.064,rope-triceps-extension,,50.0,15
-0.503,0.921,-0.151,rope-triceps-extension,,50.0,15
-0.519,0.895,-0.103,rope-triceps-extension,,50.0,15
-0.525,0.875,-0.193,rope-triceps-extension,,50.0,15
-0.523,0.871,-0.329,rope-triceps-extension,,50.0,15
-0.525,0.876,-0.318,rope-triceps-extension,,50.0,15
-0.517,0.86,-0.395,rope-triceps-extension,,50.0,15
-0.515,0.747,-0.385,rope-triceps-extension,,50.0,15
-0.515,0.725,-0.298,rope-triceps-extension,,50.0,15
-0.495,0.745,-0.246,rope-triceps-extension,,50.0,15
-0.459,0.77,-0.227,rope-triceps-extension,,50.0,15
-0.402,0.772,-0.219,rope-triceps-extension,,50.0,15
-0.325,0.776,-0.252,rope-triceps-extension,,50.0,15
-0.291,0.85,-0.082,rope-triceps-extension,,50.0,15
-0.304,0.914,-0.165,rope-triceps-extension,,50.0,15
-0.307,0.888,-0.404,rope-triceps-extension,,50.0,15
-0.321,0.866,-0.648,rope-triceps-extension,,50.0,15
-0.331,0.719,-0.746,rope-triceps-extension,,50.0,15
-0.357,0.622,-0.456,rope-triceps-extension,,50.0,15
-0.399,0.798,-0.207,rope-triceps-extension,,50.0,15
-0.392,0.784,-0.373,rope-triceps-extension,,50.0,15
-0.391,0.881,-0.548,rope-triceps-extension,,50.0,15
-0.378,0.737,-0.46,rope-triceps-extension,,50.0,15
-0.44,0.776,-0.312,rope-triceps-extension,,50.0,15
-0.448,0.744,-0.36,rope-triceps-extension,,50.0,15
-0.456,0.744,-0.43,rope-triceps-extension,,50.0,15
-0.494,0.721,-0.478,rope-triceps-extension,,50.0,15
-0.556,0.66,-0.286,rope-triceps-extension,,50.0,15
-0.589,0.736,-0.367,rope-triceps-extension,,50.0,15
-0.613,0.765,-0.347,rope-triceps-extension,,50.0,15
-0.651,0.719,-0.386,rope-triceps-extension,,50.0,15
-0.683,0.698,-0.303,rope-triceps-extension,,50.0,15
-0.661,0.729,-0.301,rope-triceps-extension,,50.0,15
-0.649,0.729,-0.324,rope-triceps-extension,,50.0,15
-0.661,0.709,-0.436,rope-triceps-extension,,50.0,15
-0.664,0.661,-0.39,rope-triceps-extension,,50.0,15
-0.592,0.751,-0.35,rope-triceps-extension,,50.0,15
-0.527,0.837,-0.368,rope-triceps-extension,,50.0,15
-0.506,0.816,-0.508,rope-triceps-extension,,50.0,15
-0.51,0.7,-0.571,rope-triceps-extension,,50.0,15
-0.512,0.656,-0.424,rope-triceps-extension,,50.0,15
-0.501,0.703,-0.441,rope-triceps-extension,,50.0,15
-0.511,0.733,-0.575,rope-triceps-extension,,50.0,15
-0.53,0.696,-0.698,rope-triceps-extension,,50.0,15
-0.507,0.705,-0.62,rope-triceps-extension,,50.0,15
-0.474,0.677,-0.601,rope-triceps-extension,,50.0,15
-0.473,0.564,-0.652,rope-triceps-extension,,50.0,15
-0.493,0.461,-0.613,rope-triceps-extension,,50.0,15
-0.516,0.474,-0.485,rope-triceps-extension,,50.0,15
-0.528,0.584,-0.528,rope-triceps-extension,,50.0,15
-0.547,0.61,-0.706,rope-triceps-extension,,50.0,15
-0.579,0.527,-0.734,rope-triceps-extension,,50.0,15
-0.588,0.462,-0.651,rope-triceps-extension,,50.0,15
-0.571,0.524,-0.523,rope-triceps-extension,,50.0,15
-0.542,0.691,-0.437,rope-triceps-extension,,50.0,15
-0.522,0.771,-0.487,rope-triceps-extension,,50.0,15
-0.495,0.761,-0.57,rope-triceps-extension,,50.0,15
-0.461,0.717,-0.557,rope-triceps-extension,,50.0,15
-0.459,0.69,-0.575,rope-triceps-extension,,50.0,15
-0.462,0.714,-0.622,rope-triceps-extension,,50.0,15
-0.451,0.702,-0.618,rope-triceps-extension,,50.0,15
-0.438,0.633,-0.641,rope-triceps-extension,,50.0,15
-0.436,0.548,-0.729,rope-triceps-extension,,50.0,15
-0.453,0.49,-0.854,rope-triceps-extension,,50.0,15
-0.479,0.496,-0.795,rope-triceps-extension,,50.0,15
-0.51,0.505,-0.593,rope-triceps-extension,,50.0,15
-0.54,0.551,-0.593,rope-triceps-extension,,50.0,15
-0.558,0.589,-0.564,rope-triceps-extension,,50.0,15
-0.547,0.622,-0.588,rope-triceps-extension,,50.0,15
-0.572,0.665,-0.595,rope-triceps-extension,,50.0,15
-0.612,0.664,-0.414,rope-triceps-extension,,50.0,15
-0.661,0.58,-0.321,rope-triceps-extension,,50.0,15
-0.738,0.524,-0.438,rope-triceps-extension,,50.0,15
-0.785,0.447,-0.402,rope-triceps-extension,,50.0,15
-0.832,0.424,-0.472,rope-triceps-extension,,50.0,15
