0.968,0.176,0.48,straight-bar-biceps-curl,,45.0,15
0.952,0.215,0.488,straight-bar-biceps-curl,,45.0,15
0.937,0.216,0.663,straight-bar-biceps-curl,,45.0,15
0.921,0.164,0.769,straight-bar-biceps-curl,,45.0,15
0.832,0.408,0.382,straight-bar-biceps-curl,,45.0,15
0.717,0.382,0.815,straight-bar-biceps-curl,,45.0,15
0.767,0.488,0.949,straight-bar-biceps-curl,,45.0,15
0.558,0.313,0.346,straight-bar-biceps-curl,,45.0,15
0.667,0.187,0.1,straight-bar-biceps-curl,,45.0,15
0.8,0.109,0.065,straight-bar-biceps-curl,,45.0,15
0.945,-0.025,0.401,straight-bar-biceps-curl,,45.0,15
1.05,-0.093,0.699,straight-bar-biceps-curl,,45.0,15
1.132,-0.104,0.591,straight-bar-biceps-curl,,45.0,15
1.117,0.096,0.43,straight-bar-biceps-curl,,45.0,15
1.121,0.197,0.312,straight-bar-biceps-curl,,45.0,15
1.122,0.347,0.364,straight-bar-biceps-curl,,45.0,15
1.077,0.511,0.492,straight-bar-biceps-curl,,45.0,15
1.103,0.397,0.489,straight-bar-biceps-curl,,45.0,15
1.189,0.287,0.5,straight-bar-biceps-curl,,45.0,15
1.175,0.237,0.298,straight-bar-biceps-curl,,45.0,15
1.063,0.245,0.351,straight-bar-biceps-curl,,45.0,15
0.966,0.213,0.628,straight-bar-biceps-curl,,45.0,15
0.963,0.131,0.633,straight-bar-biceps-curl,,45.0,15
0.958,0.139,0.5,straight-bar-biceps-curl,,45.0,15
0.899,0.197,0.402,straight-bar-biceps-curl,,45.0,15
0.864,0.204,0.408,straight-bar-biceps-curl,,45.0,15
0.852,0.196,0.452,straight-bar-biceps-curl,,45.0,15
0.818,0.255,0.503,straight-bar-biceps-curl,,45.0,15
0.799,0.348,0.41,straight-bar-biceps-curl,,45.0,15
0.808,0.384,0.193,straight-bar-biceps-curl,,45.0,15
0.843,0.403,0.168,straight-bar-biceps-curl,,45.0,15
0.896,0.429,0.254,straight-bar-biceps-curl,,45.0,15
0.931,0.415,0.478,straight-bar-biceps-curl,,45.0,15
0.989,0.373,0.527,straight-bar-biceps-curl,,45.0,15
1.01,0.276,0.446,straight-bar-biceps-curl,,45.0,15
1.057,0.201,0.415,straight-bar-biceps-curl,,45.0,15
1.022,0.242,0.434,straight-bar-biceps-curl,,45.0,15
0.98,0.256,0.468,straight-bar-biceps-curl,,45.0,15
0.992,0.255,0.53,straight-bar-biceps-curl,,45.0,15
0.992,0.167,0.488,straight-bar-biceps-curl,,45.0,15
0.984,0.129,0.458,straight-bar-biceps-curl,,45.0,15
0.952,0.113,0.348,straight-bar-biceps-curl,,45.0,15
0.951,0.159,0.383,straight-bar-biceps-curl,,45.0,15
0.943,0.193,0.47,straight-bar-biceps-curl,,45.0,15
0.939,0.202,0.541,straight-bar-biceps-curl,,45.0,15
0.956,0.217,0.461,straight-bar-biceps-curl,,45.0,15
0.921,0.226,0.439,straight-bar-biceps-curl,,45.0,15
0.934,0.246,0.429,straight-bar-biceps-curl,,45.0,15
0.906,0.226,0.495,straight-bar-biceps-curl,,45.0,15
0.943,0.273,0.484,straight-bar-biceps-curl,,45.0,15
0.904,0.295,0.6,straight-bar-biceps-curl,,45.0,15
0.888,0.193,0.56,straight-bar-biceps-curl,,45.0,15
0.88,0.332,0.436,straight-bar-biceps-curl,,45.0,15
0.842,0.389,0.364,straight-bar-biceps-curl,,45.0,15
0.862,0.392,0.487,straight-bar-biceps-curl,,45.0,15
0.937,0.377,0.438,straight-bar-biceps-curl,,45.0,15
0.93,0.426,0.453,straight-bar-biceps-curl,,45.0,15
0.921,0.376,0.533,straight-bar-biceps-curl,,45.0,15
0.954,0.334,0.564,straight-bar-biceps-curl,,45.0,15
0.98,0.241,0.541,straight-bar-biceps-curl,,45.0,15
0.984,0.27,0.464,straight-bar-biceps-curl,,45.0,15
0.946,0.28,0.454,straight-bar-biceps-curl,,45.0,15
0.955,0.261,0.481,straight-bar-biceps-curl,,45.0,15
0.948,0.232,0.488,straight-bar-biceps-curl,,45.0,15
0.926,0.236,0.459,straight-bar-biceps-curl,,45.0,15
0.926,0.217,0.419,straight-bar-biceps-curl,,45.0,15
0.945,0.169,0.375,straight-bar-biceps-curl,,45.0,15
0.957,0.12,0.328,straight-bar-biceps-curl,,45.0,15
0.955,0.104,0.454,straight-bar-biceps-curl,,45.0,15
0.957,0.119,0.446,straight-bar-biceps-curl,,45.0,15
0.975,0.138,0.37,straight-bar-biceps-curl,,45.0,15
0.984,0.154,0.467,straight-bar-biceps-curl,,45.0,15
0.975,0.192,0.502,straight-bar-biceps-curl,,45.0,15
0.95,0.229,0.476,straight-bar-biceps-curl,,45.0,15
0.936,0.214,0.553,straight-bar-biceps-curl,,45.0,15
0.94,0.2,0.566,straight-bar-biceps-curl,,45.0,15
0.936,0.216,0.576,straight-bar-biceps-curl,,45.0,15
0.936,0.228,0.62,straight-bar-biceps-curl,,45.0,15
0.97,0.236,0.608,straight-bar-biceps-curl,,45.0,15
1.028,0.219,0.573,straight-bar-biceps-curl,,45.0,15
1.091,0.179,0.538,straight-bar-biceps-curl,,45.0,15
1.151,0.16,0.529,straight-bar-biceps-curl,,45.0,15
1.199,0.157,0.505,straight-bar-biceps-curl,,45.0,15
1.209,0.152,0.505,straight-bar-biceps-curl,,45.0,15
1.184,0.157,0.458,straight-bar-biceps-curl,,45.0,15
1.187,0.173,0.457,straight-bar-biceps-curl,,45.0,15
1.194,0.186,0.556,straight-bar-biceps-curl,,45.0,15
1.189,0.199,0.582,straight-bar-biceps-curl,,45.0,15
1.141,0.218,0.597,straight-bar-biceps-curl,,45.0,15
1.086,0.218,0.632,straight-bar-biceps-curl,,45.0,15
1.089,0.193,0.56,straight-bar-biceps-curl,,45.0,15
1.113,0.166,0.581,straight-bar-biceps-curl,,45.0,15
1.088,0.154,0.651,straight-bar-biceps-curl,,45.0,15
1.083,0.123,0.587,straight-bar-biceps-curl,,45.0,15
1.054,0.097,0.56,straight-bar-biceps-curl,,45.0,15
1.039,0.101,0.559,straight-bar-biceps-curl,,45.0,15
1.026,0.081,0.555,straight-bar-biceps-curl,,45.0,15
0.97,0.088,0.588,straight-bar-biceps-curl,,45.0,15
0.914,0.088,0.624,straight-bar-biceps-curl,,45.0,15
0.937,0.09,0.624,straight-bar-biceps-curl,,45.0,15
0.809,0.119,0.631,straight-bar-biceps-curl,,45.0,15
0.84,0.096,0.6,straight-bar-biceps-curl,,45.0,15
0.912,0.144,0.624,straight-bar-biceps-curl,,45.0,15
0.788,0.167,0.57,straight-bar-biceps-curl,,45.0,15
0.792,0.16,0.56,straight-bar-biceps-curl,,45.0,15
0.792,0.153,0.59,straight-bar-biceps-curl,,45.0,15
0.741,0.159,0.519,straight-bar-biceps-curl,,45.0,15
0.693,0.174,0.605,straight-bar-biceps-curl,,45.0,15
0.716,0.169,0.518,straight-bar-biceps-curl,,45.0,15
0.713,0.202,0.552,straight-bar-biceps-curl,,45.0,15
0.692,0.201,0.573,straight-bar-biceps-curl,,45.0,15
0.688,0.18,0.569,straight-bar-biceps-curl,,45.0,15
0.713,0.17,0.568,straight-bar-biceps-curl,,45.0,15
0.72,0.112,0.556,straight-bar-biceps-curl,,45.0,15
0.72,0.072,0.558,straight-bar-biceps-curl,,45.0,15
0.72,0.052,0.566,straight-bar-biceps-curl,,45.0,15
0.731,0.037,0.557,straight-bar-biceps-curl,,45.0,15
0.725,-0.001,0.569,straight-bar-biceps-curl,,45.0,15
0.688,-0.032,0.506,straight-bar-biceps-curl,,45.0,15
0.677,-0.035,0.603,straight-bar-biceps-curl,,45.0,15
0.721,-0.057,0.723,straight-bar-biceps-curl,,45.0,15
0.749,-0.082,0.712,straight-bar-biceps-curl,,45.0,15
0.757,-0.088,0.903,straight-bar-biceps-curl,,45.0,15
0.848,-0.06,1.117,straight-bar-biceps-curl,,45.0,15
0.903,0.054,1.365,straight-bar-biceps-curl,,45.0,15
0.853,0.197,1.257,straight-bar-biceps-curl,,45.0,15
0.824,0.418,1.319,straight-bar-biceps-curl,,45.0,15
0.9,0.604,1.632,straight-bar-biceps-curl,,45.0,15
1.014,0.598,1.576,straight-bar-biceps-curl,,45.0,15
1.101,0.541,1.339,straight-bar-biceps-curl,,45.0,15
1.109,0.517,1.128,straight-bar-biceps-curl,,45.0,15
1.121,0.48,1.082,straight-bar-biceps-curl,,45.0,15
1.206,0.432,1.051,straight-bar-biceps-curl,,45.0,15
1.149,0.356,0.988,straight-bar-biceps-curl,,45.0,15
0.967,0.313,1.133,straight-bar-biceps-curl,,45.0,15
0.719,0.354,1.171,straight-bar-biceps-curl,,45.0,15
0.416,0.319,1.056,straight-bar-biceps-curl,,45.0,15
0.218,0.353,1.107,straight-bar-biceps-curl,,45.0,15
0.08,0.334,1.141,straight-bar-biceps-curl,,45.0,15
0.013,0.381,1.146,straight-bar-biceps-curl,,45.0,15
0.044,0.424,1.236,straight-bar-biceps-curl,,45.0,15
0.021,0.443,1.303,straight-bar-biceps-curl,,45.0,15
0.002,0.412,1.456,straight-bar-biceps-curl,,45.0,15
0.062,0.377,1.04,straight-bar-biceps-curl,,45.0,15
0.012,0.405,1.208,straight-bar-biceps-curl,,45.0,15
-0.003,0.339,0.98,straight-bar-biceps-curl,,45.0,15
0.011,0.265,0.816,straight-bar-biceps-curl,,45.0,15
-0.096,0.274,0.776,straight-bar-biceps-curl,,45.0,15
-0.238,0.286,0.446,straight-bar-biceps-curl,,45.0,15
-0.303,0.259,0.428,straight-bar-biceps-curl,,45.0,15
-0.302,0.188,0.486,straight-bar-biceps-curl,,45.0,15
-0.419,0.108,0.438,straight-bar-biceps-curl,,45.0,15
-0.526,-0.031,0.116,straight-bar-biceps-curl,,45.0,15
-0.322,0.023,-0.26,straight-bar-biceps-curl,,45.0,15
-0.134,0.063,-0.132,straight-bar-biceps-curl,,45.0,15
-0.143,-0.103,-0.326,straight-bar-biceps-curl,,45.0,15
-0.233,-0.149,-0.314,straight-bar-biceps-curl,,45.0,15
-0.291,-0.167,-0.465,straight-bar-biceps-curl,,45.0,15
-0.296,-0.161,-0.801,straight-bar-biceps-curl,,45.0,15
-0.338,-0.146,-0.568,straight-bar-biceps-curl,,45.0,15
-0.392,-0.164,-0.596,straight-bar-biceps-curl,,45.0,15
-0.46,-0.128,-0.528,straight-bar-biceps-curl,,45.0,15
-0.557,-0.074,-0.336,straight-bar-biceps-curl,,45.0,15
-0.684,-0.108,-0.194,straight-bar-biceps-curl,,45.0,15
-0.706,-0.095,0.024,straight-bar-biceps-curl,,45.0,15
-0.77,-0.052,-0.083,straight-bar-biceps-curl,,45.0,15
-0.845,0.248,-0.265,straight-bar-biceps-curl,,45.0,15
-0.772,0.329,0.198,straight-bar-biceps-curl,,45.0,15
-0.675,0.231,0.472,straight-bar-biceps-curl,,45.0,15
-0.626,0.214,0.666,straight-bar-biceps-curl,,45.0,15
-0.653,0.219,0.854,straight-bar-biceps-curl,,45.0,15
-0.784,0.338,0.581,straight-bar-biceps-curl,,45.0,15
-0.804,0.368,0.654,straight-bar-biceps-curl,,45.0,15
-0.728,0.291,0.625,straight-bar-biceps-curl,,45.0,15
-0.705,0.284,0.778,straight-bar-biceps-curl,,45.0,15
-0.757,0.317,0.792,straight-bar-biceps-curl,,45.0,15
-0.714,0.328,0.618,straight-bar-biceps-curl,,45.0,15
-0.615,0.32,0.65,straight-bar-biceps-curl,,45.0,15
-0.544,0.3,0.644,straight-bar-biceps-curl,,45.0,15
-0.458,0.284,0.892,straight-bar-biceps-curl,,45.0,15
-0.397,0.258,1.161,straight-bar-biceps-curl,,45.0,15
-0.366,0.236,0.934,straight-bar-biceps-curl,,45.0,15
-0.314,0.237,0.893,straight-bar-biceps-curl,,45.0,15
-0.256,0.245,1.136,straight-bar-biceps-curl,,45.0,15
-0.201,0.276,1.178,straight-bar-biceps-curl,,45.0,15
-0.143,0.284,1.156,straight-bar-biceps-curl,,45.0,15
-0.133,0.302,1.004,straight-bar-biceps-curl,,45.0,15
-0.154,0.371,1.067,straight-bar-biceps-curl,,45.0,15
-0.159,0.367,1.408,straight-bar-biceps-curl,,45.0,15
-0.097,0.377,1.14,straight-bar-biceps-curl,,45.0,15
-0.015,0.341,0.739,straight-bar-biceps-curl,,45.0,15
0.07,0.294,1.053,straight-bar-biceps-curl,,45.0,15
0.11,0.303,1.218,straight-bar-biceps-curl,,45.0,15
0.124,0.269,1.131,straight-bar-biceps-curl,,45.0,15
0.219,0.255,1.098,straight-bar-biceps-curl,,45.0,15
0.316,0.24,1.176,straight-bar-biceps-curl,,45.0,15
0.385,0.198,1.129,straight-bar-biceps-curl,,45.0,15
0.432,0.193,0.883,straight-bar-biceps-curl,,45.0,15
0.379,0.256,1.074,straight-bar-biceps-curl,,45.0,15
0.41,0.25,1.159,straight-bar-biceps-curl,,45.0,15
0.51,0.189,1.122,straight-bar-biceps-curl,,45.0,15
0.476,0.258,0.84,straight-bar-biceps-curl,,45.0,15
0.412,0.294,1.15,straight-bar-biceps-curl,,45.0,15
0.544,0.216,0.816,straight-bar-biceps-curl,,45.0,15
0.608,0.224,0.832,straight-bar-biceps-curl,,45.0,15
0.538,0.286,0.871,straight-bar-biceps-curl,,45.0,15
0.604,0.22,1.321,straight-bar-biceps-curl,,45.0,15
0.75,0.149,1.091,straight-bar-biceps-curl,,45.0,15
0.716,0.195,1.203,straight-bar-biceps-curl,,45.0,15
0.755,0.193,1.209,straight-bar-biceps-curl,,45.0,15
0.83,0.22,1.32,straight-bar-biceps-curl,,45.0,15
0.847,0.258,1.179,straight-bar-biceps-curl,,45.0,15
0.848,0.311,1.365,straight-bar-biceps-curl,,45.0,15
0.861,0.346,1.297,straight-bar-biceps-curl,,45.0,15
0.87,0.333,1.304,straight-bar-biceps-curl,,45.0,15
0.903,0.322,1.318,straight-bar-biceps-curl,,45.0,15
0.894,0.308,1.399,straight-bar-biceps-curl,,45.0,15
0.859,0.363,1.324,straight-bar-biceps-curl,,45.0,15
0.768,0.487,1.454,straight-bar-biceps-curl,,45.0,15
0.658,0.472,1.581,straight-bar-biceps-curl,,45.0,15
0.559,0.432,1.727,straight-bar-biceps-curl,,45.0,15
0.454,0.435,1.8,straight-bar-biceps-curl,,45.0,15
0.447,0.409,1.227,straight-bar-biceps-curl,,45.0,15
0.34,0.441,1.163,straight-bar-biceps-curl,,45.0,15
0.326,0.381,1.079,straight-bar-biceps-curl,,45.0,15
0.28,0.288,1.273,straight-bar-biceps-curl,,45.0,15
0.256,0.318,1.406,straight-bar-biceps-curl,,45.0,15
0.253,0.317,1.377,straight-bar-biceps-curl,,45.0,15
0.22,0.297,1.448,straight-bar-biceps-curl,,45.0,15
0.204,0.288,1.22,straight-bar-biceps-curl,,45.0,15
0.134,0.283,1.119,straight-bar-biceps-curl,,45.0,15
0.043,0.341,1.131,straight-bar-biceps-curl,,45.0,15
-0.017,0.349,0.916,straight-bar-biceps-curl,,45.0,15
-0.065,0.317,0.941,straight-bar-biceps-curl,,45.0,15
-0.133,0.326,0.9,straight-bar-biceps-curl,,45.0,15
-0.231,0.355,0.608,straight-bar-biceps-curl,,45.0,15
-0.295,0.389,0.574,straight-bar-biceps-curl,,45.0,15
-0.334,0.331,0.568,straight-bar-biceps-curl,,45.0,15
-0.394,0.326,0.456,straight-bar-biceps-curl,,45.0,15
-0.437,0.275,0.252,straight-bar-biceps-curl,,45.0,15
-0.349,0.174,0.043,straight-bar-biceps-curl,,45.0,15
-0.28,0.052,-0.276,straight-bar-biceps-curl,,45.0,15
-0.258,-0.068,-0.315,straight-bar-biceps-curl,,45.0,15
-0.167,-0.15,-0.454,straight-bar-biceps-curl,,45.0,15
-0.06,-0.211,-0.638,straight-bar-biceps-curl,,45.0,15
0.003,-0.169,-0.638,straight-bar-biceps-curl,,45.0,15
-0.059,-0.199,-0.691,straight-bar-biceps-curl,,45.0,15
-0.094,-0.151,-0.806,straight-bar-biceps-curl,,45.0,15
-0.242,-0.145,-0.658,straight-bar-biceps-curl,,45.0,15
-0.375,-0.143,-0.342,straight-bar-biceps-curl,,45.0,15
-0.443,-0.078,-0.32,straight-bar-biceps-curl,,45.0,15
-0.557,-0.125,-0.236,straight-bar-biceps-curl,,45.0,15
-0.629,0.032,-0.176,straight-bar-biceps-curl,,45.0,15
-0.73,0.191,-0.019,straight-bar-biceps-curl,,45.0,15
-0.784,0.168,0.155,straight-bar-biceps-curl,,45.0,15
-0.752,0.208,0.501,straight-bar-biceps-curl,,45.0,15
-0.674,0.27,1.242,straight-bar-biceps-curl,,45.0,15
-1.007,0.394,0.13,straight-bar-biceps-curl,,45.0,15
-0.778,0.34,0.78,straight-bar-biceps-curl,,45.0,15
-0.731,0.314,0.343,straight-bar-biceps-curl,,45.0,15
-0.835,0.398,0.432,straight-bar-biceps-curl,,45.0,15
-0.736,0.282,0.657,straight-bar-biceps-curl,,45.0,15
-0.584,0.4,0.695,straight-bar-biceps-curl,,45.0,15
-0.593,0.397,0.583,straight-bar-biceps-curl,,45.0,15
-0.411,0.32,0.71,straight-bar-biceps-curl,,45.0,15
-0.393,0.317,1.354,straight-bar-biceps-curl,,45.0,15
-0.394,0.394,0.967,straight-bar-biceps-curl,,45.0,15
-0.259,0.38,0.766,straight-bar-biceps-curl,,45.0,15
-0.251,0.392,1.217,straight-bar-biceps-curl,,45.0,15
-0.235,0.366,0.897,straight-bar-biceps-curl,,45.0,15
-0.196,0.385,1.055,straight-bar-biceps-curl,,45.0,15
-0.179,0.411,1.159,straight-bar-biceps-curl,,45.0,15
-0.15,0.384,1.041,straight-bar-biceps-curl,,45.0,15
-0.1,0.373,0.956,straight-bar-biceps-curl,,45.0,15
-0.036,0.351,0.906,straight-bar-biceps-curl,,45.0,15
0.088,0.36,1.534,straight-bar-biceps-curl,,45.0,15
0.208,0.334,1.292,straight-bar-biceps-curl,,45.0,15
0.212,0.291,0.925,straight-bar-biceps-curl,,45.0,15
0.154,0.327,1.106,straight-bar-biceps-curl,,45.0,15
0.195,0.31,1.026,straight-bar-biceps-curl,,45.0,15
0.328,0.26,1.012,straight-bar-biceps-curl,,45.0,15
0.427,0.287,0.952,straight-bar-biceps-curl,,45.0,15
0.427,0.301,1.014,straight-bar-biceps-curl,,45.0,15
0.431,0.267,1.136,straight-bar-biceps-curl,,45.0,15
0.551,0.274,1.046,straight-bar-biceps-curl,,45.0,15
0.632,0.314,1.05,straight-bar-biceps-curl,,45.0,15
0.562,0.301,0.924,straight-bar-biceps-curl,,45.0,15
0.526,0.313,1.254,straight-bar-biceps-curl,,45.0,15
0.669,0.347,1.214,straight-bar-biceps-curl,,45.0,15
0.803,0.339,0.877,straight-bar-biceps-curl,,45.0,15
0.752,0.305,0.9,straight-bar-biceps-curl,,45.0,15
0.703,0.263,0.964,straight-bar-biceps-curl,,45.0,15
0.756,0.181,0.976,straight-bar-biceps-curl,,45.0,15
0.86,0.144,0.746,straight-bar-biceps-curl,,45.0,15
0.863,0.203,0.813,straight-bar-biceps-curl,,45.0,15
0.835,0.225,1.01,straight-bar-biceps-curl,,45.0,15
0.864,0.178,0.723,straight-bar-biceps-curl,,45.0,15
0.935,0.225,1.033,straight-bar-biceps-curl,,45.0,15
0.933,0.24,0.998,straight-bar-biceps-curl,,45.0,15
0.964,0.291,1.186,straight-bar-biceps-curl,,45.0,15
0.99,0.321,1.024,straight-bar-biceps-curl,,45.0,15
0.976,0.399,1.338,straight-bar-biceps-curl,,45.0,15
0.978,0.383,1.197,straight-bar-biceps-curl,,45.0,15
1.009,0.368,1.283,straight-bar-biceps-curl,,45.0,15
1.026,0.367,1.487,straight-bar-biceps-curl,,45.0,15
1.096,0.328,1.192,straight-bar-biceps-curl,,45.0,15
1.056,0.432,1.264,straight-bar-biceps-curl,,45.0,15
1.079,0.51,1.551,straight-bar-biceps-curl,,45.0,15
1.148,0.421,1.781,straight-bar-biceps-curl,,45.0,15
0.996,0.416,1.3,straight-bar-biceps-curl,,45.0,15
0.875,0.358,1.133,straight-bar-biceps-curl,,45.0,15
0.657,0.473,1.498,straight-bar-biceps-curl,,45.0,15
0.52,0.327,1.132,straight-bar-biceps-curl,,45.0,15
0.361,0.352,1.188,straight-bar-biceps-curl,,45.0,15
0.283,0.347,1.268,straight-bar-biceps-curl,,45.0,15
0.252,0.272,1.241,straight-bar-biceps-curl,,45.0,15
0.242,0.307,1.213,straight-bar-biceps-curl,,45.0,15
0.246,0.314,1.152,straight-bar-biceps-curl,,45.0,15
0.266,0.354,1.178,straight-bar-biceps-curl,,45.0,15
0.207,0.339,1.11,straight-bar-biceps-curl,,45.0,15
0.138,0.339,0.994,straight-bar-biceps-curl,,45.0,15
0.048,0.316,0.938,straight-bar-biceps-curl,,45.0,15
-0.027,0.347,0.939,straight-bar-biceps-curl,,45.0,15
-0.101,0.384,0.933,straight-bar-biceps-curl,,45.0,15
-0.174,0.392,0.806,straight-bar-biceps-curl,,45.0,15
-0.244,0.357,0.578,straight-bar-biceps-curl,,45.0,15
-0.301,0.279,0.571,straight-bar-biceps-curl,,45.0,15
-0.385,0.212,0.651,straight-bar-biceps-curl,,45.0,15
-0.481,0.138,0.557,straight-bar-biceps-curl,,45.0,15
-0.485,0.087,0.278,straight-bar-biceps-curl,,45.0,15
-0.427,0.092,0.112,straight-bar-biceps-curl,,45.0,15
-0.436,0.028,-0.048,straight-bar-biceps-curl,,45.0,15
-0.434,-0.094,-0.293,straight-bar-biceps-curl,,45.0,15
-0.318,-0.148,-0.447,straight-bar-biceps-curl,,45.0,15
-0.236,-0.216,-0.502,straight-bar-biceps-curl,,45.0,15
-0.233,-0.272,-0.726,straight-bar-biceps-curl,,45.0,15
-0.23,-0.23,-0.919,straight-bar-biceps-curl,,45.0,15
-0.274,-0.234,-0.701,straight-bar-biceps-curl,,45.0,15
-0.372,-0.22,-0.711,straight-bar-biceps-curl,,45.0,15
-0.456,-0.182,-0.591,straight-bar-biceps-curl,,45.0,15
-0.48,-0.233,-0.263,straight-bar-biceps-curl,,45.0,15
-0.535,-0.16,-0.128,straight-bar-biceps-curl,,45.0,15
-0.651,-0.095,-0.076,straight-bar-biceps-curl,,45.0,15
-0.716,-0.03,-0.166,straight-bar-biceps-curl,,45.0,15
-0.706,0.11,-0.174,straight-bar-biceps-curl,,45.0,15
-0.735,0.165,0.141,straight-bar-biceps-curl,,45.0,15
-0.795,0.115,0.309,straight-bar-biceps-curl,,45.0,15
-0.722,0.125,0.662,straight-bar-biceps-curl,,45.0,15
-0.773,0.395,0.132,straight-bar-biceps-curl,,45.0,15
-0.799,0.394,0.319,straight-bar-biceps-curl,,45.0,15
-0.771,0.325,0.409,straight-bar-biceps-curl,,45.0,15
-0.637,0.411,0.712,straight-bar-biceps-curl,,45.0,15
-0.732,0.368,0.47,straight-bar-biceps-curl,,45.0,15
-0.606,0.366,0.706,straight-bar-biceps-curl,,45.0,15
-0.577,0.346,0.821,straight-bar-biceps-curl,,45.0,15
-0.587,0.391,0.466,straight-bar-biceps-curl,,45.0,15
-0.423,0.351,0.799,straight-bar-biceps-curl,,45.0,15
-0.361,0.297,1.489,straight-bar-biceps-curl,,45.0,15
-0.445,0.249,1.139,straight-bar-biceps-curl,,45.0,15
-0.44,0.309,1.037,straight-bar-biceps-curl,,45.0,15
-0.321,0.334,0.987,straight-bar-biceps-curl,,45.0,15
-0.217,0.351,1.013,straight-bar-biceps-curl,,45.0,15
-0.151,0.352,1.38,straight-bar-biceps-curl,,45.0,15
-0.144,0.31,1.222,straight-bar-biceps-curl,,45.0,15
-0.185,0.318,1.11,straight-bar-biceps-curl,,45.0,15
-0.179,0.327,0.883,straight-bar-biceps-curl,,45.0,15
-0.072,0.38,1.029,straight-bar-biceps-curl,,45.0,15
0.009,0.367,1.244,straight-bar-biceps-curl,,45.0,15
0.036,0.298,0.997,straight-bar-biceps-curl,,45.0,15
0.094,0.262,1.117,straight-bar-biceps-curl,,45.0,15
0.153,0.291,1.013,straight-bar-biceps-curl,,45.0,15
0.191,0.35,1.004,straight-bar-biceps-curl,,45.0,15
0.272,0.362,1.163,straight-bar-biceps-curl,,45.0,15
0.396,0.36,1.289,straight-bar-biceps-curl,,45.0,15
0.414,0.286,1.01,straight-bar-biceps-curl,,45.0,15
0.359,0.268,1.072,straight-bar-biceps-curl,,45.0,15
0.38,0.28,1.333,straight-bar-biceps-curl,,45.0,15
0.532,0.266,1.134,straight-bar-biceps-curl,,45.0,15
0.621,0.27,0.699,straight-bar-biceps-curl,,45.0,15
0.561,0.311,0.891,straight-bar-biceps-curl,,45.0,15
0.551,0.254,1.055,straight-bar-biceps-curl,,45.0,15
0.667,0.188,0.853,straight-bar-biceps-curl,,45.0,15
0.756,0.232,0.764,straight-bar-biceps-curl,,45.0,15
0.73,0.276,0.656,straight-bar-biceps-curl,,45.0,15
0.71,0.251,0.806,straight-bar-biceps-curl,,45.0,15
0.803,0.174,0.936,straight-bar-biceps-curl,,45.0,15
0.928,0.154,0.766,straight-bar-biceps-curl,,45.0,15
0.958,0.177,0.885,straight-bar-biceps-curl,,45.0,15
0.914,0.165,0.958,straight-bar-biceps-curl,,45.0,15
0.921,0.244,0.98,straight-bar-biceps-curl,,45.0,15
0.955,0.334,1.044,straight-bar-biceps-curl,,45.0,15
0.957,0.339,1.087,straight-bar-biceps-curl,,45.0,15
0.957,0.286,1.034,straight-bar-biceps-curl,,45.0,15
0.968,0.269,1.085,straight-bar-biceps-curl,,45.0,15
0.957,0.274,1.012,straight-bar-biceps-curl,,45.0,15
0.924,0.25,0.988,straight-bar-biceps-curl,,45.0,15
0.923,0.245,0.961,straight-bar-biceps-curl,,45.0,15
0.96,0.29,0.987,straight-bar-biceps-curl,,45.0,15
0.963,0.29,0.967,straight-bar-biceps-curl,,45.0,15
0.98,0.283,0.952,straight-bar-biceps-curl,,45.0,15
0.999,0.396,0.979,straight-bar-biceps-curl,,45.0,15
1.005,0.492,1.372,straight-bar-biceps-curl,,45.0,15
1.095,0.338,1.397,straight-bar-biceps-curl,,45.0,15
1.072,0.236,1.326,straight-bar-biceps-curl,,45.0,15
0.891,0.364,0.914,straight-bar-biceps-curl,,45.0,15
0.72,0.416,1.155,straight-bar-biceps-curl,,45.0,15
0.712,0.422,1.21,straight-bar-biceps-curl,,45.0,15
0.456,0.344,1.264,straight-bar-biceps-curl,,45.0,15
0.408,0.392,1.288,straight-bar-biceps-curl,,45.0,15
0.369,0.338,1.288,straight-bar-biceps-curl,,45.0,15
0.391,0.366,1.197,straight-bar-biceps-curl,,45.0,15
0.399,0.383,1.08,straight-bar-biceps-curl,,45.0,15
0.364,0.231,1.065,straight-bar-biceps-curl,,45.0,15
0.289,0.216,1.143,straight-bar-biceps-curl,,45.0,15
0.168,0.216,1.089,straight-bar-biceps-curl,,45.0,15
0.022,0.23,1.128,straight-bar-biceps-curl,,45.0,15
-0.06,0.285,1.036,straight-bar-biceps-curl,,45.0,15
-0.092,0.329,0.996,straight-bar-biceps-curl,,45.0,15
-0.166,0.361,1.265,straight-bar-biceps-curl,,45.0,15
-0.24,0.393,0.915,straight-bar-biceps-curl,,45.0,15
-0.226,0.406,0.798,straight-bar-biceps-curl,,45.0,15
-0.281,0.426,0.841,straight-bar-biceps-curl,,45.0,15
-0.43,0.449,0.679,straight-bar-biceps-curl,,45.0,15
-0.48,0.423,0.747,straight-bar-biceps-curl,,45.0,15
-0.453,0.37,0.64,straight-bar-biceps-curl,,45.0,15
-0.445,0.268,0.46,straight-bar-biceps-curl,,45.0,15
-0.453,0.163,0.326,straight-bar-biceps-curl,,45.0,15
-0.397,0.103,0.24,straight-bar-biceps-curl,,45.0,15
-0.279,-0.046,-0.085,straight-bar-biceps-curl,,45.0,15
-0.164,-0.104,-0.242,straight-bar-biceps-curl,,45.0,15
-0.107,-0.138,-0.449,straight-bar-biceps-curl,,45.0,15
-0.07,-0.253,-0.705,straight-bar-biceps-curl,,45.0,15
-0.06,-0.3,-0.868,straight-bar-biceps-curl,,45.0,15
-0.096,-0.284,-0.88,straight-bar-biceps-curl,,45.0,15
-0.185,-0.261,-0.704,straight-bar-biceps-curl,,45.0,15
-0.326,-0.196,-0.63,straight-bar-biceps-curl,,45.0,15
-0.472,-0.105,-0.557,straight-bar-biceps-curl,,45.0,15
-0.613,-0.066,-0.317,straight-bar-biceps-curl,,45.0,15
-0.693,-0.054,-0.208,straight-bar-biceps-curl,,45.0,15
-0.691,0.048,-0.265,straight-bar-biceps-curl,,45.0,15
-0.705,0.155,-0.051,straight-bar-biceps-curl,,45.0,15
-0.731,0.146,0.236,straight-bar-biceps-curl,,45.0,15
-0.711,0.13,0.289,straight-bar-biceps-curl,,45.0,15
-0.643,0.14,0.549,straight-bar-biceps-curl,,45.0,15
-0.702,0.196,0.377,straight-bar-biceps-curl,,45.0,15
-0.704,0.359,0.274,straight-bar-biceps-curl,,45.0,15
-0.62,0.224,0.778,straight-bar-biceps-curl,,45.0,15
-0.65,0.28,0.711,straight-bar-biceps-curl,,45.0,15
-0.7,0.434,0.396,straight-bar-biceps-curl,,45.0,15
-0.623,0.273,0.6,straight-bar-biceps-curl,,45.0,15
-0.485,0.223,1.131,straight-bar-biceps-curl,,45.0,15
-0.518,0.294,0.977,straight-bar-biceps-curl,,45.0,15
-0.553,0.279,0.903,straight-bar-biceps-curl,,45.0,15
-0.547,0.27,0.739,straight-bar-biceps-curl,,45.0,15
-0.434,0.253,1.25,straight-bar-biceps-curl,,45.0,15
-0.373,0.223,1.477,straight-bar-biceps-curl,,45.0,15
-0.336,0.218,0.893,straight-bar-biceps-curl,,45.0,15
-0.325,0.25,0.993,straight-bar-biceps-curl,,45.0,15
-0.239,0.321,1.033,straight-bar-biceps-curl,,45.0,15
-0.153,0.375,1.095,straight-bar-biceps-curl,,45.0,15
-0.09,0.329,1.453,straight-bar-biceps-curl,,45.0,15
-0.111,0.26,1.228,straight-bar-biceps-curl,,45.0,15
-0.06,0.308,0.948,straight-bar-biceps-curl,,45.0,15
0.032,0.348,1.147,straight-bar-biceps-curl,,45.0,15
0.09,0.323,1.118,straight-bar-biceps-curl,,45.0,15
0.131,0.292,1.049,straight-bar-biceps-curl,,45.0,15
0.177,0.261,1.02,straight-bar-biceps-curl,,45.0,15
0.237,0.176,1.449,straight-bar-biceps-curl,,45.0,15
0.333,0.167,0.579,straight-bar-biceps-curl,,45.0,15
0.346,0.32,1.199,straight-bar-biceps-curl,,45.0,15
0.474,0.273,1.428,straight-bar-biceps-curl,,45.0,15
0.657,0.2,1.088,straight-bar-biceps-curl,,45.0,15
0.592,0.237,0.841,straight-bar-biceps-curl,,45.0,15
0.466,0.245,1.204,straight-bar-biceps-curl,,45.0,15
0.599,0.24,1.418,straight-bar-biceps-curl,,45.0,15
0.715,0.294,1.142,straight-bar-biceps-curl,,45.0,15
0.61,0.315,0.968,straight-bar-biceps-curl,,45.0,15
0.493,0.281,1.222,straight-bar-biceps-curl,,45.0,15
0.588,0.22,0.887,straight-bar-biceps-curl,,45.0,15
0.717,0.235,0.747,straight-bar-biceps-curl,,45.0,15
0.733,0.264,0.99,straight-bar-biceps-curl,,45.0,15
0.76,0.219,0.878,straight-bar-biceps-curl,,45.0,15
0.827,0.206,0.854,straight-bar-biceps-curl,,45.0,15
0.868,0.224,0.968,straight-bar-biceps-curl,,45.0,15
0.9,0.184,0.888,straight-bar-biceps-curl,,45.0,15
0.92,0.167,0.893,straight-bar-biceps-curl,,45.0,15
0.905,0.229,0.965,straight-bar-biceps-curl,,45.0,15
0.888,0.251,0.973,straight-bar-biceps-curl,,45.0,15
0.908,0.197,0.956,straight-bar-biceps-curl,,45.0,15
0.926,0.179,0.954,straight-bar-biceps-curl,,45.0,15
0.894,0.226,1.071,straight-bar-biceps-curl,,45.0,15
0.881,0.256,1.079,straight-bar-biceps-curl,,45.0,15
0.917,0.259,1.096,straight-bar-biceps-curl,,45.0,15
0.938,0.292,1.326,straight-bar-biceps-curl,,45.0,15
0.989,0.371,1.356,straight-bar-biceps-curl,,45.0,15
1.045,0.423,1.258,straight-bar-biceps-curl,,45.0,15
1.018,0.427,1.633,straight-bar-biceps-curl,,45.0,15
1.002,0.378,1.717,straight-bar-biceps-curl,,45.0,15
0.907,0.354,1.454,straight-bar-biceps-curl,,45.0,15
0.759,0.434,1.116,straight-bar-biceps-curl,,45.0,15
0.598,0.45,1.163,straight-bar-biceps-curl,,45.0,15
0.689,0.233,0.967,straight-bar-biceps-curl,,45.0,15
0.504,0.314,1.289,straight-bar-biceps-curl,,45.0,15
0.527,0.264,1.124,straight-bar-biceps-curl,,45.0,15
0.352,0.159,1.201,straight-bar-biceps-curl,,45.0,15
0.339,0.217,1.125,straight-bar-biceps-curl,,45.0,15
0.198,0.236,0.947,straight-bar-biceps-curl,,45.0,15
0.159,0.291,1.187,straight-bar-biceps-curl,,45.0,15
-0.009,0.346,0.929,straight-bar-biceps-curl,,45.0,15
-0.04,0.424,0.96,straight-bar-biceps-curl,,45.0,15
-0.088,0.448,0.968,straight-bar-biceps-curl,,45.0,15
-0.22,0.502,1.123,straight-bar-biceps-curl,,45.0,15
-0.201,0.496,1.021,straight-bar-biceps-curl,,45.0,15
-0.148,0.421,1.113,straight-bar-biceps-curl,,45.0,15
-0.217,0.438,1.047,straight-bar-biceps-curl,,45.0,15
-0.338,0.383,0.719,straight-bar-biceps-curl,,45.0,15
-0.233,0.362,0.764,straight-bar-biceps-curl,,45.0,15
-0.284,0.36,0.483,straight-bar-biceps-curl,,45.0,15
-0.456,0.327,0.645,straight-bar-biceps-curl,,45.0,15
-0.534,0.3,0.467,straight-bar-biceps-curl,,45.0,15
-0.449,0.226,0.333,straight-bar-biceps-curl,,45.0,15
-0.331,0.158,0.095,straight-bar-biceps-curl,,45.0,15
-0.328,0.078,-0.071,straight-bar-biceps-curl,,45.0,15
-0.277,-0.068,-0.351,straight-bar-biceps-curl,,45.0,15
-0.222,-0.232,-0.486,straight-bar-biceps-curl,,45.0,15
-0.208,-0.364,-0.443,straight-bar-biceps-curl,,45.0,15
-0.159,-0.405,-0.714,straight-bar-biceps-curl,,45.0,15
-0.104,-0.34,-0.945,straight-bar-biceps-curl,,45.0,15
-0.129,-0.294,-0.9,straight-bar-biceps-curl,,45.0,15
-0.251,-0.268,-0.833,straight-bar-biceps-curl,,45.0,15
-0.374,-0.17,-0.709,straight-bar-biceps-curl,,45.0,15
-0.458,-0.121,-0.53,straight-bar-biceps-curl,,45.0,15
-0.551,-0.182,-0.282,straight-bar-biceps-curl,,45.0,15
-0.635,-0.129,-0.252,straight-bar-biceps-curl,,45.0,15
-0.681,-0.002,-0.261,straight-bar-biceps-curl,,45.0,15
-0.688,0.144,-0.244,straight-bar-biceps-curl,,45.0,15
-0.734,0.179,-0.108,straight-bar-biceps-curl,,45.0,15
-0.766,0.133,0.108,straight-bar-biceps-curl,,45.0,15
-0.754,0.122,0.179,straight-bar-biceps-curl,,45.0,15
-0.793,0.094,0.227,straight-bar-biceps-curl,,45.0,15
-0.8,0.171,0.231,straight-bar-biceps-curl,,45.0,15
-0.758,0.218,0.346,straight-bar-biceps-curl,,45.0,15
-0.734,0.22,0.374,straight-bar-biceps-curl,,45.0,15
-0.722,0.248,0.449,straight-bar-biceps-curl,,45.0,15
-0.675,0.264,0.685,straight-bar-biceps-curl,,45.0,15
-0.664,0.291,0.694,straight-bar-biceps-curl,,45.0,15
-0.648,0.338,0.749,straight-bar-biceps-curl,,45.0,15
-0.597,0.287,0.879,straight-bar-biceps-curl,,45.0,15
-0.554,0.258,0.853,straight-bar-biceps-curl,,45.0,15
-0.508,0.305,0.987,straight-bar-biceps-curl,,45.0,15
-0.488,0.27,1.026,straight-bar-biceps-curl,,45.0,15
-0.457,0.232,1.154,straight-bar-biceps-curl,,45.0,15
-0.457,0.235,0.857,straight-bar-biceps-curl,,45.0,15
-0.416,0.244,1.362,straight-bar-biceps-curl,,45.0,15
-0.357,0.226,0.979,straight-bar-biceps-curl,,45.0,15
-0.271,0.247,0.869,straight-bar-biceps-curl,,45.0,15
-0.19,0.309,1.199,straight-bar-biceps-curl,,45.0,15
-0.166,0.355,1.385,straight-bar-biceps-curl,,45.0,15
-0.144,0.286,0.76,straight-bar-biceps-curl,,45.0,15
-0.134,0.257,1.069,straight-bar-biceps-curl,,45.0,15
-0.071,0.288,1.238,straight-bar-biceps-curl,,45.0,15
0.079,0.32,1.066,straight-bar-biceps-curl,,45.0,15
0.158,0.304,1.212,straight-bar-biceps-curl,,45.0,15
0.137,0.205,1.406,straight-bar-biceps-curl,,45.0,15
0.24,0.193,1.088,straight-bar-biceps-curl,,45.0,15
0.379,0.228,0.831,straight-bar-biceps-curl,,45.0,15
0.349,0.275,1.179,straight-bar-biceps-curl,,45.0,15
0.358,0.308,1.329,straight-bar-biceps-curl,,45.0,15
0.415,0.251,1.01,straight-bar-biceps-curl,,45.0,15
0.464,0.26,1.225,straight-bar-biceps-curl,,45.0,15
0.492,0.31,0.876,straight-bar-biceps-curl,,45.0,15
0.502,0.384,0.994,straight-bar-biceps-curl,,45.0,15
0.535,0.332,1.11,straight-bar-biceps-curl,,45.0,15
0.55,0.246,1.013,straight-bar-biceps-curl,,45.0,15
0.558,0.259,0.841,straight-bar-biceps-curl,,45.0,15
0.589,0.283,0.901,straight-bar-biceps-curl,,45.0,15
0.661,0.193,1.156,straight-bar-biceps-curl,,45.0,15
0.726,0.136,0.788,straight-bar-biceps-curl,,45.0,15
0.739,0.181,0.615,straight-bar-biceps-curl,,45.0,15
0.767,0.203,0.773,straight-bar-biceps-curl,,45.0,15
0.858,0.146,0.873,straight-bar-biceps-curl,,45.0,15
0.933,0.117,0.898,straight-bar-biceps-curl,,45.0,15
0.943,0.143,0.899,straight-bar-biceps-curl,,45.0,15
0.914,0.173,0.923,straight-bar-biceps-curl,,45.0,15
0.909,0.184,1.022,straight-bar-biceps-curl,,45.0,15
0.937,0.205,1.034,straight-bar-biceps-curl,,45.0,15
0.964,0.252,1.052,straight-bar-biceps-curl,,45.0,15
0.957,0.272,1.051,straight-bar-biceps-curl,,45.0,15
0.918,0.253,1.072,straight-bar-biceps-curl,,45.0,15
0.896,0.258,1.149,straight-bar-biceps-curl,,45.0,15
0.883,0.304,1.06,straight-bar-biceps-curl,,45.0,15
0.88,0.326,1.138,straight-bar-biceps-curl,,45.0,15
0.935,0.324,1.194,straight-bar-biceps-curl,,45.0,15
0.975,0.382,1.074,straight-bar-biceps-curl,,45.0,15
0.985,0.412,1.277,straight-bar-biceps-curl,,45.0,15
1.076,0.29,1.328,straight-bar-biceps-curl,,45.0,15
1.144,0.208,1.465,straight-bar-biceps-curl,,45.0,15
1.052,0.298,1.341,straight-bar-biceps-curl,,45.0,15
0.888,0.382,1.146,straight-bar-biceps-curl,,45.0,15
0.696,0.427,1.216,straight-bar-biceps-curl,,45.0,15
0.664,0.26,1.151,straight-bar-biceps-curl,,45.0,15
0.454,0.325,1.161,straight-bar-biceps-curl,,45.0,15
0.351,0.302,1.098,straight-bar-biceps-curl,,45.0,15
0.204,0.259,1.075,straight-bar-biceps-curl,,45.0,15
0.179,0.267,1.068,straight-bar-biceps-curl,,45.0,15
0.143,0.252,0.987,straight-bar-biceps-curl,,45.0,15
0.074,0.342,1.23,straight-bar-biceps-curl,,45.0,15
0.027,0.389,1.267,straight-bar-biceps-curl,,45.0,15
0.05,0.36,1.141,straight-bar-biceps-curl,,45.0,15
-0.034,0.36,1.304,straight-bar-biceps-curl,,45.0,15
-0.066,0.367,0.992,straight-bar-biceps-curl,,45.0,15
-0.144,0.32,0.992,straight-bar-biceps-curl,,45.0,15
-0.2,0.352,1.224,straight-bar-biceps-curl,,45.0,15
-0.161,0.399,1.045,straight-bar-biceps-curl,,45.0,15
-0.213,0.408,1.032,straight-bar-biceps-curl,,45.0,15
-0.372,0.401,0.764,straight-bar-biceps-curl,,45.0,15
-0.369,0.364,0.656,straight-bar-biceps-curl,,45.0,15
-0.475,0.381,0.662,straight-bar-biceps-curl,,45.0,15
-0.635,0.377,0.671,straight-bar-biceps-curl,,45.0,15
-0.608,0.362,0.351,straight-bar-biceps-curl,,45.0,15
-0.6,0.293,0.469,straight-bar-biceps-curl,,45.0,15
-0.567,0.221,0.205,straight-bar-biceps-curl,,45.0,15
-0.408,0.125,0.022,straight-bar-biceps-curl,,45.0,15
-0.269,0.054,-0.188,straight-bar-biceps-curl,,45.0,15
-0.174,-0.129,-0.476,straight-bar-biceps-curl,,45.0,15
-0.058,-0.278,-0.74,straight-bar-biceps-curl,,45.0,15
0.085,-0.341,-0.917,straight-bar-biceps-curl,,45.0,15
0.156,-0.352,-0.971,straight-bar-biceps-curl,,45.0,15
0.152,-0.352,-0.906,straight-bar-biceps-curl,,45.0,15
0.07,-0.32,-0.925,straight-bar-biceps-curl,,45.0,15
-0.111,-0.268,-0.886,straight-bar-biceps-curl,,45.0,15
-0.301,-0.208,-0.695,straight-bar-biceps-curl,,45.0,15
-0.401,-0.151,-0.428,straight-bar-biceps-curl,,45.0,15
-0.48,-0.077,-0.437,straight-bar-biceps-curl,,45.0,15
-0.565,-0.013,-0.425,straight-bar-biceps-curl,,45.0,15
-0.639,0.051,-0.357,straight-bar-biceps-curl,,45.0,15
-0.668,0.067,-0.252,straight-bar-biceps-curl,,45.0,15
-0.656,0.032,-0.024,straight-bar-biceps-curl,,45.0,15
-0.648,0.039,0.073,straight-bar-biceps-curl,,45.0,15
-0.703,0.079,0.1,straight-bar-biceps-curl,,45.0,15
-0.779,0.135,0.132,straight-bar-biceps-curl,,45.0,15
-0.758,0.194,0.207,straight-bar-biceps-curl,,45.0,15
-0.735,0.218,0.383,straight-bar-biceps-curl,,45.0,15
-0.799,0.253,0.382,straight-bar-biceps-curl,,45.0,15
-0.781,0.308,0.464,straight-bar-biceps-curl,,45.0,15
-0.653,0.33,0.731,straight-bar-biceps-curl,,45.0,15
-0.629,0.32,0.699,straight-bar-biceps-curl,,45.0,15
-0.588,0.323,0.644,straight-bar-biceps-curl,,45.0,15
-0.499,0.261,0.976,straight-bar-biceps-curl,,45.0,15
-0.522,0.289,0.933,straight-bar-biceps-curl,,45.0,15
-0.563,0.322,0.617,straight-bar-biceps-curl,,45.0,15
-0.398,0.275,1.152,straight-bar-biceps-curl,,45.0,15
-0.405,0.269,1.35,straight-bar-biceps-curl,,45.0,15
-0.422,0.317,0.653,straight-bar-biceps-curl,,45.0,15
-0.28,0.309,0.904,straight-bar-biceps-curl,,45.0,15
-0.313,0.328,1.608,straight-bar-biceps-curl,,45.0,15
-0.243,0.288,0.998,straight-bar-biceps-curl,,45.0,15
-0.051,0.346,0.72,straight-bar-biceps-curl,,45.0,15
-0.076,0.357,1.252,straight-bar-biceps-curl,,45.0,15
-0.105,0.326,1.27,straight-bar-biceps-curl,,45.0,15
-0.004,0.294,0.943,straight-bar-biceps-curl,,45.0,15
0.065,0.25,1.521,straight-bar-biceps-curl,,45.0,15
0.113,0.321,1.025,straight-bar-biceps-curl,,45.0,15
0.207,0.383,1.087,straight-bar-biceps-curl,,45.0,15
0.324,0.275,1.041,straight-bar-biceps-curl,,45.0,15
0.351,0.348,1.451,straight-bar-biceps-curl,,45.0,15
0.352,0.33,1.055,straight-bar-biceps-curl,,45.0,15
0.425,0.328,1.104,straight-bar-biceps-curl,,45.0,15
0.489,0.328,0.912,straight-bar-biceps-curl,,45.0,15
0.496,0.293,0.965,straight-bar-biceps-curl,,45.0,15
0.51,0.22,1.003,straight-bar-biceps-curl,,45.0,15
0.579,0.208,1.348,straight-bar-biceps-curl,,45.0,15
0.677,0.201,1.058,straight-bar-biceps-curl,,45.0,15
0.69,0.27,0.614,straight-bar-biceps-curl,,45.0,15
0.645,0.282,0.811,straight-bar-biceps-curl,,45.0,15
0.747,0.195,1.301,straight-bar-biceps-curl,,45.0,15
0.902,0.127,0.897,straight-bar-biceps-curl,,45.0,15
0.841,0.227,0.819,straight-bar-biceps-curl,,45.0,15
0.783,0.289,0.842,straight-bar-biceps-curl,,45.0,15
0.83,0.258,0.946,straight-bar-biceps-curl,,45.0,15
0.888,0.245,1.032,straight-bar-biceps-curl,,45.0,15
0.889,0.258,0.977,straight-bar-biceps-curl,,45.0,15
0.885,0.229,0.921,straight-bar-biceps-curl,,45.0,15
0.878,0.203,0.989,straight-bar-biceps-curl,,45.0,15
0.895,0.209,1.008,straight-bar-biceps-curl,,45.0,15
0.903,0.198,1.042,straight-bar-biceps-curl,,45.0,15
0.922,0.18,1.015,straight-bar-biceps-curl,,45.0,15
0.948,0.188,1.035,straight-bar-biceps-curl,,45.0,15
0.944,0.236,1.112,straight-bar-biceps-curl,,45.0,15
0.951,0.268,1.181,straight-bar-biceps-curl,,45.0,15
0.994,0.323,1.201,straight-bar-biceps-curl,,45.0,15
1.031,0.427,1.21,straight-bar-biceps-curl,,45.0,15
1.08,0.442,1.452,straight-bar-biceps-curl,,45.0,15
1.113,0.371,1.569,straight-bar-biceps-curl,,45.0,15
1.013,0.34,1.364,straight-bar-biceps-curl,,45.0,15
0.84,0.415,1.266,straight-bar-biceps-curl,,45.0,15
0.755,0.432,1.194,straight-bar-biceps-curl,,45.0,15
0.712,0.308,1.046,straight-bar-biceps-curl,,45.0,15
0.529,0.358,1.215,straight-bar-biceps-curl,,45.0,15
0.5,0.32,1.248,straight-bar-biceps-curl,,45.0,15
0.345,0.297,1.269,straight-bar-biceps-curl,,45.0,15
0.382,0.35,1.183,straight-bar-biceps-curl,,45.0,15
0.341,0.379,1.093,straight-bar-biceps-curl,,45.0,15
0.284,0.403,1.144,straight-bar-biceps-curl,,45.0,15
0.205,0.365,1.191,straight-bar-biceps-curl,,45.0,15
0.18,0.409,1.211,straight-bar-biceps-curl,,45.0,15
0.111,0.35,1.012,straight-bar-biceps-curl,,45.0,15
0.045,0.428,1.126,straight-bar-biceps-curl,,45.0,15
-0.036,0.391,0.818,straight-bar-biceps-curl,,45.0,15
-0.085,0.313,1.075,straight-bar-biceps-curl,,45.0,15
-0.22,0.321,0.852,straight-bar-biceps-curl,,45.0,15
-0.278,0.332,0.794,straight-bar-biceps-curl,,45.0,15
-0.393,0.255,0.826,straight-bar-biceps-curl,,45.0,15
-0.432,0.224,0.624,straight-bar-biceps-curl,,45.0,15
-0.4,0.296,0.544,straight-bar-biceps-curl,,45.0,15
-0.555,0.28,0.513,straight-bar-biceps-curl,,45.0,15
-0.537,0.212,0.253,straight-bar-biceps-curl,,45.0,15
-0.409,0.148,-0.036,straight-bar-biceps-curl,,45.0,15
-0.342,0.078,-0.282,straight-bar-biceps-curl,,45.0,15
-0.329,-0.035,-0.29,straight-bar-biceps-curl,,45.0,15
-0.202,-0.153,-0.651,straight-bar-biceps-curl,,45.0,15
-0.095,-0.339,-0.772,straight-bar-biceps-curl,,45.0,15
-0.093,-0.355,-0.851,straight-bar-biceps-curl,,45.0,15
-0.057,-0.248,-0.766,straight-bar-biceps-curl,,45.0,15
-0.118,-0.237,-0.541,straight-bar-biceps-curl,,45.0,15
-0.248,-0.141,-0.414,straight-bar-biceps-curl,,45.0,15
-0.419,-0.064,-0.223,straight-bar-biceps-curl,,45.0,15
-0.493,0.017,-0.18,straight-bar-biceps-curl,,45.0,15
-0.498,0.132,-0.081,straight-bar-biceps-curl,,45.0,15
-0.563,0.224,0.077,straight-bar-biceps-curl,,45.0,15
-0.711,0.232,0.274,straight-bar-biceps-curl,,45.0,15
-0.731,0.24,0.46,straight-bar-biceps-curl,,45.0,15
-0.692,0.299,0.444,straight-bar-biceps-curl,,45.0,15
-0.705,0.303,0.504,straight-bar-biceps-curl,,45.0,15
-0.715,0.278,0.841,straight-bar-biceps-curl,,45.0,15
-0.684,0.323,0.881,straight-bar-biceps-curl,,45.0,15
-0.637,0.378,0.932,straight-bar-biceps-curl,,45.0,15
-0.59,0.409,0.819,straight-bar-biceps-curl,,45.0,15
-0.564,0.428,0.811,straight-bar-biceps-curl,,45.0,15
-0.608,0.424,0.904,straight-bar-biceps-curl,,45.0,15
-0.614,0.431,0.847,straight-bar-biceps-curl,,45.0,15
-0.55,0.426,0.98,straight-bar-biceps-curl,,45.0,15
-0.521,0.404,1.064,straight-bar-biceps-curl,,45.0,15
-0.461,0.418,0.879,straight-bar-biceps-curl,,45.0,15
-0.36,0.397,0.963,straight-bar-biceps-curl,,45.0,15
-0.281,0.313,1.139,straight-bar-biceps-curl,,45.0,15
-0.186,0.29,0.776,straight-bar-biceps-curl,,45.0,15
-0.079,0.333,0.999,straight-bar-biceps-curl,,45.0,15
-0.022,0.318,1.336,straight-bar-biceps-curl,,45.0,15
0.032,0.323,1.21,straight-bar-biceps-curl,,45.0,15
0.093,0.386,0.953,straight-bar-biceps-curl,,45.0,15
0.06,0.356,1.218,straight-bar-biceps-curl,,45.0,15
0.089,0.26,1.197,straight-bar-biceps-curl,,45.0,15
0.229,0.295,1.036,straight-bar-biceps-curl,,45.0,15
0.256,0.378,0.929,straight-bar-biceps-curl,,45.0,15
0.207,0.357,1.471,straight-bar-biceps-curl,,45.0,15
0.284,0.243,1.161,straight-bar-biceps-curl,,45.0,15
0.342,0.274,0.754,straight-bar-biceps-curl,,45.0,15
0.325,0.363,1.154,straight-bar-biceps-curl,,45.0,15
0.32,0.263,1.239,straight-bar-biceps-curl,,45.0,15
0.45,0.196,0.886,straight-bar-biceps-curl,,45.0,15
0.478,0.327,0.795,straight-bar-biceps-curl,,45.0,15
0.565,0.417,0.959,straight-bar-biceps-curl,,45.0,15
0.671,0.275,1.225,straight-bar-biceps-curl,,45.0,15
0.648,0.114,0.738,straight-bar-biceps-curl,,45.0,15
0.648,0.31,0.926,straight-bar-biceps-curl,,45.0,15
0.671,0.312,0.78,straight-bar-biceps-curl,,45.0,15
0.733,0.205,0.837,straight-bar-biceps-curl,,45.0,15
0.773,0.178,0.877,straight-bar-biceps-curl,,45.0,15
0.812,0.14,0.997,straight-bar-biceps-curl,,45.0,15
0.895,0.136,0.958,straight-bar-biceps-curl,,45.0,15
0.918,0.178,0.896,straight-bar-biceps-curl,,45.0,15
0.94,0.239,1.011,straight-bar-biceps-curl,,45.0,15
0.964,0.261,1.112,straight-bar-biceps-curl,,45.0,15
0.955,0.297,1.063,straight-bar-biceps-curl,,45.0,15
0.99,0.304,1.086,straight-bar-biceps-curl,,45.0,15
0.994,0.292,1.053,straight-bar-biceps-curl,,45.0,15
0.95,0.282,1.046,straight-bar-biceps-curl,,45.0,15
0.924,0.215,1.007,straight-bar-biceps-curl,,45.0,15
0.937,0.221,1.124,straight-bar-biceps-curl,,45.0,15
0.955,0.21,1.154,straight-bar-biceps-curl,,45.0,15
0.987,0.243,0.911,straight-bar-biceps-curl,,45.0,15
0.995,0.411,1.215,straight-bar-biceps-curl,,45.0,15
1.002,0.437,1.32,straight-bar-biceps-curl,,45.0,15
1.072,0.309,1.305,straight-bar-biceps-curl,,45.0,15
1.117,0.234,1.384,straight-bar-biceps-curl,,45.0,15
0.99,0.275,1.439,straight-bar-biceps-curl,,45.0,15
0.793,0.316,1.246,straight-bar-biceps-curl,,45.0,15
0.677,0.294,1.166,straight-bar-biceps-curl,,45.0,15
0.503,0.301,1.186,straight-bar-biceps-curl,,45.0,15
0.368,0.356,1.192,straight-bar-biceps-curl,,45.0,15
0.264,0.349,1.221,straight-bar-biceps-curl,,45.0,15
0.181,0.353,1.163,straight-bar-biceps-curl,,45.0,15
0.181,0.389,1.181,straight-bar-biceps-curl,,45.0,15
0.166,0.366,1.248,straight-bar-biceps-curl,,45.0,15
0.173,0.329,1.303,straight-bar-biceps-curl,,45.0,15
0.117,0.299,1.314,straight-bar-biceps-curl,,45.0,15
0.077,0.304,1.249,straight-bar-biceps-curl,,45.0,15
0.016,0.315,1.232,straight-bar-biceps-curl,,45.0,15
0.011,0.308,1.058,straight-bar-biceps-curl,,45.0,15
-0.036,0.26,1.178,straight-bar-biceps-curl,,45.0,15
-0.118,0.308,1.153,straight-bar-biceps-curl,,45.0,15
-0.144,0.352,0.803,straight-bar-biceps-curl,,45.0,15
-0.254,0.344,1.04,straight-bar-biceps-curl,,45.0,15
-0.318,0.383,0.913,straight-bar-biceps-curl,,45.0,15
-0.332,0.362,0.658,straight-bar-biceps-curl,,45.0,15
-0.426,0.396,0.735,straight-bar-biceps-curl,,45.0,15
-0.491,0.38,0.735,straight-bar-biceps-curl,,45.0,15
-0.424,0.382,0.548,straight-bar-biceps-curl,,45.0,15
-0.433,0.275,0.405,straight-bar-biceps-curl,,45.0,15
-0.488,0.226,0.208,straight-bar-biceps-curl,,45.0,15
-0.405,0.101,0.056,straight-bar-biceps-curl,,45.0,15
-0.196,-0.021,-0.131,straight-bar-biceps-curl,,45.0,15
-0.036,-0.196,-0.509,straight-bar-biceps-curl,,45.0,15
0.049,-0.283,-0.772,straight-bar-biceps-curl,,45.0,15
0.072,-0.376,-0.912,straight-bar-biceps-curl,,45.0,15
0.136,-0.416,-1.04,straight-bar-biceps-curl,,45.0,15
0.097,-0.447,-1.079,straight-bar-biceps-curl,,45.0,15
-0.033,-0.395,-1.027,straight-bar-biceps-curl,,45.0,15
-0.144,-0.37,-0.771,straight-bar-biceps-curl,,45.0,15
-0.261,-0.302,-0.694,straight-bar-biceps-curl,,45.0,15
-0.393,-0.239,-0.403,straight-bar-biceps-curl,,45.0,15
-0.485,-0.155,-0.536,straight-bar-biceps-curl,,45.0,15
-0.53,-0.014,-0.362,straight-bar-biceps-curl,,45.0,15
-0.569,0.101,-0.295,straight-bar-biceps-curl,,45.0,15
-0.602,0.048,0.09,straight-bar-biceps-curl,,45.0,15
-0.633,0.089,0.233,straight-bar-biceps-curl,,45.0,15
-0.714,0.16,0.18,straight-bar-biceps-curl,,45.0,15
-0.827,0.212,0.088,straight-bar-biceps-curl,,45.0,15
-0.815,0.253,0.311,straight-bar-biceps-curl,,45.0,15
-0.777,0.327,0.612,straight-bar-biceps-curl,,45.0,15
-0.846,0.369,0.551,straight-bar-biceps-curl,,45.0,15
-0.783,0.349,0.58,straight-bar-biceps-curl,,45.0,15
-0.668,0.362,0.587,straight-bar-biceps-curl,,45.0,15
-0.668,0.315,0.782,straight-bar-biceps-curl,,45.0,15
-0.678,0.29,0.701,straight-bar-biceps-curl,,45.0,15
-0.562,0.272,0.7,straight-bar-biceps-curl,,45.0,15
-0.516,0.261,0.927,straight-bar-biceps-curl,,45.0,15
-0.532,0.282,0.907,straight-bar-biceps-curl,,45.0,15
-0.481,0.3,1.032,straight-bar-biceps-curl,,45.0,15
-0.452,0.308,1.22,straight-bar-biceps-curl,,45.0,15
-0.416,0.328,1.148,straight-bar-biceps-curl,,45.0,15
-0.341,0.332,0.957,straight-bar-biceps-curl,,45.0,15
-0.305,0.338,1.207,straight-bar-biceps-curl,,45.0,15
-0.229,0.346,1.31,straight-bar-biceps-curl,,45.0,15
-0.141,0.348,0.97,straight-bar-biceps-curl,,45.0,15
-0.146,0.35,1.146,straight-bar-biceps-curl,,45.0,15
-0.132,0.303,1.294,straight-bar-biceps-curl,,45.0,15
-0.013,0.276,1.264,straight-bar-biceps-curl,,45.0,15
0.104,0.267,0.987,straight-bar-biceps-curl,,45.0,15
0.036,0.291,1.128,straight-bar-biceps-curl,,45.0,15
0.028,0.286,1.283,straight-bar-biceps-curl,,45.0,15
0.239,0.257,1.126,straight-bar-biceps-curl,,45.0,15
0.355,0.229,1.04,straight-bar-biceps-curl,,45.0,15
0.284,0.208,0.955,straight-bar-biceps-curl,,45.0,15
0.279,0.23,1.017,straight-bar-biceps-curl,,45.0,15
0.384,0.232,0.98,straight-bar-biceps-curl,,45.0,15
0.385,0.267,1.079,straight-bar-biceps-curl,,45.0,15
0.395,0.273,0.817,straight-bar-biceps-curl,,45.0,15
0.432,0.232,1.112,straight-bar-biceps-curl,,45.0,15
0.59,0.189,1.121,straight-bar-biceps-curl,,45.0,15
0.741,0.24,0.864,straight-bar-biceps-curl,,45.0,15
0.71,0.362,0.947,straight-bar-biceps-curl,,45.0,15
0.695,0.286,1.113,straight-bar-biceps-curl,,45.0,15
0.79,0.158,0.701,straight-bar-biceps-curl,,45.0,15
0.759,0.272,0.81,straight-bar-biceps-curl,,45.0,15
0.713,0.263,0.88,straight-bar-biceps-curl,,45.0,15
0.799,0.129,0.888,straight-bar-biceps-curl,,45.0,15
0.831,0.167,0.919,straight-bar-biceps-curl,,45.0,15
0.847,0.244,0.821,straight-bar-biceps-curl,,45.0,15
0.841,0.226,0.868,straight-bar-biceps-curl,,45.0,15
0.862,0.224,1.047,straight-bar-biceps-curl,,45.0,15
0.893,0.238,1.071,straight-bar-biceps-curl,,45.0,15
0.931,0.254,1.135,straight-bar-biceps-curl,,45.0,15
0.929,0.236,1.048,straight-bar-biceps-curl,,45.0,15
0.935,0.199,1.112,straight-bar-biceps-curl,,45.0,15
0.949,0.218,1.108,straight-bar-biceps-curl,,45.0,15
0.933,0.23,1.079,straight-bar-biceps-curl,,45.0,15
0.94,0.257,1.208,straight-bar-biceps-curl,,45.0,15
0.986,0.3,1.248,straight-bar-biceps-curl,,45.0,15
1.018,0.406,1.372,straight-bar-biceps-curl,,45.0,15
1.064,0.474,1.296,straight-bar-biceps-curl,,45.0,15
1.08,0.438,1.51,straight-bar-biceps-curl,,45.0,15
1.015,0.362,1.299,straight-bar-biceps-curl,,45.0,15
0.995,0.304,0.976,straight-bar-biceps-curl,,45.0,15
0.837,0.431,1.168,straight-bar-biceps-curl,,45.0,15
0.764,0.349,1.185,straight-bar-biceps-curl,,45.0,15
0.609,0.281,1.211,straight-bar-biceps-curl,,45.0,15
0.468,0.281,1.246,straight-bar-biceps-curl,,45.0,15
0.309,0.237,1.337,straight-bar-biceps-curl,,45.0,15
0.17,0.298,1.328,straight-bar-biceps-curl,,45.0,15
0.144,0.38,1.124,straight-bar-biceps-curl,,45.0,15
0.14,0.432,1.072,straight-bar-biceps-curl,,45.0,15
0.144,0.411,1.151,straight-bar-biceps-curl,,45.0,15
0.163,0.329,1.279,straight-bar-biceps-curl,,45.0,15
0.144,0.308,1.354,straight-bar-biceps-curl,,45.0,15
0.07,0.317,1.276,straight-bar-biceps-curl,,45.0,15
0.001,0.33,1.209,straight-bar-biceps-curl,,45.0,15
-0.044,0.323,1.134,straight-bar-biceps-curl,,45.0,15
-0.087,0.331,1.049,straight-bar-biceps-curl,,45.0,15
-0.117,0.347,0.914,straight-bar-biceps-curl,,45.0,15
-0.135,0.34,0.812,straight-bar-biceps-curl,,45.0,15
-0.262,0.273,0.718,straight-bar-biceps-curl,,45.0,15
-0.375,0.265,0.647,straight-bar-biceps-curl,,45.0,15
-0.405,0.305,0.598,straight-bar-biceps-curl,,45.0,15
-0.424,0.319,0.426,straight-bar-biceps-curl,,45.0,15
-0.394,0.202,0.429,straight-bar-biceps-curl,,45.0,15
-0.459,0.15,0.303,straight-bar-biceps-curl,,45.0,15
-0.45,0.128,0.145,straight-bar-biceps-curl,,45.0,15
-0.351,0.039,0.004,straight-bar-biceps-curl,,45.0,15
-0.336,-0.044,-0.064,straight-bar-biceps-curl,,45.0,15
-0.276,-0.037,-0.372,straight-bar-biceps-curl,,45.0,15
-0.187,-0.135,-0.574,straight-bar-biceps-curl,,45.0,15
-0.14,-0.197,-0.694,straight-bar-biceps-curl,,45.0,15
-0.103,-0.25,-0.775,straight-bar-biceps-curl,,45.0,15
-0.102,-0.281,-0.994,straight-bar-biceps-curl,,45.0,15
-0.22,-0.305,-1.182,straight-bar-biceps-curl,,45.0,15
-0.336,-0.328,-0.848,straight-bar-biceps-curl,,45.0,15
-0.384,-0.256,-0.968,straight-bar-biceps-curl,,45.0,15
-0.493,-0.217,-0.789,straight-bar-biceps-curl,,45.0,15
-0.618,-0.17,-0.548,straight-bar-biceps-curl,,45.0,15
-0.617,-0.064,-0.476,straight-bar-biceps-curl,,45.0,15
-0.645,-0.049,-0.26,straight-bar-biceps-curl,,45.0,15
-0.698,-0.012,-0.269,straight-bar-biceps-curl,,45.0,15
-0.704,0.013,-0.244,straight-bar-biceps-curl,,45.0,15
-0.656,0.03,0.067,straight-bar-biceps-curl,,45.0,15
-0.701,0.012,0.327,straight-bar-biceps-curl,,45.0,15
-0.751,0.034,0.394,straight-bar-biceps-curl,,45.0,15
-0.792,0.186,0.12,straight-bar-biceps-curl,,45.0,15
-0.757,0.218,0.246,straight-bar-biceps-curl,,45.0,15
-0.798,0.204,0.401,straight-bar-biceps-curl,,45.0,15
-0.834,0.224,0.485,straight-bar-biceps-curl,,45.0,15
-0.788,0.261,0.372,straight-bar-biceps-curl,,45.0,15
-0.723,0.278,0.621,straight-bar-biceps-curl,,45.0,15
-0.774,0.307,0.644,straight-bar-biceps-curl,,45.0,15
-0.692,0.32,0.513,straight-bar-biceps-curl,,45.0,15
-0.581,0.31,0.538,straight-bar-biceps-curl,,45.0,15
-0.577,0.304,0.902,straight-bar-biceps-curl,,45.0,15
-0.602,0.342,0.965,straight-bar-biceps-curl,,45.0,15
-0.511,0.326,0.747,straight-bar-biceps-curl,,45.0,15
-0.431,0.242,0.996,straight-bar-biceps-curl,,45.0,15
-0.42,0.239,1.027,straight-bar-biceps-curl,,45.0,15
-0.391,0.284,0.961,straight-bar-biceps-curl,,45.0,15
-0.364,0.288,1.128,straight-bar-biceps-curl,,45.0,15
-0.322,0.303,1.26,straight-bar-biceps-curl,,45.0,15
-0.276,0.343,1.201,straight-bar-biceps-curl,,45.0,15
-0.233,0.356,0.942,straight-bar-biceps-curl,,45.0,15
-0.171,0.365,1.121,straight-bar-biceps-curl,,45.0,15
-0.133,0.336,1.358,straight-bar-biceps-curl,,45.0,15
-0.049,0.295,1.094,straight-bar-biceps-curl,,45.0,15
0.037,0.335,1.038,straight-bar-biceps-curl,,45.0,15
0.068,0.306,1.071,straight-bar-biceps-curl,,45.0,15
0.123,0.277,1.143,straight-bar-biceps-curl,,45.0,15
0.108,0.238,1.322,straight-bar-biceps-curl,,45.0,15
0.172,0.199,1.031,straight-bar-biceps-curl,,45.0,15
0.279,0.288,0.935,straight-bar-biceps-curl,,45.0,15
0.351,0.258,1.107,straight-bar-biceps-curl,,45.0,15
0.468,0.231,1.22,straight-bar-biceps-curl,,45.0,15
0.528,0.213,1.114,straight-bar-biceps-curl,,45.0,15
0.493,0.276,1.002,straight-bar-biceps-curl,,45.0,15
0.488,0.32,1.163,straight-bar-biceps-curl,,45.0,15
0.533,0.284,1.184,straight-bar-biceps-curl,,45.0,15
0.556,0.303,0.985,straight-bar-biceps-curl,,45.0,15
0.531,0.294,0.889,straight-bar-biceps-curl,,45.0,15
0.566,0.278,0.949,straight-bar-biceps-curl,,45.0,15
0.636,0.252,0.761,straight-bar-biceps-curl,,45.0,15
0.7,0.192,0.881,straight-bar-biceps-curl,,45.0,15
0.785,0.192,0.747,straight-bar-biceps-curl,,45.0,15
0.825,0.208,0.84,straight-bar-biceps-curl,,45.0,15
0.919,0.184,0.864,straight-bar-biceps-curl,,45.0,15
0.967,0.122,0.88,straight-bar-biceps-curl,,45.0,15
0.953,0.12,0.865,straight-bar-biceps-curl,,45.0,15
0.93,0.113,0.991,straight-bar-biceps-curl,,45.0,15
0.957,0.156,1.066,straight-bar-biceps-curl,,45.0,15
0.924,0.16,1.086,straight-bar-biceps-curl,,45.0,15
0.948,0.237,0.934,straight-bar-biceps-curl,,45.0,15
0.938,0.207,1.035,straight-bar-biceps-curl,,45.0,15
0.963,0.28,1.089,straight-bar-biceps-curl,,45.0,15
0.994,0.296,1.011,straight-bar-biceps-curl,,45.0,15
1.0,0.321,1.081,straight-bar-biceps-curl,,45.0,15
1.0,0.34,1.073,straight-bar-biceps-curl,,45.0,15
1.006,0.326,1.179,straight-bar-biceps-curl,,45.0,15
1.055,0.373,0.904,straight-bar-biceps-curl,,45.0,15
1.043,0.415,1.136,straight-bar-biceps-curl,,45.0,15
1.054,0.363,1.261,straight-bar-biceps-curl,,45.0,15
1.053,0.314,1.305,straight-bar-biceps-curl,,45.0,15
0.974,0.357,1.27,straight-bar-biceps-curl,,45.0,15
0.824,0.399,1.118,straight-bar-biceps-curl,,45.0,15
0.76,0.284,1.137,straight-bar-biceps-curl,,45.0,15
0.53,0.261,1.273,straight-bar-biceps-curl,,45.0,15
0.376,0.291,1.263,straight-bar-biceps-curl,,45.0,15
0.264,0.288,1.203,straight-bar-biceps-curl,,45.0,15
0.254,0.305,1.17,straight-bar-biceps-curl,,45.0,15
0.291,0.32,1.206,straight-bar-biceps-curl,,45.0,15
0.272,0.324,1.26,straight-bar-biceps-curl,,45.0,15
0.238,0.351,1.276,straight-bar-biceps-curl,,45.0,15
0.185,0.358,1.284,straight-bar-biceps-curl,,45.0,15
0.12,0.332,1.224,straight-bar-biceps-curl,,45.0,15
0.028,0.308,1.165,straight-bar-biceps-curl,,45.0,15
-0.023,0.303,1.126,straight-bar-biceps-curl,,45.0,15
-0.077,0.312,1.165,straight-bar-biceps-curl,,45.0,15
-0.129,0.292,1.246,straight-bar-biceps-curl,,45.0,15
-0.179,0.32,1.013,straight-bar-biceps-curl,,45.0,15
-0.252,0.312,0.981,straight-bar-biceps-curl,,45.0,15
-0.326,0.326,0.909,straight-bar-biceps-curl,,45.0,15
-0.334,0.313,0.754,straight-bar-biceps-curl,,45.0,15
-0.37,0.294,0.815,straight-bar-biceps-curl,,45.0,15
-0.372,0.288,0.673,straight-bar-biceps-curl,,45.0,15
-0.383,0.27,0.461,straight-bar-biceps-curl,,45.0,15
-0.457,0.2,0.432,straight-bar-biceps-curl,,45.0,15
-0.411,0.156,0.196,straight-bar-biceps-curl,,45.0,15
-0.308,0.083,-0.013,straight-bar-biceps-curl,,45.0,15
-0.241,-0.036,0.034,straight-bar-biceps-curl,,45.0,15
-0.184,-0.1,-0.263,straight-bar-biceps-curl,,45.0,15
-0.074,-0.079,-0.488,straight-bar-biceps-curl,,45.0,15
-0.096,-0.136,-0.621,straight-bar-biceps-curl,,45.0,15
-0.18,-0.135,-0.698,straight-bar-biceps-curl,,45.0,15
-0.233,-0.128,-1.05,straight-bar-biceps-curl,,45.0,15
-0.251,-0.279,-0.935,straight-bar-biceps-curl,,45.0,15
-0.336,-0.248,-1.16,straight-bar-biceps-curl,,45.0,15
-0.392,-0.248,-0.832,straight-bar-biceps-curl,,45.0,15
-0.493,-0.217,-0.816,straight-bar-biceps-curl,,45.0,15
-0.542,-0.17,-0.709,straight-bar-biceps-curl,,45.0,15
-0.611,-0.153,-0.577,straight-bar-biceps-curl,,45.0,15
-0.645,-0.123,-0.32,straight-bar-biceps-curl,,45.0,15
-0.691,-0.084,-0.389,straight-bar-biceps-curl,,45.0,15
-0.724,-0.038,-0.316,straight-bar-biceps-curl,,45.0,15
-0.708,0.023,-0.379,straight-bar-biceps-curl,,45.0,15
-0.751,-0.001,-0.085,straight-bar-biceps-curl,,45.0,15
-0.767,-0.015,0.152,straight-bar-biceps-curl,,45.0,15
-0.724,0.06,0.211,straight-bar-biceps-curl,,45.0,15
-0.724,0.074,0.377,straight-bar-biceps-curl,,45.0,15
-0.764,0.169,0.339,straight-bar-biceps-curl,,45.0,15
-0.788,0.206,0.359,straight-bar-biceps-curl,,45.0,15
-0.74,0.225,0.45,straight-bar-biceps-curl,,45.0,15
-0.731,0.238,0.38,straight-bar-biceps-curl,,45.0,15
-0.72,0.245,0.639,straight-bar-biceps-curl,,45.0,15
-0.749,0.285,0.758,straight-bar-biceps-curl,,45.0,15
-0.702,0.299,0.606,straight-bar-biceps-curl,,45.0,15
-0.62,0.276,0.656,straight-bar-biceps-curl,,45.0,15
-0.625,0.288,0.808,straight-bar-biceps-curl,,45.0,15
-0.653,0.341,0.847,straight-bar-biceps-curl,,45.0,15
-0.625,0.355,0.916,straight-bar-biceps-curl,,45.0,15
-0.544,0.314,1.036,straight-bar-biceps-curl,,45.0,15
-0.475,0.3,0.938,straight-bar-biceps-curl,,45.0,15
-0.456,0.312,0.928,straight-bar-biceps-curl,,45.0,15
-0.429,0.316,1.102,straight-bar-biceps-curl,,45.0,15
-0.359,0.327,1.108,straight-bar-biceps-curl,,45.0,15
-0.298,0.315,1.052,straight-bar-biceps-curl,,45.0,15
-0.267,0.308,1.109,straight-bar-biceps-curl,,45.0,15
-0.219,0.33,1.189,straight-bar-biceps-curl,,45.0,15
-0.145,0.308,1.049,straight-bar-biceps-curl,,45.0,15
-0.079,0.285,1.012,straight-bar-biceps-curl,,45.0,15
-0.045,0.285,1.279,straight-bar-biceps-curl,,45.0,15
-0.006,0.28,1.143,straight-bar-biceps-curl,,45.0,15
0.071,0.272,1.056,straight-bar-biceps-curl,,45.0,15
0.102,0.319,1.04,straight-bar-biceps-curl,,45.0,15
0.164,0.296,1.085,straight-bar-biceps-curl,,45.0,15
0.248,0.302,1.23,straight-bar-biceps-curl,,45.0,15
0.292,0.316,0.938,straight-bar-biceps-curl,,45.0,15
0.37,0.292,0.946,straight-bar-biceps-curl,,45.0,15
0.417,0.245,1.192,straight-bar-biceps-curl,,45.0,15
0.457,0.241,1.227,straight-bar-biceps-curl,,45.0,15
0.469,0.293,0.893,straight-bar-biceps-curl,,45.0,15
0.498,0.309,1.012,straight-bar-biceps-curl,,45.0,15
0.515,0.235,1.265,straight-bar-biceps-curl,,45.0,15
0.542,0.262,0.867,straight-bar-biceps-curl,,45.0,15
0.523,0.238,0.815,straight-bar-biceps-curl,,45.0,15
0.57,0.216,0.802,straight-bar-biceps-curl,,45.0,15
0.619,0.207,0.845,straight-bar-biceps-curl,,45.0,15
0.721,0.16,1.021,straight-bar-biceps-curl,,45.0,15
0.783,0.2,0.755,straight-bar-biceps-curl,,45.0,15
0.831,0.247,0.822,straight-bar-biceps-curl,,45.0,15
0.885,0.202,0.801,straight-bar-biceps-curl,,45.0,15
0.94,0.163,0.964,straight-bar-biceps-curl,,45.0,15
0.988,0.138,0.925,straight-bar-biceps-curl,,45.0,15
1.013,0.193,0.963,straight-bar-biceps-curl,,45.0,15
1.016,0.235,0.982,straight-bar-biceps-curl,,45.0,15
1.03,0.281,1.059,straight-bar-biceps-curl,,45.0,15
1.019,0.321,1.079,straight-bar-biceps-curl,,45.0,15
1.009,0.289,1.184,straight-bar-biceps-curl,,45.0,15
1.002,0.28,1.259,straight-bar-biceps-curl,,45.0,15
0.95,0.323,1.198,straight-bar-biceps-curl,,45.0,15
0.972,0.348,1.279,straight-bar-biceps-curl,,45.0,15
0.96,0.393,1.118,straight-bar-biceps-curl,,45.0,15
0.952,0.414,1.168,straight-bar-biceps-curl,,45.0,15
0.997,0.422,1.327,straight-bar-biceps-curl,,45.0,15
0.994,0.354,1.127,straight-bar-biceps-curl,,45.0,15
0.979,0.236,0.835,straight-bar-biceps-curl,,45.0,15
0.813,0.36,0.953,straight-bar-biceps-curl,,45.0,15
0.76,0.308,1.037,straight-bar-biceps-curl,,45.0,15
0.593,0.273,1.231,straight-bar-biceps-curl,,45.0,15
0.478,0.293,1.339,straight-bar-biceps-curl,,45.0,15
0.394,0.249,1.303,straight-bar-biceps-curl,,45.0,15
0.337,0.237,1.257,straight-bar-biceps-curl,,45.0,15
0.348,0.277,1.199,straight-bar-biceps-curl,,45.0,15
0.344,0.304,1.132,straight-bar-biceps-curl,,45.0,15
0.294,0.3,1.126,straight-bar-biceps-curl,,45.0,15
0.188,0.333,1.249,straight-bar-biceps-curl,,45.0,15
0.093,0.358,1.333,straight-bar-biceps-curl,,45.0,15
0.008,0.356,1.229,straight-bar-biceps-curl,,45.0,15
-0.093,0.374,1.075,straight-bar-biceps-curl,,45.0,15
-0.166,0.369,1.02,straight-bar-biceps-curl,,45.0,15
-0.179,0.369,1.026,straight-bar-biceps-curl,,45.0,15
-0.214,0.341,1.053,straight-bar-biceps-curl,,45.0,15
-0.303,0.323,1.037,straight-bar-biceps-curl,,45.0,15
-0.363,0.294,0.988,straight-bar-biceps-curl,,45.0,15
-0.37,0.295,0.71,straight-bar-biceps-curl,,45.0,15
-0.433,0.318,0.565,straight-bar-biceps-curl,,45.0,15
-0.482,0.326,0.587,straight-bar-biceps-curl,,45.0,15
-0.506,0.296,0.418,straight-bar-biceps-curl,,45.0,15
-0.56,0.284,0.225,straight-bar-biceps-curl,,45.0,15
-0.506,0.218,0.196,straight-bar-biceps-curl,,45.0,15
-0.397,0.099,0.132,straight-bar-biceps-curl,,45.0,15
-0.337,-0.017,-0.126,straight-bar-biceps-curl,,45.0,15
-0.279,-0.08,-0.358,straight-bar-biceps-curl,,45.0,15
-0.158,-0.141,-0.476,straight-bar-biceps-curl,,45.0,15
-0.14,-0.187,-0.651,straight-bar-biceps-curl,,45.0,15
-0.104,-0.217,-0.772,straight-bar-biceps-curl,,45.0,15
-0.102,-0.237,-0.922,straight-bar-biceps-curl,,45.0,15
-0.076,-0.333,-0.815,straight-bar-biceps-curl,,45.0,15
-0.2,-0.24,-1.056,straight-bar-biceps-curl,,45.0,15
-0.28,-0.264,-0.784,straight-bar-biceps-curl,,45.0,15
-0.373,-0.179,-0.807,straight-bar-biceps-curl,,45.0,15
-0.452,-0.138,-0.679,straight-bar-biceps-curl,,45.0,15
-0.568,-0.114,-0.329,straight-bar-biceps-curl,,45.0,15
-0.605,-0.039,-0.319,straight-bar-biceps-curl,,45.0,15
-0.701,-0.018,-0.306,straight-bar-biceps-curl,,45.0,15
-0.803,0.012,-0.311,straight-bar-biceps-curl,,45.0,15
-0.748,0.084,-0.326,straight-bar-biceps-curl,,45.0,15
-0.756,0.063,0.025,straight-bar-biceps-curl,,45.0,15
-0.825,0.095,-0.002,straight-bar-biceps-curl,,45.0,15
-0.853,0.168,0.109,straight-bar-biceps-curl,,45.0,15
-0.819,0.196,0.293,straight-bar-biceps-curl,,45.0,15
-0.85,0.242,0.245,straight-bar-biceps-curl,,45.0,15
-0.858,0.309,0.245,straight-bar-biceps-curl,,45.0,15
-0.804,0.305,0.456,straight-bar-biceps-curl,,45.0,15
-0.812,0.296,0.258,straight-bar-biceps-curl,,45.0,15
-0.737,0.231,0.407,straight-bar-biceps-curl,,45.0,15
-0.77,0.258,0.541,straight-bar-biceps-curl,,45.0,15
-0.839,0.308,0.524,straight-bar-biceps-curl,,45.0,15
-0.752,0.285,0.482,straight-bar-biceps-curl,,45.0,15
-0.674,0.312,0.593,straight-bar-biceps-curl,,45.0,15
-0.701,0.335,0.828,straight-bar-biceps-curl,,45.0,15
-0.639,0.328,0.721,straight-bar-biceps-curl,,45.0,15
-0.533,0.332,0.694,straight-bar-biceps-curl,,45.0,15
-0.546,0.303,0.974,straight-bar-biceps-curl,,45.0,15
-0.508,0.324,1.056,straight-bar-biceps-curl,,45.0,15
-0.467,0.322,1.061,straight-bar-biceps-curl,,45.0,15
-0.43,0.279,1.154,straight-bar-biceps-curl,,45.0,15
-0.351,0.31,1.155,straight-bar-biceps-curl,,45.0,15
-0.367,0.321,1.145,straight-bar-biceps-curl,,45.0,15
-0.357,0.322,1.191,straight-bar-biceps-curl,,45.0,15
-0.273,0.339,1.157,straight-bar-biceps-curl,,45.0,15
-0.164,0.347,1.031,straight-bar-biceps-curl,,45.0,15
-0.136,0.357,1.011,straight-bar-biceps-curl,,45.0,15
-0.142,0.355,1.073,straight-bar-biceps-curl,,45.0,15
-0.074,0.321,1.128,straight-bar-biceps-curl,,45.0,15
0.043,0.304,1.061,straight-bar-biceps-curl,,45.0,15
0.089,0.296,1.032,straight-bar-biceps-curl,,45.0,15
0.14,0.276,0.969,straight-bar-biceps-curl,,45.0,15
0.166,0.284,1.113,straight-bar-biceps-curl,,45.0,15
0.232,0.256,1.073,straight-bar-biceps-curl,,45.0,15
0.303,0.207,1.026,straight-bar-biceps-curl,,45.0,15
0.345,0.28,1.076,straight-bar-biceps-curl,,45.0,15
0.404,0.312,1.09,straight-bar-biceps-curl,,45.0,15
0.474,0.26,1.054,straight-bar-biceps-curl,,45.0,15
0.49,0.23,1.021,straight-bar-biceps-curl,,45.0,15
0.51,0.225,0.869,straight-bar-biceps-curl,,45.0,15
0.58,0.319,0.916,straight-bar-biceps-curl,,45.0,15
0.642,0.308,0.868,straight-bar-biceps-curl,,45.0,15
0.672,0.232,0.935,straight-bar-biceps-curl,,45.0,15
0.664,0.224,0.912,straight-bar-biceps-curl,,45.0,15
0.712,0.192,0.912,straight-bar-biceps-curl,,45.0,15
0.79,0.153,0.997,straight-bar-biceps-curl,,45.0,15
0.769,0.152,0.757,straight-bar-biceps-curl,,45.0,15
0.775,0.227,0.856,straight-bar-biceps-curl,,45.0,15
0.842,0.203,0.915,straight-bar-biceps-curl,,45.0,15
0.912,0.2,1.041,straight-bar-biceps-curl,,45.0,15
0.92,0.221,0.986,straight-bar-biceps-curl,,45.0,15
0.92,0.244,1.031,straight-bar-biceps-curl,,45.0,15
0.953,0.235,1.013,straight-bar-biceps-curl,,45.0,15
0.98,0.252,0.949,straight-bar-biceps-curl,,45.0,15
0.965,0.243,0.942,straight-bar-biceps-curl,,45.0,15
0.954,0.234,0.975,straight-bar-biceps-curl,,45.0,15
0.976,0.232,0.899,straight-bar-biceps-curl,,45.0,15
0.972,0.226,1.037,straight-bar-biceps-curl,,45.0,15
0.968,0.184,1.067,straight-bar-biceps-curl,,45.0,15
0.979,0.229,1.045,straight-bar-biceps-curl,,45.0,15
0.973,0.31,1.143,straight-bar-biceps-curl,,45.0,15
0.973,0.378,1.239,straight-bar-biceps-curl,,45.0,15
0.991,0.349,1.422,straight-bar-biceps-curl,,45.0,15
0.921,0.35,1.433,straight-bar-biceps-curl,,45.0,15
0.896,0.32,1.341,straight-bar-biceps-curl,,45.0,15
0.819,0.344,1.437,straight-bar-biceps-curl,,45.0,15
0.77,0.388,1.309,straight-bar-biceps-curl,,45.0,15
0.775,0.332,1.274,straight-bar-biceps-curl,,45.0,15
0.689,0.305,1.217,straight-bar-biceps-curl,,45.0,15
0.66,0.288,1.108,straight-bar-biceps-curl,,45.0,15
0.562,0.283,1.122,straight-bar-biceps-curl,,45.0,15
0.382,0.287,1.098,straight-bar-biceps-curl,,45.0,15
0.236,0.23,1.169,straight-bar-biceps-curl,,45.0,15
0.081,0.232,1.202,straight-bar-biceps-curl,,45.0,15
0.043,0.277,1.137,straight-bar-biceps-curl,,45.0,15
0.028,0.324,1.208,straight-bar-biceps-curl,,45.0,15
0.081,0.374,1.327,straight-bar-biceps-curl,,45.0,15
0.071,0.403,1.278,straight-bar-biceps-curl,,45.0,15
-0.007,0.456,1.298,straight-bar-biceps-curl,,45.0,15
-0.089,0.464,1.15,straight-bar-biceps-curl,,45.0,15
-0.153,0.435,1.079,straight-bar-biceps-curl,,45.0,15
-0.227,0.47,1.068,straight-bar-biceps-curl,,45.0,15
-0.246,0.38,1.027,straight-bar-biceps-curl,,45.0,15
-0.23,0.397,1.071,straight-bar-biceps-curl,,45.0,15
-0.28,0.413,0.82,straight-bar-biceps-curl,,45.0,15
-0.286,0.387,0.682,straight-bar-biceps-curl,,45.0,15
-0.316,0.304,0.524,straight-bar-biceps-curl,,45.0,15
-0.336,0.18,0.358,straight-bar-biceps-curl,,45.0,15
-0.334,0.152,0.202,straight-bar-biceps-curl,,45.0,15
-0.313,0.089,0.144,straight-bar-biceps-curl,,45.0,15
-0.249,0.03,0.002,straight-bar-biceps-curl,,45.0,15
-0.18,0.006,-0.156,straight-bar-biceps-curl,,45.0,15
-0.235,-0.026,-0.313,straight-bar-biceps-curl,,45.0,15
-0.288,-0.071,-0.339,straight-bar-biceps-curl,,45.0,15
-0.304,-0.048,-0.432,straight-bar-biceps-curl,,45.0,15
-0.384,-0.096,-0.6,straight-bar-biceps-curl,,45.0,15
-0.5,-0.08,-0.639,straight-bar-biceps-curl,,45.0,15
-0.58,-0.11,-0.8,straight-bar-biceps-curl,,45.0,15
-0.629,-0.149,-0.905,straight-bar-biceps-curl,,45.0,15
-0.617,-0.152,-0.868,straight-bar-biceps-curl,,45.0,15
-0.587,-0.188,-0.957,straight-bar-biceps-curl,,45.0,15
-0.605,-0.178,-0.933,straight-bar-biceps-curl,,45.0,15
-0.649,-0.162,-0.921,straight-bar-biceps-curl,,45.0,15
-0.656,-0.14,-0.667,straight-bar-biceps-curl,,45.0,15
-0.636,-0.103,-0.505,straight-bar-biceps-curl,,45.0,15
-0.607,-0.045,-0.474,straight-bar-biceps-curl,,45.0,15
-0.606,-0.02,-0.342,straight-bar-biceps-curl,,45.0,15
-0.638,0.002,-0.304,straight-bar-biceps-curl,,45.0,15
-0.648,0.014,-0.263,straight-bar-biceps-curl,,45.0,15
-0.608,0.05,-0.128,straight-bar-biceps-curl,,45.0,15
-0.642,0.07,0.031,straight-bar-biceps-curl,,45.0,15
-0.734,0.11,0.01,straight-bar-biceps-curl,,45.0,15
-0.752,0.112,-0.061,straight-bar-biceps-curl,,45.0,15
-0.734,0.043,0.369,straight-bar-biceps-curl,,45.0,15
-0.812,0.132,0.451,straight-bar-biceps-curl,,45.0,15
-0.864,0.222,0.454,straight-bar-biceps-curl,,45.0,15
-0.818,0.237,0.454,straight-bar-biceps-curl,,45.0,15
-0.797,0.258,0.556,straight-bar-biceps-curl,,45.0,15
-0.851,0.268,0.693,straight-bar-biceps-curl,,45.0,15
-0.813,0.285,0.629,straight-bar-biceps-curl,,45.0,15
-0.744,0.268,0.588,straight-bar-biceps-curl,,45.0,15
-0.709,0.255,0.72,straight-bar-biceps-curl,,45.0,15
-0.683,0.287,0.769,straight-bar-biceps-curl,,45.0,15
-0.696,0.317,0.65,straight-bar-biceps-curl,,45.0,15
-0.659,0.304,0.622,straight-bar-biceps-curl,,45.0,15
-0.557,0.258,0.722,straight-bar-biceps-curl,,45.0,15
-0.492,0.287,0.796,straight-bar-biceps-curl,,45.0,15
-0.483,0.295,0.785,straight-bar-biceps-curl,,45.0,15
-0.418,0.275,0.924,straight-bar-biceps-curl,,45.0,15
-0.356,0.27,1.132,straight-bar-biceps-curl,,45.0,15
-0.256,0.231,1.094,straight-bar-biceps-curl,,45.0,15
-0.209,0.291,1.112,straight-bar-biceps-curl,,45.0,15
-0.215,0.345,1.083,straight-bar-biceps-curl,,45.0,15
-0.178,0.324,1.246,straight-bar-biceps-curl,,45.0,15
-0.201,0.375,1.243,straight-bar-biceps-curl,,45.0,15
-0.141,0.351,1.067,straight-bar-biceps-curl,,45.0,15
-0.005,0.379,1.269,straight-bar-biceps-curl,,45.0,15
0.028,0.376,1.149,straight-bar-biceps-curl,,45.0,15
0.116,0.31,1.122,straight-bar-biceps-curl,,45.0,15
0.061,0.373,1.045,straight-bar-biceps-curl,,45.0,15
0.162,0.249,1.085,straight-bar-biceps-curl,,45.0,15
0.256,0.317,1.115,straight-bar-biceps-curl,,45.0,15
0.336,0.283,0.994,straight-bar-biceps-curl,,45.0,15
0.342,0.208,1.12,straight-bar-biceps-curl,,45.0,15
0.457,0.21,0.958,straight-bar-biceps-curl,,45.0,15
0.496,0.272,0.905,straight-bar-biceps-curl,,45.0,15
0.544,0.248,1.007,straight-bar-biceps-curl,,45.0,15
0.521,0.295,0.969,straight-bar-biceps-curl,,45.0,15
0.558,0.235,1.211,straight-bar-biceps-curl,,45.0,15
0.62,0.381,0.866,straight-bar-biceps-curl,,45.0,15
0.631,0.37,1.037,straight-bar-biceps-curl,,45.0,15
0.675,0.361,1.006,straight-bar-biceps-curl,,45.0,15
0.659,0.339,0.965,straight-bar-biceps-curl,,45.0,15
0.697,0.343,0.824,straight-bar-biceps-curl,,45.0,15
0.771,0.297,0.86,straight-bar-biceps-curl,,45.0,15
0.83,0.229,0.859,straight-bar-biceps-curl,,45.0,15
0.865,0.21,0.78,straight-bar-biceps-curl,,45.0,15
0.903,0.189,0.779,straight-bar-biceps-curl,,45.0,15
0.912,0.118,0.844,straight-bar-biceps-curl,,45.0,15
0.924,0.114,0.864,straight-bar-biceps-curl,,45.0,15
0.911,0.137,0.835,straight-bar-biceps-curl,,45.0,15
0.943,0.172,0.83,straight-bar-biceps-curl,,45.0,15
0.971,0.227,0.864,straight-bar-biceps-curl,,45.0,15
0.965,0.269,0.848,straight-bar-biceps-curl,,45.0,15
0.975,0.28,0.883,straight-bar-biceps-curl,,45.0,15
0.999,0.3,0.863,straight-bar-biceps-curl,,45.0,15
1.003,0.341,0.832,straight-bar-biceps-curl,,45.0,15
1.009,0.374,0.906,straight-bar-biceps-curl,,45.0,15
0.989,0.415,0.884,straight-bar-biceps-curl,,45.0,15
0.998,0.449,0.945,straight-bar-biceps-curl,,45.0,15
1.036,0.518,1.081,straight-bar-biceps-curl,,45.0,15
1.028,0.528,1.156,straight-bar-biceps-curl,,45.0,15
1.035,0.426,1.296,straight-bar-biceps-curl,,45.0,15
1.06,0.298,1.492,straight-bar-biceps-curl,,45.0,15
1.007,0.241,1.501,straight-bar-biceps-curl,,45.0,15
0.927,0.215,1.265,straight-bar-biceps-curl,,45.0,15
0.801,0.159,1.099,straight-bar-biceps-curl,,45.0,15
0.685,0.152,1.043,straight-bar-biceps-curl,,45.0,15
0.66,0.117,1.094,straight-bar-biceps-curl,,45.0,15
0.507,0.201,1.263,straight-bar-biceps-curl,,45.0,15
0.439,0.274,1.203,straight-bar-biceps-curl,,45.0,15
0.305,0.33,1.217,straight-bar-biceps-curl,,45.0,15
0.245,0.426,1.276,straight-bar-biceps-curl,,45.0,15
0.172,0.478,1.161,straight-bar-biceps-curl,,45.0,15
0.148,0.465,1.118,straight-bar-biceps-curl,,45.0,15
0.101,0.381,1.2,straight-bar-biceps-curl,,45.0,15
0.059,0.409,1.244,straight-bar-biceps-curl,,45.0,15
0.039,0.353,1.194,straight-bar-biceps-curl,,45.0,15
0.025,0.363,1.156,straight-bar-biceps-curl,,45.0,15
-0.015,0.375,1.098,straight-bar-biceps-curl,,45.0,15
-0.068,0.368,1.101,straight-bar-biceps-curl,,45.0,15
-0.158,0.371,1.023,straight-bar-biceps-curl,,45.0,15
-0.209,0.402,1.004,straight-bar-biceps-curl,,45.0,15
-0.217,0.416,0.876,straight-bar-biceps-curl,,45.0,15
-0.24,0.313,0.818,straight-bar-biceps-curl,,45.0,15
-0.4,0.329,0.855,straight-bar-biceps-curl,,45.0,15
-0.4,0.36,0.552,straight-bar-biceps-curl,,45.0,15
-0.352,0.312,0.368,straight-bar-biceps-curl,,45.0,15
-0.453,0.172,0.648,straight-bar-biceps-curl,,45.0,15
-0.532,0.214,0.291,straight-bar-biceps-curl,,45.0,15
-0.365,0.119,0.168,straight-bar-biceps-curl,,45.0,15
-0.33,0.054,-0.103,straight-bar-biceps-curl,,45.0,15
-0.407,-0.009,-0.128,straight-bar-biceps-curl,,45.0,15
-0.388,-0.1,-0.261,straight-bar-biceps-curl,,45.0,15
-0.323,-0.126,-0.362,straight-bar-biceps-curl,,45.0,15
-0.345,-0.168,-0.663,straight-bar-biceps-curl,,45.0,15
-0.443,-0.189,-0.681,straight-bar-biceps-curl,,45.0,15
-0.458,-0.192,-0.755,straight-bar-biceps-curl,,45.0,15
-0.475,-0.18,-0.956,straight-bar-biceps-curl,,45.0,15
-0.498,-0.2,-0.948,straight-bar-biceps-curl,,45.0,15
-0.551,-0.22,-0.869,straight-bar-biceps-curl,,45.0,15
-0.585,-0.207,-0.751,straight-bar-biceps-curl,,45.0,15
-0.62,-0.178,-0.706,straight-bar-biceps-curl,,45.0,15
-0.648,-0.163,-0.536,straight-bar-biceps-curl,,45.0,15
-0.635,-0.097,-0.419,straight-bar-biceps-curl,,45.0,15
-0.629,-0.039,-0.308,straight-bar-biceps-curl,,45.0,15
-0.686,0.001,-0.281,straight-bar-biceps-curl,,45.0,15
-0.725,0.054,-0.196,straight-bar-biceps-curl,,45.0,15
-0.705,0.108,-0.082,straight-bar-biceps-curl,,45.0,15
-0.688,0.15,0.059,straight-bar-biceps-curl,,45.0,15
-0.705,0.155,0.235,straight-bar-biceps-curl,,45.0,15
-0.708,0.156,0.374,straight-bar-biceps-curl,,45.0,15
-0.704,0.2,0.208,straight-bar-biceps-curl,,45.0,15
-0.681,0.186,0.207,straight-bar-biceps-curl,,45.0,15
-0.689,0.165,0.562,straight-bar-biceps-curl,,45.0,15
-0.754,0.211,0.537,straight-bar-biceps-curl,,45.0,15
-0.736,0.2,0.424,straight-bar-biceps-curl,,45.0,15
-0.674,0.184,0.586,straight-bar-biceps-curl,,45.0,15
-0.667,0.229,0.718,straight-bar-biceps-curl,,45.0,15
-0.66,0.273,0.78,straight-bar-biceps-curl,,45.0,15
-0.615,0.277,0.762,straight-bar-biceps-curl,,45.0,15
-0.573,0.261,0.93,straight-bar-biceps-curl,,45.0,15
-0.56,0.289,0.979,straight-bar-biceps-curl,,45.0,15
-0.472,0.328,0.966,straight-bar-biceps-curl,,45.0,15
-0.398,0.317,0.992,straight-bar-biceps-curl,,45.0,15
-0.412,0.294,1.094,straight-bar-biceps-curl,,45.0,15
-0.411,0.317,1.107,straight-bar-biceps-curl,,45.0,15
-0.422,0.324,0.964,straight-bar-biceps-curl,,45.0,15
-0.317,0.286,0.884,straight-bar-biceps-curl,,45.0,15
-0.287,0.316,1.296,straight-bar-biceps-curl,,45.0,15
-0.171,0.327,1.268,straight-bar-biceps-curl,,45.0,15
-0.005,0.278,0.888,straight-bar-biceps-curl,,45.0,15
-0.031,0.314,1.01,straight-bar-biceps-curl,,45.0,15
0.047,0.267,1.106,straight-bar-biceps-curl,,45.0,15
0.123,0.297,1.191,straight-bar-biceps-curl,,45.0,15
0.169,0.31,0.964,straight-bar-biceps-curl,,45.0,15
0.193,0.271,1.033,straight-bar-biceps-curl,,45.0,15
0.225,0.24,1.072,straight-bar-biceps-curl,,45.0,15
0.319,0.264,1.088,straight-bar-biceps-curl,,45.0,15
0.312,0.303,1.181,straight-bar-biceps-curl,,45.0,15
0.365,0.296,1.062,straight-bar-biceps-curl,,45.0,15
0.398,0.229,1.198,straight-bar-biceps-curl,,45.0,15
0.451,0.29,0.945,straight-bar-biceps-curl,,45.0,15
0.506,0.303,0.977,straight-bar-biceps-curl,,45.0,15
0.568,0.241,0.956,straight-bar-biceps-curl,,45.0,15
0.61,0.266,1.02,straight-bar-biceps-curl,,45.0,15
0.649,0.252,0.952,straight-bar-biceps-curl,,45.0,15
0.767,0.235,0.916,straight-bar-biceps-curl,,45.0,15
0.856,0.226,0.772,straight-bar-biceps-curl,,45.0,15
0.909,0.168,0.854,straight-bar-biceps-curl,,45.0,15
0.938,0.146,0.797,straight-bar-biceps-curl,,45.0,15
0.926,0.138,0.915,straight-bar-biceps-curl,,45.0,15
0.931,0.142,0.962,straight-bar-biceps-curl,,45.0,15
0.936,0.166,1.044,straight-bar-biceps-curl,,45.0,15
0.931,0.241,1.075,straight-bar-biceps-curl,,45.0,15
0.912,0.309,1.109,straight-bar-biceps-curl,,45.0,15
0.919,0.292,1.138,straight-bar-biceps-curl,,45.0,15
0.918,0.262,1.1,straight-bar-biceps-curl,,45.0,15
0.902,0.266,1.048,straight-bar-biceps-curl,,45.0,15
0.924,0.24,0.967,straight-bar-biceps-curl,,45.0,15
0.94,0.176,0.889,straight-bar-biceps-curl,,45.0,15
0.936,0.135,0.864,straight-bar-biceps-curl,,45.0,15
0.986,0.12,0.806,straight-bar-biceps-curl,,45.0,15
1.044,0.112,0.808,straight-bar-biceps-curl,,45.0,15
1.064,0.116,0.852,straight-bar-biceps-curl,,45.0,15
1.068,0.12,0.811,straight-bar-biceps-curl,,45.0,15
1.053,0.187,0.882,straight-bar-biceps-curl,,45.0,15
1.057,0.269,0.976,straight-bar-biceps-curl,,45.0,15
1.051,0.299,1.004,straight-bar-biceps-curl,,45.0,15
1.011,0.297,1.134,straight-bar-biceps-curl,,45.0,15
0.935,0.246,1.214,straight-bar-biceps-curl,,45.0,15
0.765,0.307,1.201,straight-bar-biceps-curl,,45.0,15
0.684,0.324,0.944,straight-bar-biceps-curl,,45.0,15
0.677,0.331,0.956,straight-bar-biceps-curl,,45.0,15
0.761,0.219,1.055,straight-bar-biceps-curl,,45.0,15
0.649,0.28,1.211,straight-bar-biceps-curl,,45.0,15
0.579,0.358,1.13,straight-bar-biceps-curl,,45.0,15
0.463,0.35,1.082,straight-bar-biceps-curl,,45.0,15
0.368,0.408,1.157,straight-bar-biceps-curl,,45.0,15
0.327,0.337,1.217,straight-bar-biceps-curl,,45.0,15
0.292,0.308,1.257,straight-bar-biceps-curl,,45.0,15
0.305,0.327,1.265,straight-bar-biceps-curl,,45.0,15
0.257,0.323,1.27,straight-bar-biceps-curl,,45.0,15
0.197,0.347,1.243,straight-bar-biceps-curl,,45.0,15
0.095,0.377,1.139,straight-bar-biceps-curl,,45.0,15
-0.004,0.381,1.169,straight-bar-biceps-curl,,45.0,15
-0.069,0.338,1.179,straight-bar-biceps-curl,,45.0,15
-0.17,0.377,1.088,straight-bar-biceps-curl,,45.0,15
-0.24,0.408,1.072,straight-bar-biceps-curl,,45.0,15
-0.248,0.392,1.008,straight-bar-biceps-curl,,45.0,15
-0.264,0.353,1.109,straight-bar-biceps-curl,,45.0,15
-0.31,0.322,1.051,straight-bar-biceps-curl,,45.0,15
-0.357,0.313,0.884,straight-bar-biceps-curl,,45.0,15
-0.462,0.305,0.843,straight-bar-biceps-curl,,45.0,15
-0.458,0.283,0.583,straight-bar-biceps-curl,,45.0,15
-0.463,0.315,0.608,straight-bar-biceps-curl,,45.0,15
-0.58,0.293,0.671,straight-bar-biceps-curl,,45.0,15
-0.533,0.268,0.407,straight-bar-biceps-curl,,45.0,15
-0.383,0.218,0.189,straight-bar-biceps-curl,,45.0,15
-0.441,0.195,0.19,straight-bar-biceps-curl,,45.0,15
-0.507,0.18,0.076,straight-bar-biceps-curl,,45.0,15
-0.454,0.104,0.094,straight-bar-biceps-curl,,45.0,15
-0.42,0.051,-0.1,straight-bar-biceps-curl,,45.0,15
-0.439,0.034,-0.239,straight-bar-biceps-curl,,45.0,15
-0.454,0.021,-0.381,straight-bar-biceps-curl,,45.0,15
-0.456,0.0,-0.443,straight-bar-biceps-curl,,45.0,15
-0.482,-0.055,-0.585,straight-bar-biceps-curl,,45.0,15
-0.43,-0.141,-0.85,straight-bar-biceps-curl,,45.0,15
-0.412,-0.196,-0.856,straight-bar-biceps-curl,,45.0,15
-0.343,-0.265,-0.883,straight-bar-biceps-curl,,45.0,15
-0.334,-0.281,-1.12,straight-bar-biceps-curl,,45.0,15
-0.372,-0.286,-1.092,straight-bar-biceps-curl,,45.0,15
-0.411,-0.291,-0.873,straight-bar-biceps-curl,,45.0,15
-0.477,-0.251,-0.684,straight-bar-biceps-curl,,45.0,15
-0.564,-0.2,-0.54,straight-bar-biceps-curl,,45.0,15
-0.647,-0.145,-0.469,straight-bar-biceps-curl,,45.0,15
-0.698,-0.097,-0.329,straight-bar-biceps-curl,,45.0,15
-0.727,-0.073,-0.196,straight-bar-biceps-curl,,45.0,15
-0.753,-0.057,-0.226,straight-bar-biceps-curl,,45.0,15
-0.776,-0.029,-0.288,straight-bar-biceps-curl,,45.0,15
-0.77,0.0,-0.242,straight-bar-biceps-curl,,45.0,15
-0.76,0.026,-0.122,straight-bar-biceps-curl,,45.0,15
-0.76,0.056,-0.128,straight-bar-biceps-curl,,45.0,15
-0.76,0.032,-0.144,straight-bar-biceps-curl,,45.0,15
-0.775,0.055,-0.071,straight-bar-biceps-curl,,45.0,15
-0.815,0.077,0.09,straight-bar-biceps-curl,,45.0,15
-0.821,0.092,0.241,straight-bar-biceps-curl,,45.0,15
-0.78,0.112,0.269,straight-bar-biceps-curl,,45.0,15
-0.751,0.14,0.505,straight-bar-biceps-curl,,45.0,15
-0.753,0.147,0.597,straight-bar-biceps-curl,,45.0,15
-0.655,0.14,0.638,straight-bar-biceps-curl,,45.0,15
-0.633,0.204,0.736,straight-bar-biceps-curl,,45.0,15
-0.72,0.266,0.715,straight-bar-biceps-curl,,45.0,15
-0.716,0.279,0.63,straight-bar-biceps-curl,,45.0,15
-0.697,0.279,0.89,straight-bar-biceps-curl,,45.0,15
-0.76,0.334,0.89,straight-bar-biceps-curl,,45.0,15
-0.662,0.311,0.759,straight-bar-biceps-curl,,45.0,15
-0.529,0.304,0.973,straight-bar-biceps-curl,,45.0,15
-0.543,0.295,1.056,straight-bar-biceps-curl,,45.0,15
-0.504,0.272,0.793,straight-bar-biceps-curl,,45.0,15
-0.488,0.232,0.871,straight-bar-biceps-curl,,45.0,15
-0.418,0.232,0.919,straight-bar-biceps-curl,,45.0,15
-0.302,0.202,1.011,straight-bar-biceps-curl,,45.0,15
-0.251,0.2,0.964,straight-bar-biceps-curl,,45.0,15
-0.182,0.258,1.099,straight-bar-biceps-curl,,45.0,15
-0.112,0.264,1.091,straight-bar-biceps-curl,,45.0,15
-0.097,0.264,0.962,straight-bar-biceps-curl,,45.0,15
-0.089,0.223,1.217,straight-bar-biceps-curl,,45.0,15
-0.041,0.303,1.331,straight-bar-biceps-curl,,45.0,15
0.059,0.313,1.019,straight-bar-biceps-curl,,45.0,15
0.144,0.344,0.963,straight-bar-biceps-curl,,45.0,15
0.185,0.315,1.03,straight-bar-biceps-curl,,45.0,15
0.258,0.31,0.903,straight-bar-biceps-curl,,45.0,15
0.321,0.336,0.956,straight-bar-biceps-curl,,45.0,15
0.37,0.315,1.061,straight-bar-biceps-curl,,45.0,15
0.378,0.343,0.86,straight-bar-biceps-curl,,45.0,15
0.468,0.322,0.863,straight-bar-biceps-curl,,45.0,15
0.559,0.336,0.954,straight-bar-biceps-curl,,45.0,15
0.594,0.347,1.052,straight-bar-biceps-curl,,45.0,15
0.625,0.319,1.052,straight-bar-biceps-curl,,45.0,15
0.645,0.357,0.976,straight-bar-biceps-curl,,45.0,15
0.648,0.35,1.027,straight-bar-biceps-curl,,45.0,15
0.657,0.32,0.994,straight-bar-biceps-curl,,45.0,15
0.694,0.346,0.933,straight-bar-biceps-curl,,45.0,15
0.728,0.364,1.035,straight-bar-biceps-curl,,45.0,15
0.76,0.352,1.052,straight-bar-biceps-curl,,45.0,15
0.788,0.348,0.999,straight-bar-biceps-curl,,45.0,15
0.807,0.334,0.998,straight-bar-biceps-curl,,45.0,15
0.828,0.301,0.99,straight-bar-biceps-curl,,45.0,15
0.832,0.288,0.988,straight-bar-biceps-curl,,45.0,15
0.835,0.272,0.909,straight-bar-biceps-curl,,45.0,15
0.831,0.236,0.884,straight-bar-biceps-curl,,45.0,15
0.81,0.219,0.895,straight-bar-biceps-curl,,45.0,15
0.805,0.227,0.776,straight-bar-biceps-curl,,45.0,15
0.811,0.219,0.802,straight-bar-biceps-curl,,45.0,15
0.798,0.19,0.795,straight-bar-biceps-curl,,45.0,15
0.794,0.193,0.68,straight-bar-biceps-curl,,45.0,15
0.804,0.212,0.592,straight-bar-biceps-curl,,45.0,15
0.818,0.188,0.68,straight-bar-biceps-curl,,45.0,15
0.828,0.145,0.675,straight-bar-biceps-curl,,45.0,15
0.838,0.112,0.653,straight-bar-biceps-curl,,45.0,15
0.826,0.077,0.641,straight-bar-biceps-curl,,45.0,15
0.811,0.061,0.668,straight-bar-biceps-curl,,45.0,15
0.868,0.047,0.757,straight-bar-biceps-curl,,45.0,15
0.888,0.041,0.704,straight-bar-biceps-curl,,45.0,15
0.885,0.047,0.748,straight-bar-biceps-curl,,45.0,15
0.859,0.041,0.668,straight-bar-biceps-curl,,45.0,15
0.806,0.049,0.854,straight-bar-biceps-curl,,45.0,15
0.783,0.064,0.617,straight-bar-biceps-curl,,45.0,15
0.767,0.072,0.79,straight-bar-biceps-curl,,45.0,15
0.72,0.064,0.72,straight-bar-biceps-curl,,45.0,15
