-0.232,1.008,0.12,deltoid-row,,40.0,15
-0.263,0.977,0.027,deltoid-row,,40.0,15
-0.287,0.968,0.092,deltoid-row,,40.0,15
-0.295,0.968,0.089,deltoid-row,,40.0,15
-0.281,0.968,0.234,deltoid-row,,40.0,15
-0.287,0.961,0.227,deltoid-row,,40.0,15
-0.351,0.967,0.245,deltoid-row,,40.0,15
-0.34,1.016,0.405,deltoid-row,,40.0,15
-0.329,1.051,0.285,deltoid-row,,40.0,15
-0.328,1.069,0.256,deltoid-row,,40.0,15
-0.303,1.015,0.231,deltoid-row,,40.0,15
-0.29,0.95,0.23,deltoid-row,,40.0,15
-0.276,0.972,0.359,deltoid-row,,40.0,15
-0.248,1.025,0.359,deltoid-row,,40.0,15
-0.269,1.057,0.298,deltoid-row,,40.0,15
-0.308,1.042,0.358,deltoid-row,,40.0,15
-0.325,0.994,0.36,deltoid-row,,40.0,15
-0.312,0.96,0.328,deltoid-row,,40.0,15
-0.299,0.927,0.31,deltoid-row,,40.0,15
-0.301,0.853,0.329,deltoid-row,,40.0,15
-0.309,0.778,0.296,deltoid-row,,40.0,15
-0.293,0.784,0.329,deltoid-row,,40.0,15
-0.276,0.835,0.349,deltoid-row,,40.0,15
-0.281,0.878,0.375,deltoid-row,,40.0,15
-0.292,0.871,0.412,deltoid-row,,40.0,15
-0.292,0.852,0.432,deltoid-row,,40.0,15
-0.269,0.891,0.268,deltoid-row,,40.0,15
-0.248,0.913,0.245,deltoid-row,,40.0,15
-0.237,0.882,0.438,deltoid-row,,40.0,15
-0.227,0.888,0.463,deltoid-row,,40.0,15
-0.251,0.936,0.538,deltoid-row,,40.0,15
-0.295,1.018,0.476,deltoid-row,,40.0,15
-0.323,1.086,0.398,deltoid-row,,40.0,15
-0.328,0.974,0.601,deltoid-row,,40.0,15
-0.333,0.822,0.664,deltoid-row,,40.0,15
-0.339,0.812,0.29,deltoid-row,,40.0,15
-0.31,0.921,0.274,deltoid-row,,40.0,15
-0.232,0.95,0.381,deltoid-row,,40.0,15
-0.14,0.972,0.389,deltoid-row,,40.0,15
-0.148,0.975,0.259,deltoid-row,,40.0,15
-0.241,0.941,0.424,deltoid-row,,40.0,15
-0.327,0.906,0.671,deltoid-row,,40.0,15
-0.277,0.836,0.559,deltoid-row,,40.0,15
-0.215,0.997,0.651,deltoid-row,,40.0,15
-0.167,1.109,0.332,deltoid-row,,40.0,15
-0.224,1.019,0.569,deltoid-row,,40.0,15
-0.291,0.916,0.488,deltoid-row,,40.0,15
-0.316,0.944,0.256,deltoid-row,,40.0,15
-0.256,0.834,0.467,deltoid-row,,40.0,15
-0.246,0.723,0.226,deltoid-row,,40.0,15
-0.167,0.826,0.296,deltoid-row,,40.0,15
-0.081,0.998,0.296,deltoid-row,,40.0,15
-0.026,0.984,0.234,deltoid-row,,40.0,15
-0.077,1.06,0.285,deltoid-row,,40.0,15
-0.147,1.146,0.295,deltoid-row,,40.0,15
-0.145,1.203,0.456,deltoid-row,,40.0,15
-0.18,1.222,0.279,deltoid-row,,40.0,15
-0.191,1.175,0.291,deltoid-row,,40.0,15
-0.165,1.113,0.364,deltoid-row,,40.0,15
-0.12,1.037,0.256,deltoid-row,,40.0,15
-0.086,0.978,0.31,deltoid-row,,40.0,15
-0.055,0.936,0.284,deltoid-row,,40.0,15
-0.048,0.866,0.21,deltoid-row,,40.0,15
-0.06,0.884,0.234,deltoid-row,,40.0,15
-0.064,0.972,0.195,deltoid-row,,40.0,15
-0.081,0.971,0.176,deltoid-row,,40.0,15
-0.049,0.966,0.304,deltoid-row,,40.0,15
0.0,0.908,0.3,deltoid-row,,40.0,15
0.042,0.838,0.361,deltoid-row,,40.0,15
0.127,0.745,0.296,deltoid-row,,40.0,15
0.237,0.684,0.138,deltoid-row,,40.0,15
0.29,0.744,0.31,deltoid-row,,40.0,15
0.287,0.829,0.334,deltoid-row,,40.0,15
0.289,0.936,0.177,deltoid-row,,40.0,15
0.296,1.082,0.257,deltoid-row,,40.0,15
0.263,1.189,0.376,deltoid-row,,40.0,15
0.212,1.208,0.232,deltoid-row,,40.0,15
0.204,1.146,0.234,deltoid-row,,40.0,15
0.216,1.055,0.433,deltoid-row,,40.0,15
0.188,0.976,0.444,deltoid-row,,40.0,15
0.122,0.906,0.354,deltoid-row,,40.0,15
0.07,0.88,0.351,deltoid-row,,40.0,15
0.062,0.895,0.462,deltoid-row,,40.0,15
0.06,0.877,0.431,deltoid-row,,40.0,15
0.004,0.905,0.311,deltoid-row,,40.0,15
-0.085,0.989,0.263,deltoid-row,,40.0,15
-0.133,1.042,0.304,deltoid-row,,40.0,15
-0.137,1.057,0.183,deltoid-row,,40.0,15
-0.128,1.038,0.198,deltoid-row,,40.0,15
-0.164,1.048,0.167,deltoid-row,,40.0,15
-0.205,1.074,0.081,deltoid-row,,40.0,15
-0.227,0.988,0.068,deltoid-row,,40.0,15
-0.244,0.954,0.116,deltoid-row,,40.0,15
-0.272,1.013,0.117,deltoid-row,,40.0,15
-0.314,1.079,0.046,deltoid-row,,40.0,15
-0.333,1.058,0.169,deltoid-row,,40.0,15
-0.374,0.97,0.103,deltoid-row,,40.0,15
-0.427,1.06,-0.037,deltoid-row,,40.0,15
-0.453,1.095,-0.005,deltoid-row,,40.0,15
-0.418,1.085,0.036,deltoid-row,,40.0,15
-0.449,1.029,-0.034,deltoid-row,,40.0,15
-0.488,0.936,-0.104,deltoid-row,,40.0,15
-0.52,0.944,-0.384,deltoid-row,,40.0,15
-0.466,0.991,-0.314,deltoid-row,,40.0,15
-0.456,1.022,0.16,deltoid-row,,40.0,15
-0.56,0.942,0.229,deltoid-row,,40.0,15
-0.904,1.286,-0.942,deltoid-row,,40.0,15
-0.151,0.885,0.057,deltoid-row,,40.0,15
-0.37,0.755,0.087,deltoid-row,,40.0,15
-0.518,1.024,0.065,deltoid-row,,40.0,15
-0.276,1.185,0.197,deltoid-row,,40.0,15
-0.283,1.26,0.139,deltoid-row,,40.0,15
-0.264,1.158,0.101,deltoid-row,,40.0,15
-0.244,1.054,-0.003,deltoid-row,,40.0,15
-0.24,1.02,0.028,deltoid-row,,40.0,15
-0.199,1.034,0.142,deltoid-row,,40.0,15
-0.184,0.988,-0.053,deltoid-row,,40.0,15
-0.206,0.935,-0.072,deltoid-row,,40.0,15
-0.205,0.996,-0.056,deltoid-row,,40.0,15
-0.268,1.0,0.167,deltoid-row,,40.0,15
-0.289,0.943,0.222,deltoid-row,,40.0,15
-0.265,0.969,0.159,deltoid-row,,40.0,15
-0.232,0.995,-0.043,deltoid-row,,40.0,15
-0.197,0.936,0.045,deltoid-row,,40.0,15
-0.233,0.883,0.155,deltoid-row,,40.0,15
-0.281,0.976,-0.04,deltoid-row,,40.0,15
-0.246,1.076,0.011,deltoid-row,,40.0,15
-0.204,1.052,0.188,deltoid-row,,40.0,15
-0.238,1.028,0.173,deltoid-row,,40.0,15
-0.291,1.033,0.038,deltoid-row,,40.0,15
-0.279,0.999,0.045,deltoid-row,,40.0,15
-0.241,1.002,0.207,deltoid-row,,40.0,15
-0.238,1.071,0.104,deltoid-row,,40.0,15
-0.245,1.086,0.116,deltoid-row,,40.0,15
-0.255,1.036,0.197,deltoid-row,,40.0,15
-0.261,1.0,-0.007,deltoid-row,,40.0,15
-0.18,1.016,0.177,deltoid-row,,40.0,15
-0.09,1.038,0.381,deltoid-row,,40.0,15
-0.126,0.98,0.165,deltoid-row,,40.0,15
-0.185,0.905,0.172,deltoid-row,,40.0,15
-0.113,0.981,0.374,deltoid-row,,40.0,15
-0.02,1.061,0.27,deltoid-row,,40.0,15
-0.062,0.999,0.026,deltoid-row,,40.0,15
-0.179,0.923,0.11,deltoid-row,,40.0,15
-0.183,1.031,0.313,deltoid-row,,40.0,15
-0.129,1.158,0.301,deltoid-row,,40.0,15
-0.102,1.232,0.209,deltoid-row,,40.0,15
-0.207,1.167,0.313,deltoid-row,,40.0,15
-0.258,1.097,0.215,deltoid-row,,40.0,15
-0.19,1.114,0.433,deltoid-row,,40.0,15
-0.046,1.25,0.125,deltoid-row,,40.0,15
-0.017,1.12,0.078,deltoid-row,,40.0,15
-0.065,0.855,0.278,deltoid-row,,40.0,15
-0.151,0.713,0.098,deltoid-row,,40.0,15
-0.136,0.782,0.026,deltoid-row,,40.0,15
-0.037,0.799,0.184,deltoid-row,,40.0,15
-0.01,1.024,0.46,deltoid-row,,40.0,15
-0.052,1.244,0.013,deltoid-row,,40.0,15
-0.077,1.136,0.054,deltoid-row,,40.0,15
-0.052,0.966,0.259,deltoid-row,,40.0,15
-0.034,0.964,0.329,deltoid-row,,40.0,15
-0.025,1.101,0.243,deltoid-row,,40.0,15
-0.004,1.095,0.055,deltoid-row,,40.0,15
-0.006,0.961,0.124,deltoid-row,,40.0,15
-0.033,0.909,0.202,deltoid-row,,40.0,15
-0.016,1.049,0.192,deltoid-row,,40.0,15
0.068,1.178,0.29,deltoid-row,,40.0,15
0.096,1.122,0.276,deltoid-row,,40.0,15
0.035,1.055,0.184,deltoid-row,,40.0,15
-0.008,0.98,0.049,deltoid-row,,40.0,15
0.037,0.92,0.163,deltoid-row,,40.0,15
0.079,0.95,0.228,deltoid-row,,40.0,15
0.053,1.011,0.152,deltoid-row,,40.0,15
0.003,1.042,0.165,deltoid-row,,40.0,15
0.016,0.992,0.274,deltoid-row,,40.0,15
0.103,0.898,0.27,deltoid-row,,40.0,15
0.169,0.852,0.155,deltoid-row,,40.0,15
0.159,0.915,0.125,deltoid-row,,40.0,15
0.112,0.988,0.172,deltoid-row,,40.0,15
0.092,0.981,0.204,deltoid-row,,40.0,15
0.125,0.953,0.201,deltoid-row,,40.0,15
0.156,0.969,0.131,deltoid-row,,40.0,15
0.132,1.04,0.158,deltoid-row,,40.0,15
0.101,1.073,0.259,deltoid-row,,40.0,15
0.127,1.019,0.262,deltoid-row,,40.0,15
0.199,0.984,0.319,deltoid-row,,40.0,15
0.232,0.992,0.285,deltoid-row,,40.0,15
0.211,1.003,0.257,deltoid-row,,40.0,15
0.215,0.992,0.261,deltoid-row,,40.0,15
0.266,1.028,0.409,deltoid-row,,40.0,15
0.333,1.107,0.379,deltoid-row,,40.0,15
0.404,1.027,0.177,deltoid-row,,40.0,15
0.442,0.863,0.381,deltoid-row,,40.0,15
0.448,0.773,0.447,deltoid-row,,40.0,15
0.452,0.759,0.344,deltoid-row,,40.0,15
0.473,0.752,0.445,deltoid-row,,40.0,15
0.481,0.785,0.457,deltoid-row,,40.0,15
0.491,1.004,0.573,deltoid-row,,40.0,15
0.505,1.195,0.397,deltoid-row,,40.0,15
0.437,1.203,0.424,deltoid-row,,40.0,15
0.325,1.051,0.283,deltoid-row,,40.0,15
0.291,0.766,0.524,deltoid-row,,40.0,15
0.348,0.723,0.152,deltoid-row,,40.0,15
0.232,0.808,0.408,deltoid-row,,40.0,15
0.072,0.96,0.432,deltoid-row,,40.0,15
0.002,1.038,0.199,deltoid-row,,40.0,15
-0.068,1.2,0.222,deltoid-row,,40.0,15
-0.191,1.215,0.395,deltoid-row,,40.0,15
-0.346,1.15,-0.008,deltoid-row,,40.0,15
-0.474,1.194,-0.219,deltoid-row,,40.0,15
-0.425,1.158,-0.219,deltoid-row,,40.0,15
-0.436,1.077,-0.216,deltoid-row,,40.0,15
-0.52,1.091,-0.049,deltoid-row,,40.0,15
-0.523,1.194,-0.133,deltoid-row,,40.0,15
-0.501,1.152,-0.192,deltoid-row,,40.0,15
-0.533,1.018,-0.194,deltoid-row,,40.0,15
-0.574,0.972,-0.162,deltoid-row,,40.0,15
-0.56,0.944,-0.146,deltoid-row,,40.0,15
-0.432,0.724,-0.133,deltoid-row,,40.0,15
-0.401,1.069,-0.729,deltoid-row,,40.0,15
-0.392,1.159,-0.321,deltoid-row,,40.0,15
-0.395,0.944,0.047,deltoid-row,,40.0,15
-0.308,0.907,0.077,deltoid-row,,40.0,15
-0.231,1.153,0.065,deltoid-row,,40.0,15
-0.283,1.293,0.094,deltoid-row,,40.0,15
-0.374,1.19,0.037,deltoid-row,,40.0,15
-0.386,1.018,0.021,deltoid-row,,40.0,15
-0.295,0.983,0.004,deltoid-row,,40.0,15
-0.215,0.999,-0.057,deltoid-row,,40.0,15
-0.204,0.996,-0.008,deltoid-row,,40.0,15
-0.223,0.954,0.002,deltoid-row,,40.0,15
-0.236,0.966,-0.041,deltoid-row,,40.0,15
-0.221,1.062,0.05,deltoid-row,,40.0,15
-0.208,1.08,0.164,deltoid-row,,40.0,15
-0.192,1.048,0.144,deltoid-row,,40.0,15
-0.168,0.988,0.063,deltoid-row,,40.0,15
-0.2,0.988,0.019,deltoid-row,,40.0,15
-0.24,1.019,0.048,deltoid-row,,40.0,15
-0.172,0.972,0.254,deltoid-row,,40.0,15
-0.098,0.923,0.154,deltoid-row,,40.0,15
-0.138,0.998,-0.247,deltoid-row,,40.0,15
-0.243,1.009,0.097,deltoid-row,,40.0,15
-0.267,0.95,0.373,deltoid-row,,40.0,15
-0.154,0.993,0.154,deltoid-row,,40.0,15
-0.116,1.08,0.062,deltoid-row,,40.0,15
-0.257,1.079,0.217,deltoid-row,,40.0,15
-0.231,1.079,0.236,deltoid-row,,40.0,15
-0.069,1.099,0.17,deltoid-row,,40.0,15
-0.117,1.01,0.333,deltoid-row,,40.0,15
-0.261,0.919,0.136,deltoid-row,,40.0,15
-0.214,0.987,0.435,deltoid-row,,40.0,15
-0.022,1.097,0.138,deltoid-row,,40.0,15
-0.008,1.003,0.158,deltoid-row,,40.0,15
-0.163,0.898,0.129,deltoid-row,,40.0,15
0.001,0.977,0.16,deltoid-row,,40.0,15
0.119,1.031,0.168,deltoid-row,,40.0,15
-0.051,1.117,-0.073,deltoid-row,,40.0,15
-0.185,1.105,0.232,deltoid-row,,40.0,15
-0.073,1.126,0.181,deltoid-row,,40.0,15
-0.035,1.128,0.38,deltoid-row,,40.0,15
-0.096,1.028,0.1,deltoid-row,,40.0,15
-0.16,0.96,0.12,deltoid-row,,40.0,15
-0.127,1.034,0.456,deltoid-row,,40.0,15
-0.067,1.121,0.252,deltoid-row,,40.0,15
-0.049,1.084,0.122,deltoid-row,,40.0,15
-0.029,1.008,-0.029,deltoid-row,,40.0,15
-0.024,0.98,0.413,deltoid-row,,40.0,15
-0.048,1.091,0.202,deltoid-row,,40.0,15
-0.062,1.063,-0.106,deltoid-row,,40.0,15
-0.098,0.908,0.19,deltoid-row,,40.0,15
-0.106,0.889,0.497,deltoid-row,,40.0,15
-0.023,1.034,0.168,deltoid-row,,40.0,15
0.063,1.08,-0.035,deltoid-row,,40.0,15
0.068,1.031,0.072,deltoid-row,,40.0,15
0.041,1.003,0.264,deltoid-row,,40.0,15
0.008,1.014,0.133,deltoid-row,,40.0,15
0.006,1.038,0.052,deltoid-row,,40.0,15
0.047,1.012,0.306,deltoid-row,,40.0,15
0.111,0.98,0.403,deltoid-row,,40.0,15
0.127,0.951,0.228,deltoid-row,,40.0,15
0.088,0.952,0.128,deltoid-row,,40.0,15
0.079,0.968,0.19,deltoid-row,,40.0,15
0.122,0.934,0.185,deltoid-row,,40.0,15
0.148,0.9,0.08,deltoid-row,,40.0,15
0.11,0.943,0.111,deltoid-row,,40.0,15
0.054,1.037,0.243,deltoid-row,,40.0,15
0.064,1.08,0.232,deltoid-row,,40.0,15
0.113,1.057,0.122,deltoid-row,,40.0,15
0.123,1.013,0.087,deltoid-row,,40.0,15
0.128,1.008,0.089,deltoid-row,,40.0,15
0.16,1.015,0.192,deltoid-row,,40.0,15
0.149,1.025,0.199,deltoid-row,,40.0,15
0.122,1.002,0.227,deltoid-row,,40.0,15
0.144,0.97,0.234,deltoid-row,,40.0,15
0.201,0.926,0.182,deltoid-row,,40.0,15
0.232,0.936,0.267,deltoid-row,,40.0,15
0.238,1.019,0.382,deltoid-row,,40.0,15
0.271,1.101,0.303,deltoid-row,,40.0,15
0.304,1.075,0.277,deltoid-row,,40.0,15
0.307,0.99,0.181,deltoid-row,,40.0,15
0.331,0.923,0.268,deltoid-row,,40.0,15
0.361,0.948,0.236,deltoid-row,,40.0,15
0.375,0.897,0.27,deltoid-row,,40.0,15
0.358,0.81,0.247,deltoid-row,,40.0,15
0.329,0.851,0.383,deltoid-row,,40.0,15
0.376,0.936,0.608,deltoid-row,,40.0,15
0.48,0.96,0.384,deltoid-row,,40.0,15
0.371,1.076,0.392,deltoid-row,,40.0,15
0.231,0.996,0.453,deltoid-row,,40.0,15
0.284,0.925,0.434,deltoid-row,,40.0,15
0.368,0.847,0.14,deltoid-row,,40.0,15
0.283,0.847,0.447,deltoid-row,,40.0,15
0.167,0.89,0.376,deltoid-row,,40.0,15
0.118,0.923,0.244,deltoid-row,,40.0,15
0.072,0.961,0.291,deltoid-row,,40.0,15
-0.014,1.014,0.389,deltoid-row,,40.0,15
-0.032,1.024,0.275,deltoid-row,,40.0,15
-0.057,1.012,0.184,deltoid-row,,40.0,15
-0.106,0.917,0.24,deltoid-row,,40.0,15
-0.167,1.0,0.205,deltoid-row,,40.0,15
-0.236,1.16,0.041,deltoid-row,,40.0,15
-0.301,1.208,0.034,deltoid-row,,40.0,15
-0.352,1.1,0.132,deltoid-row,,40.0,15
-0.368,1.106,0.089,deltoid-row,,40.0,15
-0.383,1.167,-0.095,deltoid-row,,40.0,15
-0.412,1.174,-0.275,deltoid-row,,40.0,15
-0.405,1.187,-0.393,deltoid-row,,40.0,15
-0.373,1.131,-0.409,deltoid-row,,40.0,15
-0.351,1.062,-0.379,deltoid-row,,40.0,15
-0.37,1.091,-0.441,deltoid-row,,40.0,15
-0.421,1.165,-0.147,deltoid-row,,40.0,15
-0.5,1.116,0.288,deltoid-row,,40.0,15
-0.556,1.013,0.311,deltoid-row,,40.0,15
-0.497,0.948,0.202,deltoid-row,,40.0,15
-0.392,0.921,-0.145,deltoid-row,,40.0,15
-0.369,0.901,-0.282,deltoid-row,,40.0,15
-0.369,0.848,0.139,deltoid-row,,40.0,15
-0.312,0.942,0.143,deltoid-row,,40.0,15
-0.234,1.053,0.044,deltoid-row,,40.0,15
-0.152,1.026,0.083,deltoid-row,,40.0,15
-0.141,1.028,0.018,deltoid-row,,40.0,15
-0.206,1.154,-0.143,deltoid-row,,40.0,15
-0.242,1.159,-0.105,deltoid-row,,40.0,15
-0.168,0.957,0.059,deltoid-row,,40.0,15
-0.085,0.914,-0.009,deltoid-row,,40.0,15
-0.196,0.967,-0.076,deltoid-row,,40.0,15
-0.261,1.051,0.111,deltoid-row,,40.0,15
-0.258,1.068,0.356,deltoid-row,,40.0,15
-0.305,1.087,0.311,deltoid-row,,40.0,15
-0.291,1.058,-0.012,deltoid-row,,40.0,15
-0.165,0.932,0.025,deltoid-row,,40.0,15
-0.153,0.974,0.124,deltoid-row,,40.0,15
-0.234,1.082,-0.023,deltoid-row,,40.0,15
-0.247,1.004,0.145,deltoid-row,,40.0,15
-0.126,0.855,0.056,deltoid-row,,40.0,15
-0.089,0.999,0.214,deltoid-row,,40.0,15
-0.129,1.214,0.396,deltoid-row,,40.0,15
-0.215,1.058,0.036,deltoid-row,,40.0,15
-0.185,0.885,0.071,deltoid-row,,40.0,15
-0.123,1.085,0.186,deltoid-row,,40.0,15
-0.142,1.208,0.289,deltoid-row,,40.0,15
-0.159,1.034,0.092,deltoid-row,,40.0,15
-0.11,0.845,0.079,deltoid-row,,40.0,15
-0.104,0.964,0.422,deltoid-row,,40.0,15
-0.145,0.998,0.322,deltoid-row,,40.0,15
-0.239,0.847,0.289,deltoid-row,,40.0,15
-0.191,0.92,0.379,deltoid-row,,40.0,15
-0.074,1.109,0.19,deltoid-row,,40.0,15
-0.116,1.115,-0.168,deltoid-row,,40.0,15
-0.13,1.044,0.022,deltoid-row,,40.0,15
-0.069,1.089,0.288,deltoid-row,,40.0,15
-0.163,1.066,0.398,deltoid-row,,40.0,15
-0.319,1.048,0.26,deltoid-row,,40.0,15
-0.265,1.021,0.23,deltoid-row,,40.0,15
-0.064,1.034,0.337,deltoid-row,,40.0,15
0.006,1.002,0.226,deltoid-row,,40.0,15
-0.109,0.956,0.156,deltoid-row,,40.0,15
-0.128,0.992,0.216,deltoid-row,,40.0,15
-0.05,0.978,0.308,deltoid-row,,40.0,15
-0.07,0.926,0.33,deltoid-row,,40.0,15
-0.099,0.985,0.217,deltoid-row,,40.0,15
-0.051,1.09,0.182,deltoid-row,,40.0,15
-0.056,1.104,0.268,deltoid-row,,40.0,15
-0.131,1.08,0.281,deltoid-row,,40.0,15
-0.109,1.054,0.152,deltoid-row,,40.0,15
-0.005,1.017,0.22,deltoid-row,,40.0,15
0.027,1.008,0.316,deltoid-row,,40.0,15
-0.005,0.969,0.117,deltoid-row,,40.0,15
-0.024,0.912,0.109,deltoid-row,,40.0,15
-0.001,0.932,0.24,deltoid-row,,40.0,15
0.051,1.039,0.403,deltoid-row,,40.0,15
0.056,1.184,0.327,deltoid-row,,40.0,15
0.002,1.137,0.182,deltoid-row,,40.0,15
-0.048,0.947,0.174,deltoid-row,,40.0,15
-0.027,0.832,0.197,deltoid-row,,40.0,15
0.034,0.857,0.166,deltoid-row,,40.0,15
0.033,0.979,0.223,deltoid-row,,40.0,15
-0.002,1.144,0.433,deltoid-row,,40.0,15
-0.031,1.187,0.359,deltoid-row,,40.0,15
0.021,1.084,0.131,deltoid-row,,40.0,15
0.093,1.02,0.082,deltoid-row,,40.0,15
0.113,0.987,0.18,deltoid-row,,40.0,15
0.061,0.888,0.153,deltoid-row,,40.0,15
0.035,0.83,0.157,deltoid-row,,40.0,15
0.069,0.897,0.138,deltoid-row,,40.0,15
0.137,1.018,0.265,deltoid-row,,40.0,15
0.151,1.048,0.137,deltoid-row,,40.0,15
0.112,1.04,0.184,deltoid-row,,40.0,15
0.104,1.04,0.2,deltoid-row,,40.0,15
0.213,1.017,0.247,deltoid-row,,40.0,15
0.292,0.963,0.278,deltoid-row,,40.0,15
0.236,0.96,0.451,deltoid-row,,40.0,15
0.174,1.069,0.457,deltoid-row,,40.0,15
0.261,1.023,0.32,deltoid-row,,40.0,15
0.377,0.953,0.192,deltoid-row,,40.0,15
0.358,0.924,0.572,deltoid-row,,40.0,15
0.312,0.9,0.513,deltoid-row,,40.0,15
0.395,0.831,0.202,deltoid-row,,40.0,15
0.397,0.873,0.466,deltoid-row,,40.0,15
0.349,0.925,0.335,deltoid-row,,40.0,15
0.366,0.9,0.284,deltoid-row,,40.0,15
0.352,0.864,0.588,deltoid-row,,40.0,15
0.258,0.936,0.536,deltoid-row,,40.0,15
0.207,0.985,0.322,deltoid-row,,40.0,15
0.216,0.997,0.343,deltoid-row,,40.0,15
0.145,0.984,0.352,deltoid-row,,40.0,15
0.033,0.981,0.26,deltoid-row,,40.0,15
-0.008,1.038,0.295,deltoid-row,,40.0,15
-0.018,1.015,0.291,deltoid-row,,40.0,15
-0.056,0.934,0.251,deltoid-row,,40.0,15
-0.134,0.94,0.387,deltoid-row,,40.0,15
-0.254,1.003,0.345,deltoid-row,,40.0,15
-0.362,1.069,0.224,deltoid-row,,40.0,15
-0.408,1.092,0.356,deltoid-row,,40.0,15
-0.428,1.099,0.257,deltoid-row,,40.0,15
-0.466,1.12,-0.039,deltoid-row,,40.0,15
-0.514,1.148,-0.03,deltoid-row,,40.0,15
-0.536,1.174,-0.034,deltoid-row,,40.0,15
-0.52,1.144,-0.197,deltoid-row,,40.0,15
-0.478,1.096,-0.209,deltoid-row,,40.0,15
-0.463,1.027,-0.201,deltoid-row,,40.0,15
-0.51,0.995,-0.346,deltoid-row,,40.0,15
-0.536,1.006,-0.395,deltoid-row,,40.0,15
-0.514,0.911,-0.052,deltoid-row,,40.0,15
-0.559,0.898,0.245,deltoid-row,,40.0,15
-0.586,1.144,0.136,deltoid-row,,40.0,15
-0.457,1.178,0.156,deltoid-row,,40.0,15
-0.328,0.911,0.146,deltoid-row,,40.0,15
-0.391,0.87,-0.052,deltoid-row,,40.0,15
-0.404,1.085,0.119,deltoid-row,,40.0,15
-0.337,1.217,0.103,deltoid-row,,40.0,15
-0.255,1.025,0.077,deltoid-row,,40.0,15
-0.207,0.808,0.184,deltoid-row,,40.0,15
-0.258,0.894,0.081,deltoid-row,,40.0,15
-0.27,1.141,0.16,deltoid-row,,40.0,15
-0.244,1.097,0.15,deltoid-row,,40.0,15
-0.185,0.898,-0.001,deltoid-row,,40.0,15
-0.202,0.94,-0.167,deltoid-row,,40.0,15
-0.264,1.063,0.131,deltoid-row,,40.0,15
-0.304,1.009,0.477,deltoid-row,,40.0,15
-0.25,1.008,-0.001,deltoid-row,,40.0,15
-0.271,0.962,0.136,deltoid-row,,40.0,15
-0.294,0.923,0.3,deltoid-row,,40.0,15
-0.194,0.971,0.239,deltoid-row,,40.0,15
-0.163,1.012,-0.011,deltoid-row,,40.0,15
-0.223,1.065,0.239,deltoid-row,,40.0,15
-0.273,1.092,0.219,deltoid-row,,40.0,15
-0.187,1.049,-0.112,deltoid-row,,40.0,15
-0.135,0.968,0.189,deltoid-row,,40.0,15
-0.249,1.066,0.59,deltoid-row,,40.0,15
-0.249,1.102,0.282,deltoid-row,,40.0,15
-0.149,0.959,0.132,deltoid-row,,40.0,15
-0.132,0.994,0.385,deltoid-row,,40.0,15
-0.182,1.024,0.48,deltoid-row,,40.0,15
-0.217,1.024,0.396,deltoid-row,,40.0,15
-0.17,1.067,0.192,deltoid-row,,40.0,15
-0.165,0.972,-0.03,deltoid-row,,40.0,15
-0.232,0.81,0.136,deltoid-row,,40.0,15
-0.249,0.91,0.361,deltoid-row,,40.0,15
-0.163,1.104,0.359,deltoid-row,,40.0,15
-0.158,1.038,0.13,deltoid-row,,40.0,15
-0.281,0.89,0.162,deltoid-row,,40.0,15
-0.292,0.977,0.425,deltoid-row,,40.0,15
-0.149,1.192,0.324,deltoid-row,,40.0,15
-0.112,1.236,0.0,deltoid-row,,40.0,15
-0.245,1.061,0.191,deltoid-row,,40.0,15
-0.27,0.899,0.495,deltoid-row,,40.0,15
-0.121,0.878,0.349,deltoid-row,,40.0,15
-0.076,0.923,0.143,deltoid-row,,40.0,15
-0.171,1.005,0.093,deltoid-row,,40.0,15
-0.175,1.029,0.273,deltoid-row,,40.0,15
-0.064,0.934,0.358,deltoid-row,,40.0,15
-0.082,0.937,0.242,deltoid-row,,40.0,15
-0.245,1.073,0.221,deltoid-row,,40.0,15
-0.21,1.143,0.278,deltoid-row,,40.0,15
-0.007,1.088,0.341,deltoid-row,,40.0,15
0.014,1.048,0.2,deltoid-row,,40.0,15
-0.126,1.03,0.122,deltoid-row,,40.0,15
-0.152,0.969,0.183,deltoid-row,,40.0,15
-0.001,0.937,0.245,deltoid-row,,40.0,15
0.037,0.905,0.084,deltoid-row,,40.0,15
-0.057,0.888,0.165,deltoid-row,,40.0,15
-0.086,0.993,0.445,deltoid-row,,40.0,15
0.012,1.129,0.286,deltoid-row,,40.0,15
-0.025,1.077,0.257,deltoid-row,,40.0,15
-0.099,1.038,0.154,deltoid-row,,40.0,15
-0.039,0.933,0.341,deltoid-row,,40.0,15
0.087,0.886,0.401,deltoid-row,,40.0,15
0.06,0.853,0.259,deltoid-row,,40.0,15
-0.064,1.024,0.368,deltoid-row,,40.0,15
-0.032,1.152,0.168,deltoid-row,,40.0,15
0.1,1.105,0.284,deltoid-row,,40.0,15
0.142,1.005,0.052,deltoid-row,,40.0,15
0.032,0.963,0.129,deltoid-row,,40.0,15
-0.005,1.011,0.172,deltoid-row,,40.0,15
0.113,1.037,0.369,deltoid-row,,40.0,15
0.17,1.04,0.204,deltoid-row,,40.0,15
0.121,1.013,0.196,deltoid-row,,40.0,15
0.105,0.975,0.233,deltoid-row,,40.0,15
0.143,0.948,0.214,deltoid-row,,40.0,15
0.158,0.976,0.265,deltoid-row,,40.0,15
0.179,1.009,0.491,deltoid-row,,40.0,15
0.214,1.034,0.467,deltoid-row,,40.0,15
0.23,1.046,0.305,deltoid-row,,40.0,15
0.249,0.962,0.308,deltoid-row,,40.0,15
0.334,0.833,0.244,deltoid-row,,40.0,15
0.379,0.814,0.419,deltoid-row,,40.0,15
0.395,0.882,0.63,deltoid-row,,40.0,15
0.425,0.922,0.591,deltoid-row,,40.0,15
0.391,0.923,0.432,deltoid-row,,40.0,15
0.288,0.901,0.43,deltoid-row,,40.0,15
0.36,0.869,0.236,deltoid-row,,40.0,15
0.43,0.816,0.301,deltoid-row,,40.0,15
0.287,0.844,0.441,deltoid-row,,40.0,15
0.164,1.017,0.309,deltoid-row,,40.0,15
0.188,1.172,0.288,deltoid-row,,40.0,15
0.212,1.158,0.367,deltoid-row,,40.0,15
0.141,1.03,0.34,deltoid-row,,40.0,15
0.026,0.945,0.224,deltoid-row,,40.0,15
-0.032,0.929,0.188,deltoid-row,,40.0,15
-0.038,0.91,0.319,deltoid-row,,40.0,15
-0.076,0.914,0.354,deltoid-row,,40.0,15
-0.161,0.976,0.26,deltoid-row,,40.0,15
-0.246,1.051,0.318,deltoid-row,,40.0,15
-0.275,1.07,0.329,deltoid-row,,40.0,15
-0.312,1.039,0.23,deltoid-row,,40.0,15
-0.418,1.061,0.136,deltoid-row,,40.0,15
-0.515,1.1,0.06,deltoid-row,,40.0,15
-0.54,1.17,-0.113,deltoid-row,,40.0,15
-0.521,1.143,-0.327,deltoid-row,,40.0,15
-0.503,1.112,-0.286,deltoid-row,,40.0,15
-0.532,1.13,-0.212,deltoid-row,,40.0,15
-0.553,1.196,-0.115,deltoid-row,,40.0,15
-0.555,1.117,-0.4,deltoid-row,,40.0,15
-0.557,1.01,-0.338,deltoid-row,,40.0,15
-0.736,0.997,-0.273,deltoid-row,,40.0,15
-0.594,0.789,-0.474,deltoid-row,,40.0,15
-0.457,0.891,0.257,deltoid-row,,40.0,15
-0.577,0.526,0.369,deltoid-row,,40.0,15
-0.427,0.959,0.232,deltoid-row,,40.0,15
-0.265,1.176,0.223,deltoid-row,,40.0,15
-0.391,1.192,0.129,deltoid-row,,40.0,15
-0.4,1.021,0.105,deltoid-row,,40.0,15
-0.4,0.902,-0.094,deltoid-row,,40.0,15
-0.266,0.933,-0.32,deltoid-row,,40.0,15
-0.373,0.914,-0.044,deltoid-row,,40.0,15
-0.334,0.791,0.355,deltoid-row,,40.0,15
-0.314,0.923,0.302,deltoid-row,,40.0,15
-0.421,1.121,-0.005,deltoid-row,,40.0,15
-0.447,1.099,-0.029,deltoid-row,,40.0,15
-0.363,0.977,0.269,deltoid-row,,40.0,15
-0.344,0.958,0.184,deltoid-row,,40.0,15
-0.4,1.016,-0.129,deltoid-row,,40.0,15
-0.295,0.996,-0.015,deltoid-row,,40.0,15
-0.168,0.943,0.377,deltoid-row,,40.0,15
-0.222,0.922,0.347,deltoid-row,,40.0,15
-0.284,0.942,0.021,deltoid-row,,40.0,15
-0.22,0.968,0.061,deltoid-row,,40.0,15
-0.179,1.008,0.225,deltoid-row,,40.0,15
-0.222,1.1,0.308,deltoid-row,,40.0,15
-0.248,1.085,0.303,deltoid-row,,40.0,15
-0.243,1.024,0.173,deltoid-row,,40.0,15
-0.24,1.017,0.258,deltoid-row,,40.0,15
-0.249,1.011,0.282,deltoid-row,,40.0,15
-0.265,0.944,0.286,deltoid-row,,40.0,15
-0.205,0.929,0.335,deltoid-row,,40.0,15
-0.132,0.996,0.264,deltoid-row,,40.0,15
-0.162,1.063,0.1,deltoid-row,,40.0,15
-0.241,1.1,0.161,deltoid-row,,40.0,15
-0.259,1.079,0.449,deltoid-row,,40.0,15
-0.212,0.984,0.468,deltoid-row,,40.0,15
-0.181,0.854,0.165,deltoid-row,,40.0,15
-0.179,0.801,-0.002,deltoid-row,,40.0,15
-0.193,0.88,0.391,deltoid-row,,40.0,15
-0.192,1.072,0.614,deltoid-row,,40.0,15
-0.165,1.19,0.191,deltoid-row,,40.0,15
-0.2,1.049,-0.024,deltoid-row,,40.0,15
-0.247,0.874,0.234,deltoid-row,,40.0,15
-0.207,0.889,0.433,deltoid-row,,40.0,15
-0.168,1.034,0.011,deltoid-row,,40.0,15
-0.223,1.041,-0.065,deltoid-row,,40.0,15
-0.325,0.995,0.446,deltoid-row,,40.0,15
-0.267,1.14,0.541,deltoid-row,,40.0,15
-0.083,1.157,0.125,deltoid-row,,40.0,15
-0.156,0.97,-0.097,deltoid-row,,40.0,15
-0.259,0.89,0.134,deltoid-row,,40.0,15
-0.158,0.93,0.469,deltoid-row,,40.0,15
-0.072,1.142,0.169,deltoid-row,,40.0,15
-0.083,1.109,0.023,deltoid-row,,40.0,15
-0.232,0.954,0.141,deltoid-row,,40.0,15
-0.219,0.838,0.541,deltoid-row,,40.0,15
-0.064,1.024,0.168,deltoid-row,,40.0,15
0.0,1.056,-0.08,deltoid-row,,40.0,15
-0.093,1.064,0.161,deltoid-row,,40.0,15
-0.043,1.041,0.411,deltoid-row,,40.0,15
-0.01,1.025,0.245,deltoid-row,,40.0,15
-0.088,0.958,0.217,deltoid-row,,40.0,15
-0.11,0.973,0.252,deltoid-row,,40.0,15
-0.021,0.955,0.27,deltoid-row,,40.0,15
0.06,0.938,0.258,deltoid-row,,40.0,15
0.052,1.043,0.329,deltoid-row,,40.0,15
-0.017,1.207,0.311,deltoid-row,,40.0,15
0.006,1.094,0.177,deltoid-row,,40.0,15
0.053,0.839,0.169,deltoid-row,,40.0,15
0.064,0.776,0.261,deltoid-row,,40.0,15
0.093,0.929,0.288,deltoid-row,,40.0,15
0.098,1.001,0.214,deltoid-row,,40.0,15
0.074,0.969,0.206,deltoid-row,,40.0,15
0.134,0.957,0.248,deltoid-row,,40.0,15
0.184,0.981,0.222,deltoid-row,,40.0,15
0.167,0.967,0.231,deltoid-row,,40.0,15
0.157,0.962,0.332,deltoid-row,,40.0,15
0.227,1.03,0.437,deltoid-row,,40.0,15
0.295,1.137,0.477,deltoid-row,,40.0,15
0.308,1.166,0.395,deltoid-row,,40.0,15
0.3,1.113,0.44,deltoid-row,,40.0,15
0.325,1.047,0.432,deltoid-row,,40.0,15
0.388,1.0,0.32,deltoid-row,,40.0,15
0.455,0.942,0.262,deltoid-row,,40.0,15
0.477,0.83,0.308,deltoid-row,,40.0,15
0.436,0.72,0.384,deltoid-row,,40.0,15
0.444,0.693,0.293,deltoid-row,,40.0,15
0.498,0.776,0.25,deltoid-row,,40.0,15
0.445,0.906,0.285,deltoid-row,,40.0,15
0.341,0.986,0.338,deltoid-row,,40.0,15
0.244,1.007,0.421,deltoid-row,,40.0,15
0.15,0.95,0.366,deltoid-row,,40.0,15
0.06,0.93,0.372,deltoid-row,,40.0,15
-0.042,0.943,0.392,deltoid-row,,40.0,15
-0.111,0.964,0.196,deltoid-row,,40.0,15
-0.194,0.994,0.169,deltoid-row,,40.0,15
-0.27,1.062,0.041,deltoid-row,,40.0,15
-0.354,1.125,0.011,deltoid-row,,40.0,15
-0.391,1.166,-0.012,deltoid-row,,40.0,15
-0.395,1.108,-0.053,deltoid-row,,40.0,15
-0.457,1.04,-0.171,deltoid-row,,40.0,15
-0.513,0.988,-0.232,deltoid-row,,40.0,15
-0.52,0.957,-0.259,deltoid-row,,40.0,15
-0.523,0.934,-0.472,deltoid-row,,40.0,15
-0.557,0.988,-0.405,deltoid-row,,40.0,15
-0.627,0.825,-0.572,deltoid-row,,40.0,15
-0.681,0.855,-0.343,deltoid-row,,40.0,15
-0.704,1.073,-0.32,deltoid-row,,40.0,15
-0.688,1.223,-0.352,deltoid-row,,40.0,15
-0.649,0.952,-0.197,deltoid-row,,40.0,15
-0.922,0.944,-0.603,deltoid-row,,40.0,15
-0.534,0.825,-0.125,deltoid-row,,40.0,15
-0.548,0.955,0.051,deltoid-row,,40.0,15
-0.581,1.004,0.171,deltoid-row,,40.0,15
-0.472,1.162,0.009,deltoid-row,,40.0,15
-0.381,1.129,-0.057,deltoid-row,,40.0,15
-0.395,1.013,0.043,deltoid-row,,40.0,15
-0.439,0.881,0.077,deltoid-row,,40.0,15
-0.562,1.008,-0.257,deltoid-row,,40.0,15
-0.456,1.06,-0.183,deltoid-row,,40.0,15
-0.428,0.955,0.033,deltoid-row,,40.0,15
-0.432,0.796,-0.118,deltoid-row,,40.0,15
-0.426,0.723,0.06,deltoid-row,,40.0,15
-0.368,0.935,0.199,deltoid-row,,40.0,15
-0.295,1.173,0.151,deltoid-row,,40.0,15
-0.298,1.145,0.031,deltoid-row,,40.0,15
-0.297,1.025,-0.041,deltoid-row,,40.0,15
-0.283,0.905,-0.041,deltoid-row,,40.0,15
-0.247,1.004,0.059,deltoid-row,,40.0,15
-0.233,1.15,0.055,deltoid-row,,40.0,15
-0.258,1.09,-0.099,deltoid-row,,40.0,15
-0.263,0.856,-0.102,deltoid-row,,40.0,15
-0.214,0.824,0.317,deltoid-row,,40.0,15
-0.204,1.048,0.276,deltoid-row,,40.0,15
-0.297,1.161,-0.069,deltoid-row,,40.0,15
-0.265,1.044,0.099,deltoid-row,,40.0,15
-0.116,0.769,0.205,deltoid-row,,40.0,15
-0.117,0.666,0.073,deltoid-row,,40.0,15
-0.207,0.948,0.088,deltoid-row,,40.0,15
-0.273,1.241,0.266,deltoid-row,,40.0,15
-0.265,1.314,0.383,deltoid-row,,40.0,15
-0.194,1.119,0.229,deltoid-row,,40.0,15
-0.139,0.829,-0.02,deltoid-row,,40.0,15
-0.166,0.745,0.24,deltoid-row,,40.0,15
-0.175,1.023,0.16,deltoid-row,,40.0,15
-0.055,1.257,-0.008,deltoid-row,,40.0,15
-0.049,1.046,0.096,deltoid-row,,40.0,15
-0.205,0.785,0.169,deltoid-row,,40.0,15
-0.288,0.832,0.233,deltoid-row,,40.0,15
-0.182,1.145,0.131,deltoid-row,,40.0,15
-0.025,1.283,0.099,deltoid-row,,40.0,15
-0.179,1.229,0.24,deltoid-row,,40.0,15
-0.316,1.06,0.294,deltoid-row,,40.0,15
-0.154,0.975,0.305,deltoid-row,,40.0,15
0.026,0.972,0.056,deltoid-row,,40.0,15
-0.047,1.011,0.132,deltoid-row,,40.0,15
-0.132,1.048,0.081,deltoid-row,,40.0,15
-0.044,1.044,0.101,deltoid-row,,40.0,15
0.088,0.904,0.0,deltoid-row,,40.0,15
-0.008,0.888,0.248,deltoid-row,,40.0,15
-0.124,0.919,0.163,deltoid-row,,40.0,15
-0.06,0.996,0.244,deltoid-row,,40.0,15
0.086,1.037,0.159,deltoid-row,,40.0,15
0.038,1.062,0.064,deltoid-row,,40.0,15
-0.018,1.057,-0.015,deltoid-row,,40.0,15
0.004,1.007,0.046,deltoid-row,,40.0,15
0.008,0.918,0.227,deltoid-row,,40.0,15
-0.032,0.957,0.289,deltoid-row,,40.0,15
0.019,1.085,0.205,deltoid-row,,40.0,15
0.108,1.099,0.108,deltoid-row,,40.0,15
0.091,1.053,0.224,deltoid-row,,40.0,15
-0.011,1.094,0.131,deltoid-row,,40.0,15
0.001,1.1,0.1,deltoid-row,,40.0,15
0.09,1.022,0.121,deltoid-row,,40.0,15
0.109,0.959,0.039,deltoid-row,,40.0,15
0.034,0.96,0.157,deltoid-row,,40.0,15
0.016,0.963,0.169,deltoid-row,,40.0,15
0.09,0.94,0.151,deltoid-row,,40.0,15
0.138,0.923,0.135,deltoid-row,,40.0,15
0.125,0.944,0.197,deltoid-row,,40.0,15
0.131,0.988,0.234,deltoid-row,,40.0,15
0.175,1.008,0.211,deltoid-row,,40.0,15
0.204,1.055,0.26,deltoid-row,,40.0,15
0.229,1.104,0.266,deltoid-row,,40.0,15
0.28,1.1,0.232,deltoid-row,,40.0,15
0.32,1.053,0.305,deltoid-row,,40.0,15
0.339,1.001,0.302,deltoid-row,,40.0,15
0.363,0.991,0.287,deltoid-row,,40.0,15
0.389,0.97,0.356,deltoid-row,,40.0,15
0.424,0.87,0.431,deltoid-row,,40.0,15
0.463,0.772,0.382,deltoid-row,,40.0,15
0.427,0.798,0.259,deltoid-row,,40.0,15
0.325,0.899,0.556,deltoid-row,,40.0,15
0.372,0.915,0.494,deltoid-row,,40.0,15
0.431,0.901,0.547,deltoid-row,,40.0,15
0.34,0.991,0.342,deltoid-row,,40.0,15
0.216,1.044,0.184,deltoid-row,,40.0,15
0.236,1.026,0.247,deltoid-row,,40.0,15
0.202,0.999,0.319,deltoid-row,,40.0,15
0.11,0.973,0.165,deltoid-row,,40.0,15
0.03,0.989,0.229,deltoid-row,,40.0,15
-0.031,0.976,0.279,deltoid-row,,40.0,15
-0.111,0.965,0.217,deltoid-row,,40.0,15
-0.163,0.902,0.146,deltoid-row,,40.0,15
-0.252,0.892,0.273,deltoid-row,,40.0,15
-0.363,0.932,0.278,deltoid-row,,40.0,15
-0.487,0.973,0.253,deltoid-row,,40.0,15
-0.588,1.055,0.199,deltoid-row,,40.0,15
-0.654,1.192,0.018,deltoid-row,,40.0,15
-0.584,1.198,-0.17,deltoid-row,,40.0,15
-0.576,1.026,-0.326,deltoid-row,,40.0,15
-0.669,1.016,-0.46,deltoid-row,,40.0,15
-0.619,1.123,-0.251,deltoid-row,,40.0,15
-0.556,0.934,-0.449,deltoid-row,,40.0,15
-0.669,0.825,0.054,deltoid-row,,40.0,15
-0.887,0.994,-1.259,deltoid-row,,40.0,15
-0.305,0.96,-0.154,deltoid-row,,40.0,15
-0.598,0.87,0.052,deltoid-row,,40.0,15
-0.604,0.749,0.096,deltoid-row,,40.0,15
-0.351,1.125,-0.026,deltoid-row,,40.0,15
-0.398,1.216,0.147,deltoid-row,,40.0,15
-0.455,1.247,0.095,deltoid-row,,40.0,15
-0.44,1.165,-0.069,deltoid-row,,40.0,15
-0.438,1.024,-0.212,deltoid-row,,40.0,15
-0.48,1.013,-0.237,deltoid-row,,40.0,15
-0.507,0.913,-0.026,deltoid-row,,40.0,15
-0.442,0.853,-0.125,deltoid-row,,40.0,15
-0.313,0.922,0.084,deltoid-row,,40.0,15
-0.346,1.026,0.23,deltoid-row,,40.0,15
-0.446,1.034,0.14,deltoid-row,,40.0,15
-0.346,0.978,0.002,deltoid-row,,40.0,15
-0.168,0.971,0.129,deltoid-row,,40.0,15
-0.22,1.015,0.242,deltoid-row,,40.0,15
-0.372,1.04,0.116,deltoid-row,,40.0,15
-0.316,0.99,-0.13,deltoid-row,,40.0,15
-0.176,0.94,-0.128,deltoid-row,,40.0,15
-0.194,1.036,0.101,deltoid-row,,40.0,15
-0.278,1.133,0.177,deltoid-row,,40.0,15
-0.265,1.06,0.167,deltoid-row,,40.0,15
-0.203,0.994,0.189,deltoid-row,,40.0,15
-0.219,1.002,0.327,deltoid-row,,40.0,15
-0.275,0.955,0.376,deltoid-row,,40.0,15
-0.236,0.89,0.113,deltoid-row,,40.0,15
-0.176,0.913,-0.02,deltoid-row,,40.0,15
-0.231,0.942,-0.016,deltoid-row,,40.0,15
-0.253,0.904,0.248,deltoid-row,,40.0,15
-0.16,0.985,0.47,deltoid-row,,40.0,15
-0.091,1.033,0.295,deltoid-row,,40.0,15
-0.147,1.108,0.13,deltoid-row,,40.0,15
-0.223,1.116,0.353,deltoid-row,,40.0,15
-0.156,1.074,0.23,deltoid-row,,40.0,15
0.006,0.96,0.096,deltoid-row,,40.0,15
0.071,0.939,-0.159,deltoid-row,,40.0,15
-0.125,0.844,-0.001,deltoid-row,,40.0,15
-0.278,0.935,0.185,deltoid-row,,40.0,15
-0.145,1.122,0.26,deltoid-row,,40.0,15
-0.105,1.332,0.368,deltoid-row,,40.0,15
-0.284,1.287,0.452,deltoid-row,,40.0,15
-0.323,1.164,0.483,deltoid-row,,40.0,15
-0.07,1.074,-0.069,deltoid-row,,40.0,15
0.008,0.888,0.032,deltoid-row,,40.0,15
-0.08,0.928,0.088,deltoid-row,,40.0,15
-0.088,0.967,0.282,deltoid-row,,40.0,15
0.041,0.877,-0.024,deltoid-row,,40.0,15
0.033,0.76,-0.129,deltoid-row,,40.0,15
-0.085,0.767,0.214,deltoid-row,,40.0,15
-0.032,0.954,0.519,deltoid-row,,40.0,15
0.157,1.339,0.343,deltoid-row,,40.0,15
0.088,1.324,0.053,deltoid-row,,40.0,15
-0.068,1.065,0.161,deltoid-row,,40.0,15
-0.083,0.782,0.185,deltoid-row,,40.0,15
0.072,0.696,0.203,deltoid-row,,40.0,15
0.199,0.874,0.096,deltoid-row,,40.0,15
0.103,1.121,0.263,deltoid-row,,40.0,15
-0.071,1.149,0.352,deltoid-row,,40.0,15
-0.091,1.09,0.308,deltoid-row,,40.0,15
0.093,1.111,0.232,deltoid-row,,40.0,15
0.211,1.068,0.084,deltoid-row,,40.0,15
0.127,0.977,0.182,deltoid-row,,40.0,15
0.011,0.954,0.259,deltoid-row,,40.0,15
0.075,0.97,0.128,deltoid-row,,40.0,15
0.251,0.952,0.077,deltoid-row,,40.0,15
0.296,0.931,0.23,deltoid-row,,40.0,15
0.205,0.982,0.324,deltoid-row,,40.0,15
0.161,1.054,0.273,deltoid-row,,40.0,15
0.255,1.03,0.228,deltoid-row,,40.0,15
0.344,0.956,0.328,deltoid-row,,40.0,15
0.31,0.982,0.409,deltoid-row,,40.0,15
0.286,1.058,0.358,deltoid-row,,40.0,15
0.354,1.045,0.37,deltoid-row,,40.0,15
0.381,1.007,0.505,deltoid-row,,40.0,15
0.309,0.929,0.503,deltoid-row,,40.0,15
0.308,0.763,0.324,deltoid-row,,40.0,15
0.43,0.771,0.475,deltoid-row,,40.0,15
0.455,0.907,0.614,deltoid-row,,40.0,15
0.311,0.921,0.304,deltoid-row,,40.0,15
0.186,0.889,0.355,deltoid-row,,40.0,15
0.253,0.921,0.406,deltoid-row,,40.0,15
0.345,0.904,0.236,deltoid-row,,40.0,15
0.253,0.918,0.187,deltoid-row,,40.0,15
0.141,0.96,0.13,deltoid-row,,40.0,15
0.027,0.988,0.279,deltoid-row,,40.0,15
-0.063,1.103,0.106,deltoid-row,,40.0,15
-0.096,1.131,0.177,deltoid-row,,40.0,15
-0.112,1.098,0.124,deltoid-row,,40.0,15
-0.225,1.05,0.021,deltoid-row,,40.0,15
-0.355,0.938,0.11,deltoid-row,,40.0,15
-0.454,0.832,0.103,deltoid-row,,40.0,15
-0.521,0.934,0.146,deltoid-row,,40.0,15
-0.538,1.125,-0.251,deltoid-row,,40.0,15
-0.569,1.221,-0.164,deltoid-row,,40.0,15
-0.608,1.112,-0.301,deltoid-row,,40.0,15
-0.64,1.128,-0.035,deltoid-row,,40.0,15
-0.749,1.159,-0.343,deltoid-row,,40.0,15
-0.729,1.092,-0.603,deltoid-row,,40.0,15
-0.624,1.051,-0.676,deltoid-row,,40.0,15
-0.543,0.982,-0.301,deltoid-row,,40.0,15
-0.565,0.648,-0.05,deltoid-row,,40.0,15
-0.945,0.894,-0.066,deltoid-row,,40.0,15
-0.816,1.011,-0.331,deltoid-row,,40.0,15
-0.477,1.044,-0.163,deltoid-row,,40.0,15
-0.507,1.028,0.056,deltoid-row,,40.0,15
-0.509,0.903,0.102,deltoid-row,,40.0,15
-0.448,0.903,-0.156,deltoid-row,,40.0,15
-0.486,1.039,-0.015,deltoid-row,,40.0,15
-0.61,1.08,0.08,deltoid-row,,40.0,15
-0.591,0.983,-0.089,deltoid-row,,40.0,15
-0.445,0.933,-0.283,deltoid-row,,40.0,15
-0.354,1.02,0.07,deltoid-row,,40.0,15
-0.404,1.064,0.243,deltoid-row,,40.0,15
-0.409,0.962,-0.023,deltoid-row,,40.0,15
-0.367,0.919,-0.079,deltoid-row,,40.0,15
-0.333,1.009,0.115,deltoid-row,,40.0,15
-0.278,1.018,0.222,deltoid-row,,40.0,15
-0.199,0.957,-0.085,deltoid-row,,40.0,15
-0.177,0.958,-0.289,deltoid-row,,40.0,15
-0.204,0.993,0.01,deltoid-row,,40.0,15
-0.172,0.984,0.236,deltoid-row,,40.0,15
-0.14,1.029,0.128,deltoid-row,,40.0,15
-0.237,1.13,-0.024,deltoid-row,,40.0,15
-0.336,1.114,0.156,deltoid-row,,40.0,15
-0.262,1.009,0.335,deltoid-row,,40.0,15
-0.131,0.928,0.155,deltoid-row,,40.0,15
-0.137,0.935,0.154,deltoid-row,,40.0,15
-0.262,1.039,0.204,deltoid-row,,40.0,15
-0.333,1.098,0.191,deltoid-row,,40.0,15
-0.309,0.946,0.153,deltoid-row,,40.0,15
-0.314,0.85,0.357,deltoid-row,,40.0,15
-0.295,1.064,0.477,deltoid-row,,40.0,15
-0.181,1.196,0.288,deltoid-row,,40.0,15
-0.168,1.073,0.227,deltoid-row,,40.0,15
-0.212,0.896,0.085,deltoid-row,,40.0,15
-0.188,0.796,0.238,deltoid-row,,40.0,15
-0.123,0.876,0.19,deltoid-row,,40.0,15
-0.035,1.043,0.016,deltoid-row,,40.0,15
-0.05,1.089,0.044,deltoid-row,,40.0,15
-0.083,1.043,-0.004,deltoid-row,,40.0,15
-0.2,1.022,0.138,deltoid-row,,40.0,15
-0.059,1.143,0.163,deltoid-row,,40.0,15
0.061,1.206,0.262,deltoid-row,,40.0,15
-0.098,1.063,0.015,deltoid-row,,40.0,15
-0.293,0.879,0.011,deltoid-row,,40.0,15
-0.2,0.856,0.36,deltoid-row,,40.0,15
0.032,0.976,0.344,deltoid-row,,40.0,15
0.016,1.139,0.181,deltoid-row,,40.0,15
-0.189,1.174,-0.029,deltoid-row,,40.0,15
-0.207,1.087,0.213,deltoid-row,,40.0,15
-0.026,1.065,0.4,deltoid-row,,40.0,15
0.013,1.021,0.373,deltoid-row,,40.0,15
-0.054,1.023,0.054,deltoid-row,,40.0,15
-0.05,1.004,0.069,deltoid-row,,40.0,15
0.032,0.913,0.16,deltoid-row,,40.0,15
0.035,0.909,0.196,deltoid-row,,40.0,15
0.057,0.963,0.06,deltoid-row,,40.0,15
0.101,1.013,0.018,deltoid-row,,40.0,15
0.118,1.048,0.197,deltoid-row,,40.0,15
0.055,1.038,0.232,deltoid-row,,40.0,15
0.032,0.986,0.155,deltoid-row,,40.0,15
0.088,0.957,0.078,deltoid-row,,40.0,15
0.139,0.995,0.17,deltoid-row,,40.0,15
0.131,1.042,0.224,deltoid-row,,40.0,15
0.13,1.025,0.265,deltoid-row,,40.0,15
0.156,1.023,0.357,deltoid-row,,40.0,15
0.192,1.032,0.242,deltoid-row,,40.0,15
0.222,1.037,0.242,deltoid-row,,40.0,15
0.236,1.022,0.351,deltoid-row,,40.0,15
0.266,1.064,0.363,deltoid-row,,40.0,15
0.338,1.12,0.294,deltoid-row,,40.0,15
0.392,1.096,0.292,deltoid-row,,40.0,15
0.381,1.041,0.263,deltoid-row,,40.0,15
0.397,0.987,0.316,deltoid-row,,40.0,15
0.496,0.881,0.381,deltoid-row,,40.0,15
0.568,0.779,0.273,deltoid-row,,40.0,15
0.497,0.776,0.364,deltoid-row,,40.0,15
0.392,0.809,0.369,deltoid-row,,40.0,15
0.421,0.839,0.268,deltoid-row,,40.0,15
0.428,0.853,0.404,deltoid-row,,40.0,15
0.3,0.848,0.493,deltoid-row,,40.0,15
0.218,0.887,0.409,deltoid-row,,40.0,15
0.206,0.913,0.281,deltoid-row,,40.0,15
0.078,0.983,0.438,deltoid-row,,40.0,15
-0.052,1.094,0.244,deltoid-row,,40.0,15
-0.075,1.036,0.194,deltoid-row,,40.0,15
-0.06,1.022,0.162,deltoid-row,,40.0,15
-0.201,1.032,0.211,deltoid-row,,40.0,15
-0.349,1.109,0.111,deltoid-row,,40.0,15
-0.383,1.134,0.026,deltoid-row,,40.0,15
-0.435,1.109,-0.189,deltoid-row,,40.0,15
-0.515,1.045,-0.157,deltoid-row,,40.0,15
-0.54,1.146,-0.099,deltoid-row,,40.0,15
-0.575,1.067,-0.477,deltoid-row,,40.0,15
-0.57,0.89,-0.656,deltoid-row,,40.0,15
-0.602,0.929,-0.639,deltoid-row,,40.0,15
-0.656,0.96,-0.354,deltoid-row,,40.0,15
-0.696,0.92,-0.558,deltoid-row,,40.0,15
-0.642,0.873,-0.405,deltoid-row,,40.0,15
-0.853,0.864,-0.895,deltoid-row,,40.0,15
-0.968,0.685,-0.272,deltoid-row,,40.0,15
-0.684,0.796,-0.188,deltoid-row,,40.0,15
-0.406,1.029,-0.277,deltoid-row,,40.0,15
-0.46,0.986,-0.016,deltoid-row,,40.0,15
-0.608,0.969,-0.222,deltoid-row,,40.0,15
-0.659,1.048,-0.204,deltoid-row,,40.0,15
-0.749,1.142,-0.12,deltoid-row,,40.0,15
-0.596,1.09,-0.04,deltoid-row,,40.0,15
-0.403,0.942,-0.34,deltoid-row,,40.0,15
-0.318,0.856,-0.36,deltoid-row,,40.0,15
-0.357,0.887,-0.218,deltoid-row,,40.0,15
-0.399,0.904,0.007,deltoid-row,,40.0,15
-0.391,0.882,0.013,deltoid-row,,40.0,15
-0.319,0.975,-0.189,deltoid-row,,40.0,15
-0.204,1.045,-0.172,deltoid-row,,40.0,15
-0.257,1.02,-0.049,deltoid-row,,40.0,15
-0.396,0.941,0.116,deltoid-row,,40.0,15
-0.381,0.952,0.159,deltoid-row,,40.0,15
-0.257,1.063,-0.049,deltoid-row,,40.0,15
-0.236,1.066,0.026,deltoid-row,,40.0,15
-0.26,0.925,0.157,deltoid-row,,40.0,15
-0.202,0.832,0.053,deltoid-row,,40.0,15
-0.216,0.956,0.044,deltoid-row,,40.0,15
-0.28,1.176,0.142,deltoid-row,,40.0,15
-0.217,1.161,0.121,deltoid-row,,40.0,15
-0.158,0.961,0.101,deltoid-row,,40.0,15
-0.22,0.906,0.131,deltoid-row,,40.0,15
-0.261,1.032,0.032,deltoid-row,,40.0,15
-0.183,1.143,0.033,deltoid-row,,40.0,15
-0.098,1.134,0.178,deltoid-row,,40.0,15
-0.088,1.108,0.166,deltoid-row,,40.0,15
-0.098,1.037,0.038,deltoid-row,,40.0,15
-0.139,1.027,-0.024,deltoid-row,,40.0,15
-0.189,1.007,0.043,deltoid-row,,40.0,15
-0.183,0.973,0.337,deltoid-row,,40.0,15
-0.13,0.964,0.237,deltoid-row,,40.0,15
-0.128,1.026,0.025,deltoid-row,,40.0,15
-0.182,1.004,-0.047,deltoid-row,,40.0,15
-0.158,0.902,0.087,deltoid-row,,40.0,15
-0.077,0.945,0.135,deltoid-row,,40.0,15
-0.07,1.078,0.207,deltoid-row,,40.0,15
-0.105,1.335,0.172,deltoid-row,,40.0,15
-0.117,1.24,-0.024,deltoid-row,,40.0,15
-0.159,0.96,-0.072,deltoid-row,,40.0,15
-0.145,0.8,0.111,deltoid-row,,40.0,15
-0.053,0.914,0.293,deltoid-row,,40.0,15
0.006,0.951,-0.071,deltoid-row,,40.0,15
-0.048,0.928,-0.04,deltoid-row,,40.0,15
-0.136,0.944,0.048,deltoid-row,,40.0,15
-0.058,0.967,0.172,deltoid-row,,40.0,15
0.104,1.097,0.1,deltoid-row,,40.0,15
0.09,1.268,0.081,deltoid-row,,40.0,15
-0.021,1.346,0.116,deltoid-row,,40.0,15
0.004,1.145,0.127,deltoid-row,,40.0,15
0.134,0.911,0.135,deltoid-row,,40.0,15
0.125,0.873,0.102,deltoid-row,,40.0,15
0.027,0.905,0.089,deltoid-row,,40.0,15
-0.025,0.925,0.101,deltoid-row,,40.0,15
0.038,0.998,0.174,deltoid-row,,40.0,15
0.099,1.103,0.223,deltoid-row,,40.0,15
0.064,1.128,0.22,deltoid-row,,40.0,15
0.013,1.069,0.075,deltoid-row,,40.0,15
0.023,0.974,0.076,deltoid-row,,40.0,15
0.082,0.86,0.135,deltoid-row,,40.0,15
0.147,0.829,0.098,deltoid-row,,40.0,15
0.157,0.942,0.098,deltoid-row,,40.0,15
0.116,1.036,0.153,deltoid-row,,40.0,15
0.116,1.061,0.196,deltoid-row,,40.0,15
0.185,1.031,0.151,deltoid-row,,40.0,15
0.252,0.999,0.112,deltoid-row,,40.0,15
0.236,0.992,0.175,deltoid-row,,40.0,15
0.199,0.962,0.22,deltoid-row,,40.0,15
0.234,0.99,0.337,deltoid-row,,40.0,15
0.276,1.072,0.312,deltoid-row,,40.0,15
0.257,1.1,0.211,deltoid-row,,40.0,15
0.247,1.162,0.27,deltoid-row,,40.0,15
0.285,1.261,0.285,deltoid-row,,40.0,15
0.312,1.268,0.319,deltoid-row,,40.0,15
0.286,1.163,0.394,deltoid-row,,40.0,15
0.254,0.975,0.304,deltoid-row,,40.0,15
0.308,0.821,0.151,deltoid-row,,40.0,15
0.395,0.702,0.187,deltoid-row,,40.0,15
0.398,0.628,0.242,deltoid-row,,40.0,15
0.341,0.726,0.336,deltoid-row,,40.0,15
0.291,0.801,0.394,deltoid-row,,40.0,15
0.255,0.887,0.457,deltoid-row,,40.0,15
0.17,0.954,0.528,deltoid-row,,40.0,15
0.124,0.926,0.258,deltoid-row,,40.0,15
0.11,0.805,0.257,deltoid-row,,40.0,15
0.088,0.805,0.183,deltoid-row,,40.0,15
0.003,0.877,-0.003,deltoid-row,,40.0,15
-0.059,0.937,0.163,deltoid-row,,40.0,15
-0.036,0.897,0.253,deltoid-row,,40.0,15
-0.077,0.913,0.11,deltoid-row,,40.0,15
-0.194,0.998,0.03,deltoid-row,,40.0,15
-0.304,1.152,0.081,deltoid-row,,40.0,15
-0.411,1.254,-0.003,deltoid-row,,40.0,15
-0.475,1.228,0.084,deltoid-row,,40.0,15
-0.577,1.36,-0.042,deltoid-row,,40.0,15
-0.639,1.4,-0.198,deltoid-row,,40.0,15
-0.609,1.26,-0.433,deltoid-row,,40.0,15
-0.57,1.066,-0.402,deltoid-row,,40.0,15
-0.68,0.937,-0.281,deltoid-row,,40.0,15
-0.673,0.775,-0.454,deltoid-row,,40.0,15
-0.636,0.432,-0.722,deltoid-row,,40.0,15
-0.834,0.608,-0.584,deltoid-row,,40.0,15
-0.905,0.913,-0.314,deltoid-row,,40.0,15
-0.432,1.013,-0.165,deltoid-row,,40.0,15
-0.466,1.017,-0.209,deltoid-row,,40.0,15
-0.483,0.921,-0.046,deltoid-row,,40.0,15
-0.468,0.933,-0.093,deltoid-row,,40.0,15
-0.416,0.986,-0.162,deltoid-row,,40.0,15
-0.435,1.006,0.124,deltoid-row,,40.0,15
-0.557,1.002,-0.094,deltoid-row,,40.0,15
-0.617,0.955,-0.48,deltoid-row,,40.0,15
-0.408,0.985,-0.229,deltoid-row,,40.0,15
-0.362,0.992,0.212,deltoid-row,,40.0,15
-0.412,0.994,0.26,deltoid-row,,40.0,15
-0.394,0.946,-0.311,deltoid-row,,40.0,15
-0.328,0.95,-0.335,deltoid-row,,40.0,15
-0.273,0.976,0.012,deltoid-row,,40.0,15
-0.292,0.958,0.178,deltoid-row,,40.0,15
-0.38,0.948,0.077,deltoid-row,,40.0,15
-0.386,1.039,-0.243,deltoid-row,,40.0,15
-0.284,1.108,-0.356,deltoid-row,,40.0,15
-0.274,1.046,0.008,deltoid-row,,40.0,15
-0.376,0.985,0.357,deltoid-row,,40.0,15
-0.386,1.001,0.254,deltoid-row,,40.0,15
-0.291,1.005,0.019,deltoid-row,,40.0,15
-0.266,0.997,-0.041,deltoid-row,,40.0,15
-0.273,0.979,0.093,deltoid-row,,40.0,15
-0.18,0.755,0.259,deltoid-row,,40.0,15
-0.088,0.671,0.231,deltoid-row,,40.0,15
-0.074,1.034,0.041,deltoid-row,,40.0,15
-0.156,1.2,-0.158,deltoid-row,,40.0,15
-0.256,1.077,0.142,deltoid-row,,40.0,15
-0.245,1.088,0.598,deltoid-row,,40.0,15
-0.222,1.078,0.665,deltoid-row,,40.0,15
-0.256,1.048,0.159,deltoid-row,,40.0,15
-0.282,1.058,0.021,deltoid-row,,40.0,15
-0.146,1.054,0.083,deltoid-row,,40.0,15
-0.063,0.868,0.249,deltoid-row,,40.0,15
-0.156,0.86,0.124,deltoid-row,,40.0,15
-0.275,0.957,0.109,deltoid-row,,40.0,15
-0.297,1.157,0.481,deltoid-row,,40.0,15
-0.298,1.201,0.513,deltoid-row,,40.0,15
-0.227,1.198,0.012,deltoid-row,,40.0,15
-0.149,1.063,-0.133,deltoid-row,,40.0,15
-0.096,1.048,0.232,deltoid-row,,40.0,15
-0.104,1.056,-0.024,deltoid-row,,40.0,15
-0.176,1.056,0.128,deltoid-row,,40.0,15
-0.176,1.056,0.159,deltoid-row,,40.0,15
-0.047,1.048,0.175,deltoid-row,,40.0,15
-0.07,0.996,0.124,deltoid-row,,40.0,15
-0.101,0.897,0.062,deltoid-row,,40.0,15
-0.111,0.852,0.163,deltoid-row,,40.0,15
-0.063,0.911,0.19,deltoid-row,,40.0,15
-0.029,0.94,0.26,deltoid-row,,40.0,15
-0.071,1.004,0.232,deltoid-row,,40.0,15
-0.113,0.977,0.12,deltoid-row,,40.0,15
-0.101,0.936,0.026,deltoid-row,,40.0,15
-0.034,0.909,0.039,deltoid-row,,40.0,15
0.002,0.958,0.139,deltoid-row,,40.0,15
-0.033,1.07,0.133,deltoid-row,,40.0,15
-0.025,1.19,0.154,deltoid-row,,40.0,15
0.023,1.213,0.123,deltoid-row,,40.0,15
0.029,1.148,0.088,deltoid-row,,40.0,15
0.008,1.031,0.101,deltoid-row,,40.0,15
0.031,0.938,0.041,deltoid-row,,40.0,15
0.097,0.956,0.079,deltoid-row,,40.0,15
0.09,1.061,0.214,deltoid-row,,40.0,15
0.018,1.112,0.24,deltoid-row,,40.0,15
0.042,1.058,0.18,deltoid-row,,40.0,15
0.148,0.977,0.195,deltoid-row,,40.0,15
0.192,0.911,0.157,deltoid-row,,40.0,15
0.176,0.872,0.152,deltoid-row,,40.0,15
0.21,0.872,0.274,deltoid-row,,40.0,15
0.289,0.88,0.288,deltoid-row,,40.0,15
0.328,0.933,0.25,deltoid-row,,40.0,15
0.338,1.067,0.319,deltoid-row,,40.0,15
0.394,1.16,0.278,deltoid-row,,40.0,15
0.45,1.12,0.206,deltoid-row,,40.0,15
0.425,1.05,0.411,deltoid-row,,40.0,15
0.436,1.002,0.566,deltoid-row,,40.0,15
0.525,0.861,0.565,deltoid-row,,40.0,15
0.546,0.698,0.347,deltoid-row,,40.0,15
0.48,0.714,0.294,deltoid-row,,40.0,15
0.451,0.905,0.438,deltoid-row,,40.0,15
0.449,0.954,0.336,deltoid-row,,40.0,15
0.37,0.884,0.542,deltoid-row,,40.0,15
0.404,0.89,0.155,deltoid-row,,40.0,15
0.263,0.996,0.169,deltoid-row,,40.0,15
0.101,1.135,0.213,deltoid-row,,40.0,15
0.003,1.034,0.413,deltoid-row,,40.0,15
-0.034,0.95,0.468,deltoid-row,,40.0,15
-0.111,0.942,0.325,deltoid-row,,40.0,15
-0.18,0.996,0.293,deltoid-row,,40.0,15
-0.314,1.024,0.268,deltoid-row,,40.0,15
-0.449,0.914,0.311,deltoid-row,,40.0,15
-0.464,0.795,-0.023,deltoid-row,,40.0,15
-0.448,0.89,-0.248,deltoid-row,,40.0,15
-0.488,1.118,-0.208,deltoid-row,,40.0,15
-0.527,1.205,-0.371,deltoid-row,,40.0,15
-0.551,1.223,-0.46,deltoid-row,,40.0,15
-0.634,1.172,-0.509,deltoid-row,,40.0,15
-0.706,1.139,-0.33,deltoid-row,,40.0,15
-0.691,1.057,-0.362,deltoid-row,,40.0,15
-0.744,0.999,-0.34,deltoid-row,,40.0,15
-0.943,1.176,-0.718,deltoid-row,,40.0,15
-0.996,0.901,-0.524,deltoid-row,,40.0,15
-0.635,0.768,-0.361,deltoid-row,,40.0,15
-0.596,0.714,-0.095,deltoid-row,,40.0,15
-0.608,0.834,-0.113,deltoid-row,,40.0,15
-0.632,0.944,-0.051,deltoid-row,,40.0,15
-0.658,0.974,-0.183,deltoid-row,,40.0,15
-0.635,0.987,-0.188,deltoid-row,,40.0,15
-0.646,0.992,-0.112,deltoid-row,,40.0,15
-0.683,0.938,0.042,deltoid-row,,40.0,15
-0.565,0.859,-0.243,deltoid-row,,40.0,15
-0.399,0.939,-0.337,deltoid-row,,40.0,15
-0.448,1.01,-0.209,deltoid-row,,40.0,15
-0.522,1.011,0.079,deltoid-row,,40.0,15
-0.459,0.976,0.115,deltoid-row,,40.0,15
-0.319,1.024,-0.079,deltoid-row,,40.0,15
-0.274,1.093,-0.095,deltoid-row,,40.0,15
-0.346,1.062,0.018,deltoid-row,,40.0,15
-0.364,0.984,0.064,deltoid-row,,40.0,15
-0.313,0.982,0.002,deltoid-row,,40.0,15
-0.292,1.013,0.121,deltoid-row,,40.0,15
-0.25,0.947,0.141,deltoid-row,,40.0,15
-0.209,0.87,-0.096,deltoid-row,,40.0,15
-0.255,0.907,0.058,deltoid-row,,40.0,15
-0.254,1.048,0.401,deltoid-row,,40.0,15
-0.194,1.149,0.398,deltoid-row,,40.0,15
-0.258,1.092,-0.027,deltoid-row,,40.0,15
-0.403,0.961,-0.03,deltoid-row,,40.0,15
-0.333,0.915,0.399,deltoid-row,,40.0,15
-0.149,1.035,0.383,deltoid-row,,40.0,15
-0.15,1.196,-0.018,deltoid-row,,40.0,15
-0.197,1.075,-0.347,deltoid-row,,40.0,15
-0.07,0.902,-0.105,deltoid-row,,40.0,15
-0.024,0.802,0.189,deltoid-row,,40.0,15
-0.095,0.92,0.227,deltoid-row,,40.0,15
-0.153,1.14,0.025,deltoid-row,,40.0,15
-0.287,1.199,0.019,deltoid-row,,40.0,15
-0.321,1.169,0.199,deltoid-row,,40.0,15
-0.258,1.013,0.338,deltoid-row,,40.0,15
-0.138,1.05,0.15,deltoid-row,,40.0,15
-0.087,0.988,0.059,deltoid-row,,40.0,15
-0.175,0.941,0.203,deltoid-row,,40.0,15
-0.159,1.047,0.102,deltoid-row,,40.0,15
-0.12,1.008,0.288,deltoid-row,,40.0,15
-0.08,1.0,0.192,deltoid-row,,40.0,15
-0.072,1.047,0.145,deltoid-row,,40.0,15
-0.004,1.132,0.152,deltoid-row,,40.0,15
0.134,1.106,0.137,deltoid-row,,40.0,15
0.151,1.002,0.012,deltoid-row,,40.0,15
-0.019,0.921,0.086,deltoid-row,,40.0,15
-0.04,0.982,0.068,deltoid-row,,40.0,15
0.151,0.965,-0.127,deltoid-row,,40.0,15
0.197,0.913,0.073,deltoid-row,,40.0,15
0.05,1.002,0.185,deltoid-row,,40.0,15
-0.028,1.024,0.244,deltoid-row,,40.0,15
0.059,1.012,0.237,deltoid-row,,40.0,15
0.142,1.026,0.184,deltoid-row,,40.0,15
0.131,1.014,0.162,deltoid-row,,40.0,15
0.074,0.968,0.2,deltoid-row,,40.0,15
0.056,0.935,0.216,deltoid-row,,40.0,15
0.11,0.966,0.167,deltoid-row,,40.0,15
0.162,0.973,0.155,deltoid-row,,40.0,15
0.156,0.963,0.119,deltoid-row,,40.0,15
0.129,0.975,0.116,deltoid-row,,40.0,15
0.11,0.941,0.128,deltoid-row,,40.0,15
0.123,0.898,0.1,deltoid-row,,40.0,15
0.167,0.924,0.116,deltoid-row,,40.0,15
0.209,0.991,0.148,deltoid-row,,40.0,15
0.236,1.045,0.181,deltoid-row,,40.0,15
0.232,1.068,0.196,deltoid-row,,40.0,15
0.239,1.114,0.203,deltoid-row,,40.0,15
0.319,1.171,0.25,deltoid-row,,40.0,15
0.388,1.142,0.234,deltoid-row,,40.0,15
0.355,1.051,0.216,deltoid-row,,40.0,15
0.317,1.003,0.359,deltoid-row,,40.0,15
0.397,0.99,0.393,deltoid-row,,40.0,15
0.496,0.945,0.301,deltoid-row,,40.0,15
0.458,0.904,0.348,deltoid-row,,40.0,15
0.387,0.831,0.299,deltoid-row,,40.0,15
0.426,0.727,0.44,deltoid-row,,40.0,15
0.506,0.695,0.442,deltoid-row,,40.0,15
0.484,0.708,0.412,deltoid-row,,40.0,15
0.381,0.755,0.314,deltoid-row,,40.0,15
0.271,0.956,0.322,deltoid-row,,40.0,15
0.169,1.029,0.297,deltoid-row,,40.0,15
0.108,1.044,0.183,deltoid-row,,40.0,15
0.075,1.024,0.217,deltoid-row,,40.0,15
-0.011,1.029,0.224,deltoid-row,,40.0,15
-0.135,1.056,0.232,deltoid-row,,40.0,15
-0.242,1.053,0.282,deltoid-row,,40.0,15
-0.258,1.03,0.218,deltoid-row,,40.0,15
-0.281,0.997,0.064,deltoid-row,,40.0,15
-0.293,0.852,-0.046,deltoid-row,,40.0,15
-0.406,0.933,-0.021,deltoid-row,,40.0,15
-0.616,1.094,-0.44,deltoid-row,,40.0,15
-0.64,0.922,-0.424,deltoid-row,,40.0,15
-0.524,0.889,-0.408,deltoid-row,,40.0,15
-0.649,1.124,-0.263,deltoid-row,,40.0,15
-0.857,1.285,-0.249,deltoid-row,,40.0,15
-0.85,1.157,-0.576,deltoid-row,,40.0,15
-0.72,0.944,-0.544,deltoid-row,,40.0,15
-0.704,0.899,-0.585,deltoid-row,,40.0,15
-0.847,0.998,-0.415,deltoid-row,,40.0,15
-1.025,0.869,-0.397,deltoid-row,,40.0,15
-0.737,0.677,-0.231,deltoid-row,,40.0,15
-0.467,0.735,-0.09,deltoid-row,,40.0,15
-0.515,0.878,-0.058,deltoid-row,,40.0,15
-0.544,1.129,-0.171,deltoid-row,,40.0,15
-0.615,1.165,-0.114,deltoid-row,,40.0,15
-0.686,1.043,-0.046,deltoid-row,,40.0,15
-0.565,0.994,-0.205,deltoid-row,,40.0,15
-0.482,0.97,-0.242,deltoid-row,,40.0,15
-0.472,0.855,0.018,deltoid-row,,40.0,15
-0.406,0.795,-0.213,deltoid-row,,40.0,15
-0.398,0.965,-0.352,deltoid-row,,40.0,15
-0.488,1.072,0.099,deltoid-row,,40.0,15
-0.467,1.007,0.26,deltoid-row,,40.0,15
-0.367,0.96,-0.2,deltoid-row,,40.0,15
-0.367,1.042,-0.198,deltoid-row,,40.0,15
-0.425,1.037,0.068,deltoid-row,,40.0,15
-0.34,0.864,0.12,deltoid-row,,40.0,15
-0.22,0.81,0.114,deltoid-row,,40.0,15
-0.289,1.048,-0.006,deltoid-row,,40.0,15
-0.384,1.211,-0.01,deltoid-row,,40.0,15
-0.323,1.073,0.021,deltoid-row,,40.0,15
-0.24,0.999,-0.101,deltoid-row,,40.0,15
-0.264,1.115,-0.113,deltoid-row,,40.0,15
-0.281,1.204,-0.026,deltoid-row,,40.0,15
-0.232,1.024,0.164,deltoid-row,,40.0,15
-0.242,0.78,0.296,deltoid-row,,40.0,15
-0.311,0.756,0.051,deltoid-row,,40.0,15
-0.333,0.953,0.014,deltoid-row,,40.0,15
-0.272,1.041,0.147,deltoid-row,,40.0,15
-0.194,0.955,0.277,deltoid-row,,40.0,15
-0.256,0.848,0.161,deltoid-row,,40.0,15
-0.352,1.014,0.118,deltoid-row,,40.0,15
-0.251,1.233,0.03,deltoid-row,,40.0,15
-0.085,1.24,-0.017,deltoid-row,,40.0,15
-0.092,1.035,0.11,deltoid-row,,40.0,15
-0.212,0.798,-0.019,deltoid-row,,40.0,15
-0.224,0.968,0.135,deltoid-row,,40.0,15
-0.088,1.089,0.166,deltoid-row,,40.0,15
-0.018,1.0,-0.104,deltoid-row,,40.0,15
-0.154,0.779,-0.098,deltoid-row,,40.0,15
-0.187,0.852,0.031,deltoid-row,,40.0,15
-0.032,1.264,0.272,deltoid-row,,40.0,15
0.0,1.376,0.016,deltoid-row,,40.0,15
-0.21,1.12,0.078,deltoid-row,,40.0,15
-0.277,0.838,0.187,deltoid-row,,40.0,15
-0.027,0.951,0.281,deltoid-row,,40.0,15
0.182,1.077,0.084,deltoid-row,,40.0,15
0.107,0.981,-0.064,deltoid-row,,40.0,15
-0.051,0.905,-0.024,deltoid-row,,40.0,15
-0.052,0.998,0.12,deltoid-row,,40.0,15
0.019,1.049,0.237,deltoid-row,,40.0,15
0.052,1.108,0.321,deltoid-row,,40.0,15
0.069,1.05,0.158,deltoid-row,,40.0,15
0.072,0.964,0.143,deltoid-row,,40.0,15
0.036,0.835,0.128,deltoid-row,,40.0,15
0.053,0.894,0.12,deltoid-row,,40.0,15
0.098,0.985,0.091,deltoid-row,,40.0,15
0.123,0.975,0.13,deltoid-row,,40.0,15
0.106,0.987,0.212,deltoid-row,,40.0,15
0.059,1.068,0.14,deltoid-row,,40.0,15
0.106,1.089,0.124,deltoid-row,,40.0,15
0.188,1.006,0.188,deltoid-row,,40.0,15
0.192,0.922,0.163,deltoid-row,,40.0,15
0.144,0.947,0.165,deltoid-row,,40.0,15
0.111,1.02,0.156,deltoid-row,,40.0,15
0.147,1.044,0.257,deltoid-row,,40.0,15
0.209,1.094,0.418,deltoid-row,,40.0,15
0.208,1.188,0.32,deltoid-row,,40.0,15
0.188,1.182,0.222,deltoid-row,,40.0,15
0.21,1.076,0.327,deltoid-row,,40.0,15
0.267,1.02,0.35,deltoid-row,,40.0,15
0.299,0.95,0.347,deltoid-row,,40.0,15
0.241,0.825,0.332,deltoid-row,,40.0,15
0.218,0.868,0.217,deltoid-row,,40.0,15
0.31,1.027,0.238,deltoid-row,,40.0,15
0.384,1.058,0.27,deltoid-row,,40.0,15
0.377,0.984,0.252,deltoid-row,,40.0,15
0.347,0.959,0.191,deltoid-row,,40.0,15
0.44,0.915,0.363,deltoid-row,,40.0,15
0.539,0.709,0.453,deltoid-row,,40.0,15
0.451,0.582,0.459,deltoid-row,,40.0,15
0.329,0.644,0.359,deltoid-row,,40.0,15
0.216,0.75,0.558,deltoid-row,,40.0,15
0.15,0.899,0.513,deltoid-row,,40.0,15
-0.016,0.917,0.552,deltoid-row,,40.0,15
-0.104,0.956,0.216,deltoid-row,,40.0,15
-0.154,1.033,0.35,deltoid-row,,40.0,15
-0.174,1.107,0.337,deltoid-row,,40.0,15
-0.228,1.199,0.319,deltoid-row,,40.0,15
-0.276,1.18,0.061,deltoid-row,,40.0,15
-0.332,1.116,0.131,deltoid-row,,40.0,15
-0.419,1.043,0.023,deltoid-row,,40.0,15
-0.521,1.129,-0.019,deltoid-row,,40.0,15
-0.639,1.247,-0.317,deltoid-row,,40.0,15
-0.624,1.069,-0.452,deltoid-row,,40.0,15
-0.563,0.942,-0.426,deltoid-row,,40.0,15
-0.605,1.07,-0.431,deltoid-row,,40.0,15
-0.652,1.087,-0.527,deltoid-row,,40.0,15
-0.635,0.881,-0.522,deltoid-row,,40.0,15
-0.632,0.8,-0.422,deltoid-row,,40.0,15
-0.707,0.724,-0.736,deltoid-row,,40.0,15
-1.067,0.959,-0.799,deltoid-row,,40.0,15
-0.967,0.8,-0.383,deltoid-row,,40.0,15
-0.718,0.936,-0.193,deltoid-row,,40.0,15
-0.583,1.058,-0.273,deltoid-row,,40.0,15
-0.524,1.116,-0.189,deltoid-row,,40.0,15
-0.63,1.11,-0.252,deltoid-row,,40.0,15
-0.775,0.938,-0.231,deltoid-row,,40.0,15
-0.716,0.911,-0.202,deltoid-row,,40.0,15
-0.553,0.928,-0.011,deltoid-row,,40.0,15
-0.47,0.865,-0.193,deltoid-row,,40.0,15
-0.395,0.863,-0.183,deltoid-row,,40.0,15
-0.409,0.934,0.047,deltoid-row,,40.0,15
-0.483,0.906,0.107,deltoid-row,,40.0,15
-0.443,0.896,-0.153,deltoid-row,,40.0,15
-0.329,1.027,-0.194,deltoid-row,,40.0,15
-0.332,1.181,-0.041,deltoid-row,,40.0,15
-0.401,1.161,0.067,deltoid-row,,40.0,15
-0.308,0.984,-0.064,deltoid-row,,40.0,15
-0.154,0.842,-0.191,deltoid-row,,40.0,15
-0.208,0.874,0.179,deltoid-row,,40.0,15
-0.369,1.045,0.299,deltoid-row,,40.0,15
-0.412,1.02,0.042,deltoid-row,,40.0,15
-0.394,0.904,0.188,deltoid-row,,40.0,15
-0.408,1.067,0.22,deltoid-row,,40.0,15
-0.367,1.147,-0.043,deltoid-row,,40.0,15
-0.274,0.983,-0.105,deltoid-row,,40.0,15
-0.253,0.711,0.198,deltoid-row,,40.0,15
-0.228,0.777,0.291,deltoid-row,,40.0,15
-0.081,1.202,-0.288,deltoid-row,,40.0,15
-0.163,1.174,-0.174,deltoid-row,,40.0,15
-0.318,1.015,0.246,deltoid-row,,40.0,15
-0.252,0.841,0.493,deltoid-row,,40.0,15
-0.125,0.972,0.17,deltoid-row,,40.0,15
-0.125,1.15,-0.211,deltoid-row,,40.0,15
-0.195,1.169,-0.216,deltoid-row,,40.0,15
-0.241,1.127,0.199,deltoid-row,,40.0,15
-0.182,1.07,0.263,deltoid-row,,40.0,15
-0.063,1.053,0.083,deltoid-row,,40.0,15
-0.131,1.028,0.056,deltoid-row,,40.0,15
-0.24,1.066,0.217,deltoid-row,,40.0,15
-0.129,0.977,0.221,deltoid-row,,40.0,15
-0.002,0.844,-0.003,deltoid-row,,40.0,15
-0.064,0.976,-0.096,deltoid-row,,40.0,15
-0.064,1.04,-0.048,deltoid-row,,40.0,15
0.006,1.094,0.162,deltoid-row,,40.0,15
-0.022,1.058,0.244,deltoid-row,,40.0,15
-0.054,1.041,0.136,deltoid-row,,40.0,15
0.002,1.076,0.048,deltoid-row,,40.0,15
0.079,0.93,-0.01,deltoid-row,,40.0,15
0.067,0.772,0.131,deltoid-row,,40.0,15
0.044,0.82,0.152,deltoid-row,,40.0,15
0.08,0.959,0.092,deltoid-row,,40.0,15
0.068,1.101,0.126,deltoid-row,,40.0,15
0.02,1.096,0.149,deltoid-row,,40.0,15
-0.011,1.076,0.251,deltoid-row,,40.0,15
-0.01,1.072,0.189,deltoid-row,,40.0,15
0.016,1.037,0.066,deltoid-row,,40.0,15
0.024,0.995,0.049,deltoid-row,,40.0,15
-0.004,1.001,0.14,deltoid-row,,40.0,15
-0.016,1.013,0.16,deltoid-row,,40.0,15
0.016,0.984,0.099,deltoid-row,,40.0,15
0.068,0.988,0.067,deltoid-row,,40.0,15
0.053,1.025,0.094,deltoid-row,,40.0,15
0.027,1.05,0.165,deltoid-row,,40.0,15
0.08,1.01,0.2,deltoid-row,,40.0,15
0.16,0.954,0.218,deltoid-row,,40.0,15
0.188,0.932,0.18,deltoid-row,,40.0,15
0.159,0.961,0.132,deltoid-row,,40.0,15
0.152,1.008,0.2,deltoid-row,,40.0,15
0.21,1.036,0.28,deltoid-row,,40.0,15
0.26,1.055,0.281,deltoid-row,,40.0,15
0.264,1.06,0.268,deltoid-row,,40.0,15
0.281,1.069,0.328,deltoid-row,,40.0,15
0.336,1.098,0.384,deltoid-row,,40.0,15
0.402,1.072,0.312,deltoid-row,,40.0,15
0.406,0.979,0.26,deltoid-row,,40.0,15
0.396,0.953,0.248,deltoid-row,,40.0,15
0.498,1.0,0.336,deltoid-row,,40.0,15
0.529,0.988,0.507,deltoid-row,,40.0,15
0.438,0.937,0.484,deltoid-row,,40.0,15
0.46,0.867,0.312,deltoid-row,,40.0,15
0.495,0.814,0.334,deltoid-row,,40.0,15
0.332,0.769,0.4,deltoid-row,,40.0,15
0.203,0.825,0.39,deltoid-row,,40.0,15
0.162,0.933,0.345,deltoid-row,,40.0,15
0.041,0.981,0.351,deltoid-row,,40.0,15
-0.08,0.922,0.557,deltoid-row,,40.0,15
-0.132,0.894,0.596,deltoid-row,,40.0,15
-0.171,0.921,0.349,deltoid-row,,40.0,15
-0.268,0.803,0.331,deltoid-row,,40.0,15
-0.318,0.842,0.337,deltoid-row,,40.0,15
-0.409,0.979,0.023,deltoid-row,,40.0,15
-0.575,1.032,0.006,deltoid-row,,40.0,15
-0.544,1.04,-0.059,deltoid-row,,40.0,15
-0.52,1.016,-0.373,deltoid-row,,40.0,15
-0.52,0.938,-0.314,deltoid-row,,40.0,15
-0.436,0.86,-0.365,deltoid-row,,40.0,15
-0.477,1.005,-0.375,deltoid-row,,40.0,15
-0.568,1.052,-0.172,deltoid-row,,40.0,15
-0.626,1.049,-0.245,deltoid-row,,40.0,15
-0.674,0.999,-0.235,deltoid-row,,40.0,15
-0.748,1.06,-0.218,deltoid-row,,40.0,15
-0.787,1.079,-0.416,deltoid-row,,40.0,15
-0.785,0.885,-0.58,deltoid-row,,40.0,15
-0.708,0.853,-0.411,deltoid-row,,40.0,15
-0.719,0.968,-0.354,deltoid-row,,40.0,15
-0.68,0.982,-0.255,deltoid-row,,40.0,15
-0.593,0.941,-0.089,deltoid-row,,40.0,15
-0.557,0.968,-0.206,deltoid-row,,40.0,15
-0.507,1.073,-0.317,deltoid-row,,40.0,15
-0.531,1.015,-0.174,deltoid-row,,40.0,15
-0.563,0.842,-0.064,deltoid-row,,40.0,15
-0.512,0.812,-0.232,deltoid-row,,40.0,15
-0.371,0.931,-0.336,deltoid-row,,40.0,15
-0.352,1.016,-0.36,deltoid-row,,40.0,15
-0.486,0.958,-0.149,deltoid-row,,40.0,15
-0.547,0.913,-0.136,deltoid-row,,40.0,15
-0.428,1.032,-0.053,deltoid-row,,40.0,15
-0.332,1.095,0.024,deltoid-row,,40.0,15
-0.384,0.972,-0.184,deltoid-row,,40.0,15
-0.432,0.853,-0.131,deltoid-row,,40.0,15
-0.35,0.912,0.159,deltoid-row,,40.0,15
-0.243,1.016,0.054,deltoid-row,,40.0,15
-0.273,0.972,-0.138,deltoid-row,,40.0,15
-0.355,0.912,0.233,deltoid-row,,40.0,15
-0.302,0.94,0.433,deltoid-row,,40.0,15
-0.249,0.949,0.045,deltoid-row,,40.0,15
-0.304,0.883,-0.058,deltoid-row,,40.0,15
-0.236,0.957,0.21,deltoid-row,,40.0,15
-0.172,1.221,0.215,deltoid-row,,40.0,15
-0.2,1.377,0.097,deltoid-row,,40.0,15
-0.208,1.202,0.116,deltoid-row,,40.0,15
-0.203,0.955,0.23,deltoid-row,,40.0,15
-0.101,0.895,0.211,deltoid-row,,40.0,15
-0.074,0.992,-0.038,deltoid-row,,40.0,15
-0.102,0.93,-0.147,deltoid-row,,40.0,15
-0.069,0.812,0.028,deltoid-row,,40.0,15
-0.148,0.907,0.072,deltoid-row,,40.0,15
-0.231,1.12,0.004,deltoid-row,,40.0,15
-0.336,1.176,0.199,deltoid-row,,40.0,15
-0.335,1.16,0.243,deltoid-row,,40.0,15
-0.324,1.004,0.113,deltoid-row,,40.0,15
-0.367,1.064,0.122,deltoid-row,,40.0,15
-0.181,1.054,-0.002,deltoid-row,,40.0,15
-0.096,1.0,-0.072,deltoid-row,,40.0,15
