0.736,-0.584,-0.32,angle-chest-press,,30.0,20
0.752,-0.607,-0.343,angle-chest-press,,30.0,20
0.76,-0.6,-0.336,angle-chest-press,,30.0,20
0.745,-0.615,-0.343,angle-chest-press,,30.0,20
0.737,-0.616,-0.344,angle-chest-press,,30.0,20
0.743,-0.609,-0.358,angle-chest-press,,30.0,20
0.744,-0.622,-0.339,angle-chest-press,,30.0,20
0.73,-0.617,-0.363,angle-chest-press,,30.0,20
0.735,-0.623,-0.348,angle-chest-press,,30.0,20
0.762,-0.604,-0.357,angle-chest-press,,30.0,20
0.749,-0.6,-0.36,angle-chest-press,,30.0,20
0.744,-0.6,-0.372,angle-chest-press,,30.0,20
0.78,-0.582,-0.382,angle-chest-press,,30.0,20
0.786,-0.564,-0.372,angle-chest-press,,30.0,20
0.767,-0.56,-0.374,angle-chest-press,,30.0,20
0.749,-0.571,-0.382,angle-chest-press,,30.0,20
0.76,-0.56,-0.422,angle-chest-press,,30.0,20
0.773,-0.541,-0.398,angle-chest-press,,30.0,20
0.781,-0.541,-0.356,angle-chest-press,,30.0,20
0.769,-0.519,-0.384,angle-chest-press,,30.0,20
0.76,-0.509,-0.437,angle-chest-press,,30.0,20
0.755,-0.503,-0.502,angle-chest-press,,30.0,20
0.783,-0.469,-0.54,angle-chest-press,,30.0,20
0.804,-0.439,-0.531,angle-chest-press,,30.0,20
0.792,-0.424,-0.508,angle-chest-press,,30.0,20
0.784,-0.412,-0.496,angle-chest-press,,30.0,20
0.784,-0.404,-0.481,angle-chest-press,,30.0,20
0.788,-0.396,-0.49,angle-chest-press,,30.0,20
0.796,-0.385,-0.509,angle-chest-press,,30.0,20
0.787,-0.349,-0.56,angle-chest-press,,30.0,20
0.778,-0.306,-0.625,angle-chest-press,,30.0,20
0.783,-0.293,-0.549,angle-chest-press,,30.0,20
0.771,-0.279,-0.506,angle-chest-press,,30.0,20
0.781,-0.256,-0.533,angle-chest-press,,30.0,20
0.784,-0.227,-0.535,angle-chest-press,,30.0,20
0.763,-0.195,-0.611,angle-chest-press,,30.0,20
0.743,-0.177,-0.623,angle-chest-press,,30.0,20
0.716,-0.149,-0.691,angle-chest-press,,30.0,20
0.704,-0.116,-0.72,angle-chest-press,,30.0,20
0.7,-0.099,-0.722,angle-chest-press,,30.0,20
0.686,-0.068,-0.749,angle-chest-press,,30.0,20
0.673,-0.027,-0.82,angle-chest-press,,30.0,20
0.636,-0.04,-0.768,angle-chest-press,,30.0,20
0.612,-0.04,-0.779,angle-chest-press,,30.0,20
0.59,-0.033,-0.846,angle-chest-press,,30.0,20
0.573,0.018,-0.879,angle-chest-press,,30.0,20
0.543,0.033,-0.817,angle-chest-press,,30.0,20
0.527,0.049,-0.91,angle-chest-press,,30.0,20
0.51,0.066,-0.889,angle-chest-press,,30.0,20
0.471,0.096,-0.914,angle-chest-press,,30.0,20
0.432,0.088,-0.968,angle-chest-press,,30.0,20
0.4,0.088,-0.944,angle-chest-press,,30.0,20
0.384,0.104,-0.944,angle-chest-press,,30.0,20
0.354,0.104,-0.952,angle-chest-press,,30.0,20
0.322,0.149,-0.982,angle-chest-press,,30.0,20
0.291,0.13,-0.969,angle-chest-press,,30.0,20
0.245,0.128,-0.975,angle-chest-press,,30.0,20
0.226,0.142,-0.983,angle-chest-press,,30.0,20
0.19,0.158,-1.032,angle-chest-press,,30.0,20
0.171,0.133,-1.013,angle-chest-press,,30.0,20
0.142,0.135,-1.015,angle-chest-press,,30.0,20
0.111,0.13,-1.016,angle-chest-press,,30.0,20
0.067,0.14,-1.09,angle-chest-press,,30.0,20
0.044,0.15,-1.033,angle-chest-press,,30.0,20
0.005,0.146,-1.032,angle-chest-press,,30.0,20
-0.042,0.092,-1.08,angle-chest-press,,30.0,20
-0.067,0.089,-1.079,angle-chest-press,,30.0,20
-0.023,0.123,-1.023,angle-chest-press,,30.0,20
0.047,0.057,-1.0,angle-chest-press,,30.0,20
0.052,0.036,-0.995,angle-chest-press,,30.0,20
-0.004,0.102,-0.987,angle-chest-press,,30.0,20
-0.046,0.093,-1.003,angle-chest-press,,30.0,20
-0.047,0.036,-0.997,angle-chest-press,,30.0,20
-0.049,0.034,-1.002,angle-chest-press,,30.0,20
-0.069,0.065,-1.007,angle-chest-press,,30.0,20
-0.076,0.076,-0.996,angle-chest-press,,30.0,20
-0.08,0.068,-0.984,angle-chest-press,,30.0,20
-0.092,0.064,-0.984,angle-chest-press,,30.0,20
-0.1,0.06,-1.003,angle-chest-press,,30.0,20
-0.097,0.049,-0.998,angle-chest-press,,30.0,20
-0.088,0.037,-0.976,angle-chest-press,,30.0,20
-0.098,0.042,-0.989,angle-chest-press,,30.0,20
-0.118,0.059,-1.002,angle-chest-press,,30.0,20
-0.125,0.055,-0.986,angle-chest-press,,30.0,20
-0.115,0.035,-0.96,angle-chest-press,,30.0,20
-0.114,0.029,-0.949,angle-chest-press,,30.0,20
-0.146,0.042,-0.994,angle-chest-press,,30.0,20
-0.17,0.046,-0.977,angle-chest-press,,30.0,20
-0.176,0.038,-0.939,angle-chest-press,,30.0,20
-0.182,0.038,-0.988,angle-chest-press,,30.0,20
-0.202,0.06,-0.987,angle-chest-press,,30.0,20
-0.206,0.062,-1.032,angle-chest-press,,30.0,20
-0.197,0.024,-1.052,angle-chest-press,,30.0,20
-0.185,0.017,-1.008,angle-chest-press,,30.0,20
-0.194,-0.009,-1.039,angle-chest-press,,30.0,20
-0.211,0.029,-0.996,angle-chest-press,,30.0,20
-0.225,0.003,-1.071,angle-chest-press,,30.0,20
-0.169,-0.039,-0.997,angle-chest-press,,30.0,20
-0.186,-0.022,-0.967,angle-chest-press,,30.0,20
-0.216,0.007,-0.958,angle-chest-press,,30.0,20
-0.215,-0.008,-0.928,angle-chest-press,,30.0,20
-0.192,-0.016,-0.944,angle-chest-press,,30.0,20
-0.152,-0.024,-0.928,angle-chest-press,,30.0,20
-0.113,-0.071,-0.967,angle-chest-press,,30.0,20
-0.127,-0.057,-1.067,angle-chest-press,,30.0,20
-0.113,-0.071,-0.96,angle-chest-press,,30.0,20
-0.112,-0.087,-0.916,angle-chest-press,,30.0,20
-0.119,-0.059,-1.069,angle-chest-press,,30.0,20
-0.12,-0.063,-0.997,angle-chest-press,,30.0,20
-0.127,-0.05,-0.964,angle-chest-press,,30.0,20
-0.115,-0.088,-0.973,angle-chest-press,,30.0,20
-0.105,-0.122,-1.028,angle-chest-press,,30.0,20
-0.091,-0.134,-0.926,angle-chest-press,,30.0,20
-0.119,-0.099,-0.977,angle-chest-press,,30.0,20
-0.116,-0.088,-0.958,angle-chest-press,,30.0,20
-0.094,-0.106,-1.02,angle-chest-press,,30.0,20
-0.099,-0.095,-1.014,angle-chest-press,,30.0,20
-0.11,-0.066,-0.939,angle-chest-press,,30.0,20
-0.117,-0.061,-0.928,angle-chest-press,,30.0,20
-0.131,-0.075,-0.978,angle-chest-press,,30.0,20
-0.141,-0.07,-0.985,angle-chest-press,,30.0,20
-0.149,-0.059,-0.991,angle-chest-press,,30.0,20
-0.147,-0.032,-1.014,angle-chest-press,,30.0,20
-0.149,-0.039,-1.043,angle-chest-press,,30.0,20
-0.148,-0.038,-1.011,angle-chest-press,,30.0,20
-0.148,-0.028,-1.015,angle-chest-press,,30.0,20
-0.16,-0.028,-1.044,angle-chest-press,,30.0,20
-0.16,-0.044,-1.044,angle-chest-press,,30.0,20
-0.148,-0.064,-1.025,angle-chest-press,,30.0,20
-0.14,-0.057,-0.956,angle-chest-press,,30.0,20
-0.14,-0.048,-0.971,angle-chest-press,,30.0,20
-0.137,-0.065,-1.036,angle-chest-press,,30.0,20
-0.118,-0.094,-1.008,angle-chest-press,,30.0,20
-0.113,-0.086,-0.999,angle-chest-press,,30.0,20
-0.125,-0.047,-0.984,angle-chest-press,,30.0,20
-0.112,-0.04,-0.987,angle-chest-press,,30.0,20
-0.08,-0.066,-0.992,angle-chest-press,,30.0,20
-0.05,-0.09,-0.992,angle-chest-press,,30.0,20
-0.056,-0.085,-1.001,angle-chest-press,,30.0,20
-0.054,-0.054,-1.013,angle-chest-press,,30.0,20
-0.046,-0.054,-0.988,angle-chest-press,,30.0,20
-0.04,-0.077,-0.996,angle-chest-press,,30.0,20
-0.04,-0.086,-0.989,angle-chest-press,,30.0,20
-0.044,-0.045,-1.002,angle-chest-press,,30.0,20
-0.059,-0.037,-0.981,angle-chest-press,,30.0,20
-0.03,-0.066,-1.001,angle-chest-press,,30.0,20
-0.017,-0.079,-0.959,angle-chest-press,,30.0,20
-0.022,-0.072,-0.956,angle-chest-press,,30.0,20
-0.008,-0.071,-0.994,angle-chest-press,,30.0,20
-0.007,-0.056,-1.013,angle-chest-press,,30.0,20
0.007,-0.058,-0.968,angle-chest-press,,30.0,20
-0.016,-0.097,-0.968,angle-chest-press,,30.0,20
-0.024,-0.128,-0.953,angle-chest-press,,30.0,20
-0.008,-0.136,-1.055,angle-chest-press,,30.0,20
-0.031,-0.082,-0.971,angle-chest-press,,30.0,20
-0.032,-0.095,-0.953,angle-chest-press,,30.0,20
-0.054,-0.096,-1.027,angle-chest-press,,30.0,20
-0.056,-0.052,-0.988,angle-chest-press,,30.0,20
-0.077,-0.084,-1.02,angle-chest-press,,30.0,20
-0.122,-0.116,-1.038,angle-chest-press,,30.0,20
-0.217,-0.147,-1.067,angle-chest-press,,30.0,20
-0.285,-0.165,-1.059,angle-chest-press,,30.0,20
-0.329,-0.188,-1.069,angle-chest-press,,30.0,20
-0.355,-0.217,-1.04,angle-chest-press,,30.0,20
-0.385,-0.236,-1.032,angle-chest-press,,30.0,20
-0.392,-0.234,-1.014,angle-chest-press,,30.0,20
-0.416,-0.226,-1.002,angle-chest-press,,30.0,20
-0.418,-0.235,-0.943,angle-chest-press,,30.0,20
-0.416,-0.24,-0.976,angle-chest-press,,30.0,20
-0.405,-0.229,-0.946,angle-chest-press,,30.0,20
-0.379,-0.208,-0.915,angle-chest-press,,30.0,20
-0.358,-0.159,-0.922,angle-chest-press,,30.0,20
-0.332,-0.151,-0.859,angle-chest-press,,30.0,20
-0.301,-0.141,-0.912,angle-chest-press,,30.0,20
-0.283,-0.142,-0.976,angle-chest-press,,30.0,20
-0.284,-0.174,-0.913,angle-chest-press,,30.0,20
-0.288,-0.17,-0.873,angle-chest-press,,30.0,20
-0.28,-0.173,-0.897,angle-chest-press,,30.0,20
-0.28,-0.176,-0.968,angle-chest-press,,30.0,20
-0.307,-0.156,-0.97,angle-chest-press,,30.0,20
-0.324,-0.156,-0.86,angle-chest-press,,30.0,20
-0.288,-0.185,-0.768,angle-chest-press,,30.0,20
-0.228,-0.186,-0.795,angle-chest-press,,30.0,20
-0.239,-0.118,-0.959,angle-chest-press,,30.0,20
-0.305,-0.108,-0.988,angle-chest-press,,30.0,20
-0.274,-0.169,-0.852,angle-chest-press,,30.0,20
-0.162,-0.195,-0.816,angle-chest-press,,30.0,20
-0.127,-0.13,-0.888,angle-chest-press,,30.0,20
-0.188,-0.035,-1.092,angle-chest-press,,30.0,20
-0.171,-0.125,-1.005,angle-chest-press,,30.0,20
-0.018,-0.217,-0.852,angle-chest-press,,30.0,20
0.094,-0.148,-0.826,angle-chest-press,,30.0,20
0.107,-0.132,-0.847,angle-chest-press,,30.0,20
0.109,-0.14,-1.052,angle-chest-press,,30.0,20
0.21,-0.206,-1.011,angle-chest-press,,30.0,20
0.295,-0.161,-0.984,angle-chest-press,,30.0,20
0.324,-0.163,-0.815,angle-chest-press,,30.0,20
0.312,-0.15,-0.99,angle-chest-press,,30.0,20
0.371,-0.243,-0.985,angle-chest-press,,30.0,20
0.39,-0.196,-1.064,angle-chest-press,,30.0,20
0.365,-0.167,-1.058,angle-chest-press,,30.0,20
0.33,-0.253,-0.974,angle-chest-press,,30.0,20
0.368,-0.192,-0.929,angle-chest-press,,30.0,20
0.368,-0.176,-0.968,angle-chest-press,,30.0,20
0.336,-0.2,-1.08,angle-chest-press,,30.0,20
0.336,-0.184,-0.971,angle-chest-press,,30.0,20
0.389,-0.214,-0.9,angle-chest-press,,30.0,20
0.392,-0.209,-0.896,angle-chest-press,,30.0,20
0.37,-0.15,-0.984,angle-chest-press,,30.0,20
0.404,-0.173,-1.028,angle-chest-press,,30.0,20
0.415,-0.239,-1.004,angle-chest-press,,30.0,20
0.382,-0.303,-0.87,angle-chest-press,,30.0,20
0.363,-0.239,-1.061,angle-chest-press,,30.0,20
0.373,-0.159,-1.137,angle-chest-press,,30.0,20
0.389,-0.125,-1.112,angle-chest-press,,30.0,20
0.448,-0.337,-0.701,angle-chest-press,,30.0,20
0.464,-0.285,-0.94,angle-chest-press,,30.0,20
0.452,-0.177,-1.132,angle-chest-press,,30.0,20
0.431,-0.175,-0.977,angle-chest-press,,30.0,20
0.391,-0.229,-0.798,angle-chest-press,,30.0,20
0.392,-0.216,-0.99,angle-chest-press,,30.0,20
0.337,-0.137,-1.314,angle-chest-press,,30.0,20
0.228,-0.124,-1.042,angle-chest-press,,30.0,20
0.199,-0.146,-0.819,angle-chest-press,,30.0,20
0.213,-0.166,-0.979,angle-chest-press,,30.0,20
0.202,-0.199,-0.972,angle-chest-press,,30.0,20
0.129,-0.149,-0.906,angle-chest-press,,30.0,20
0.028,-0.1,-0.942,angle-chest-press,,30.0,20
-0.02,-0.166,-0.943,angle-chest-press,,30.0,20
-0.032,-0.196,-0.872,angle-chest-press,,30.0,20
-0.082,-0.153,-0.816,angle-chest-press,,30.0,20
-0.165,-0.191,-0.882,angle-chest-press,,30.0,20
-0.212,-0.281,-0.939,angle-chest-press,,30.0,20
-0.229,-0.282,-0.905,angle-chest-press,,30.0,20
-0.29,-0.243,-0.896,angle-chest-press,,30.0,20
-0.358,-0.269,-0.908,angle-chest-press,,30.0,20
-0.348,-0.295,-0.94,angle-chest-press,,30.0,20
-0.309,-0.261,-0.913,angle-chest-press,,30.0,20
-0.322,-0.247,-0.832,angle-chest-press,,30.0,20
-0.345,-0.279,-0.901,angle-chest-press,,30.0,20
-0.298,-0.245,-0.99,angle-chest-press,,30.0,20
-0.26,-0.252,-0.876,angle-chest-press,,30.0,20
-0.254,-0.226,-0.855,angle-chest-press,,30.0,20
-0.261,-0.202,-1.001,angle-chest-press,,30.0,20
-0.209,-0.256,-0.917,angle-chest-press,,30.0,20
-0.158,-0.217,-0.91,angle-chest-press,,30.0,20
-0.192,-0.185,-0.953,angle-chest-press,,30.0,20
-0.226,-0.196,-1.027,angle-chest-press,,30.0,20
-0.187,-0.22,-0.952,angle-chest-press,,30.0,20
-0.158,-0.244,-0.957,angle-chest-press,,30.0,20
-0.217,-0.207,-0.998,angle-chest-press,,30.0,20
-0.314,-0.202,-0.98,angle-chest-press,,30.0,20
-0.342,-0.234,-1.035,angle-chest-press,,30.0,20
-0.297,-0.264,-0.948,angle-chest-press,,30.0,20
-0.337,-0.272,-1.079,angle-chest-press,,30.0,20
-0.423,-0.272,-1.017,angle-chest-press,,30.0,20
-0.478,-0.264,-1.039,angle-chest-press,,30.0,20
-0.472,-0.302,-0.979,angle-chest-press,,30.0,20
-0.405,-0.334,-1.036,angle-chest-press,,30.0,20
-0.466,-0.314,-0.996,angle-chest-press,,30.0,20
-0.472,-0.341,-1.013,angle-chest-press,,30.0,20
-0.43,-0.365,-1.051,angle-chest-press,,30.0,20
-0.417,-0.32,-1.001,angle-chest-press,,30.0,20
-0.463,-0.285,-0.985,angle-chest-press,,30.0,20
-0.452,-0.234,-0.991,angle-chest-press,,30.0,20
-0.359,-0.268,-1.017,angle-chest-press,,30.0,20
-0.286,-0.255,-0.943,angle-chest-press,,30.0,20
-0.278,-0.224,-0.926,angle-chest-press,,30.0,20
-0.262,-0.198,-0.869,angle-chest-press,,30.0,20
-0.239,-0.203,-0.9,angle-chest-press,,30.0,20
-0.199,-0.208,-0.903,angle-chest-press,,30.0,20
-0.162,-0.203,-0.874,angle-chest-press,,30.0,20
-0.163,-0.174,-0.853,angle-chest-press,,30.0,20
-0.178,-0.165,-0.863,angle-chest-press,,30.0,20
-0.144,-0.203,-0.931,angle-chest-press,,30.0,20
-0.063,-0.214,-0.997,angle-chest-press,,30.0,20
-0.033,-0.176,-1.016,angle-chest-press,,30.0,20
-0.062,-0.121,-0.882,angle-chest-press,,30.0,20
-0.037,-0.131,-0.875,angle-chest-press,,30.0,20
0.05,-0.177,-1.027,angle-chest-press,,30.0,20
0.112,-0.176,-1.048,angle-chest-press,,30.0,20
0.109,-0.083,-0.993,angle-chest-press,,30.0,20
0.066,-0.018,-0.902,angle-chest-press,,30.0,20
0.051,-0.068,-0.936,angle-chest-press,,30.0,20
0.081,-0.155,-1.091,angle-chest-press,,30.0,20
0.114,-0.214,-1.057,angle-chest-press,,30.0,20
0.128,-0.172,-1.006,angle-chest-press,,30.0,20
0.122,-0.131,-0.996,angle-chest-press,,30.0,20
0.109,-0.136,-0.99,angle-chest-press,,30.0,20
0.127,-0.157,-1.04,angle-chest-press,,30.0,20
0.198,-0.222,-0.98,angle-chest-press,,30.0,20
0.243,-0.233,-0.891,angle-chest-press,,30.0,20
0.238,-0.128,-0.945,angle-chest-press,,30.0,20
0.266,-0.143,-1.028,angle-chest-press,,30.0,20
0.303,-0.255,-1.046,angle-chest-press,,30.0,20
0.325,-0.204,-0.982,angle-chest-press,,30.0,20
0.312,-0.155,-0.982,angle-chest-press,,30.0,20
0.319,-0.267,-1.027,angle-chest-press,,30.0,20
0.352,-0.227,-1.098,angle-chest-press,,30.0,20
0.346,-0.156,-0.961,angle-chest-press,,30.0,20
0.304,-0.195,-0.908,angle-chest-press,,30.0,20
0.303,-0.28,-0.878,angle-chest-press,,30.0,20
0.291,-0.187,-0.944,angle-chest-press,,30.0,20
0.224,-0.116,-1.042,angle-chest-press,,30.0,20
0.225,-0.2,-0.93,angle-chest-press,,30.0,20
0.272,-0.216,-1.008,angle-chest-press,,30.0,20
0.32,-0.192,-1.0,angle-chest-press,,30.0,20
0.336,-0.2,-0.953,angle-chest-press,,30.0,20
0.298,-0.23,-0.975,angle-chest-press,,30.0,20
0.341,-0.239,-1.043,angle-chest-press,,30.0,20
0.337,-0.152,-1.201,angle-chest-press,,30.0,20
0.293,-0.187,-0.923,angle-chest-press,,30.0,20
0.267,-0.143,-0.993,angle-chest-press,,30.0,20
0.305,-0.252,-0.96,angle-chest-press,,30.0,20
0.305,-0.239,-0.972,angle-chest-press,,30.0,20
0.206,-0.134,-1.028,angle-chest-press,,30.0,20
0.159,-0.106,-1.04,angle-chest-press,,30.0,20
0.164,-0.24,-0.873,angle-chest-press,,30.0,20
0.18,-0.177,-1.029,angle-chest-press,,30.0,20
0.137,-0.168,-0.872,angle-chest-press,,30.0,20
0.057,-0.193,-0.832,angle-chest-press,,30.0,20
0.026,-0.194,-0.915,angle-chest-press,,30.0,20
0.051,-0.23,-0.976,angle-chest-press,,30.0,20
0.027,-0.201,-0.981,angle-chest-press,,30.0,20
-0.048,-0.176,-0.905,angle-chest-press,,30.0,20
-0.085,-0.191,-0.908,angle-chest-press,,30.0,20
-0.059,-0.243,-0.931,angle-chest-press,,30.0,20
-0.059,-0.263,-0.909,angle-chest-press,,30.0,20
-0.126,-0.225,-0.914,angle-chest-press,,30.0,20
-0.181,-0.209,-0.997,angle-chest-press,,30.0,20
-0.184,-0.228,-0.989,angle-chest-press,,30.0,20
-0.16,-0.248,-0.896,angle-chest-press,,30.0,20
-0.125,-0.244,-0.91,angle-chest-press,,30.0,20
-0.126,-0.221,-0.964,angle-chest-press,,30.0,20
-0.191,-0.19,-0.989,angle-chest-press,,30.0,20
-0.206,-0.185,-0.969,angle-chest-press,,30.0,20
-0.112,-0.234,-0.907,angle-chest-press,,30.0,20
-0.074,-0.257,-0.93,angle-chest-press,,30.0,20
-0.16,-0.212,-0.969,angle-chest-press,,30.0,20
-0.205,-0.181,-0.981,angle-chest-press,,30.0,20
-0.184,-0.197,-0.971,angle-chest-press,,30.0,20
-0.199,-0.21,-0.987,angle-chest-press,,30.0,20
-0.25,-0.227,-1.023,angle-chest-press,,30.0,20
-0.294,-0.262,-0.977,angle-chest-press,,30.0,20
-0.313,-0.286,-1.034,angle-chest-press,,30.0,20
-0.414,-0.309,-1.073,angle-chest-press,,30.0,20
-0.49,-0.336,-1.091,angle-chest-press,,30.0,20
-0.486,-0.372,-1.046,angle-chest-press,,30.0,20
-0.449,-0.387,-1.071,angle-chest-press,,30.0,20
-0.495,-0.361,-1.05,angle-chest-press,,30.0,20
-0.486,-0.367,-0.976,angle-chest-press,,30.0,20
-0.471,-0.359,-1.021,angle-chest-press,,30.0,20
-0.465,-0.343,-0.927,angle-chest-press,,30.0,20
-0.481,-0.247,-0.915,angle-chest-press,,30.0,20
-0.486,-0.232,-0.853,angle-chest-press,,30.0,20
-0.439,-0.241,-0.942,angle-chest-press,,30.0,20
-0.392,-0.28,-0.889,angle-chest-press,,30.0,20
-0.384,-0.24,-0.967,angle-chest-press,,30.0,20
-0.392,-0.232,-0.906,angle-chest-press,,30.0,20
-0.346,-0.224,-0.889,angle-chest-press,,30.0,20
-0.292,-0.202,-0.881,angle-chest-press,,30.0,20
-0.266,-0.178,-0.916,angle-chest-press,,30.0,20
-0.228,-0.212,-0.941,angle-chest-press,,30.0,20
-0.168,-0.188,-0.846,angle-chest-press,,30.0,20
-0.16,-0.088,-0.921,angle-chest-press,,30.0,20
-0.167,-0.085,-0.896,angle-chest-press,,30.0,20
-0.122,-0.147,-0.986,angle-chest-press,,30.0,20
-0.048,-0.166,-0.989,angle-chest-press,,30.0,20
-0.013,-0.106,-0.934,angle-chest-press,,30.0,20
-0.032,-0.04,-0.95,angle-chest-press,,30.0,20
0.013,-0.071,-1.113,angle-chest-press,,30.0,20
0.095,-0.162,-1.036,angle-chest-press,,30.0,20
0.137,-0.114,-0.978,angle-chest-press,,30.0,20
0.171,-0.058,-0.992,angle-chest-press,,30.0,20
0.247,-0.132,-1.068,angle-chest-press,,30.0,20
0.321,-0.186,-1.053,angle-chest-press,,30.0,20
0.369,-0.167,-1.044,angle-chest-press,,30.0,20
0.408,-0.185,-0.989,angle-chest-press,,30.0,20
0.456,-0.217,-0.907,angle-chest-press,,30.0,20
0.484,-0.224,-0.929,angle-chest-press,,30.0,20
0.492,-0.215,-1.041,angle-chest-press,,30.0,20
0.533,-0.287,-0.925,angle-chest-press,,30.0,20
0.544,-0.332,-0.868,angle-chest-press,,30.0,20
0.493,-0.273,-0.968,angle-chest-press,,30.0,20
0.446,-0.266,-0.901,angle-chest-press,,30.0,20
0.392,-0.296,-0.906,angle-chest-press,,30.0,20
0.345,-0.262,-1.04,angle-chest-press,,30.0,20
0.326,-0.219,-1.028,angle-chest-press,,30.0,20
0.321,-0.255,-0.87,angle-chest-press,,30.0,20
0.365,-0.295,-0.843,angle-chest-press,,30.0,20
0.402,-0.264,-0.993,angle-chest-press,,30.0,20
0.353,-0.204,-1.046,angle-chest-press,,30.0,20
0.297,-0.173,-0.944,angle-chest-press,,30.0,20
0.298,-0.224,-0.869,angle-chest-press,,30.0,20
0.336,-0.18,-1.159,angle-chest-press,,30.0,20
0.287,-0.178,-1.1,angle-chest-press,,30.0,20
0.208,-0.204,-0.821,angle-chest-press,,30.0,20
0.211,-0.194,-0.971,angle-chest-press,,30.0,20
0.212,-0.182,-1.156,angle-chest-press,,30.0,20
0.151,-0.117,-1.053,angle-chest-press,,30.0,20
0.11,-0.192,-0.816,angle-chest-press,,30.0,20
0.147,-0.234,-0.913,angle-chest-press,,30.0,20
0.156,-0.183,-0.929,angle-chest-press,,30.0,20
0.048,-0.118,-0.996,angle-chest-press,,30.0,20
-0.028,-0.189,-0.945,angle-chest-press,,30.0,20
0.032,-0.251,-0.859,angle-chest-press,,30.0,20
0.021,-0.16,-0.92,angle-chest-press,,30.0,20
-0.064,-0.152,-0.912,angle-chest-press,,30.0,20
-0.112,-0.2,-0.984,angle-chest-press,,30.0,20
-0.089,-0.2,-0.798,angle-chest-press,,30.0,20
-0.111,-0.139,-1.013,angle-chest-press,,30.0,20
-0.149,-0.248,-1.002,angle-chest-press,,30.0,20
-0.181,-0.212,-0.92,angle-chest-press,,30.0,20
-0.234,-0.187,-0.941,angle-chest-press,,30.0,20
-0.24,-0.254,-0.909,angle-chest-press,,30.0,20
-0.172,-0.284,-0.986,angle-chest-press,,30.0,20
-0.18,-0.221,-0.973,angle-chest-press,,30.0,20
-0.288,-0.188,-0.935,angle-chest-press,,30.0,20
-0.299,-0.235,-0.966,angle-chest-press,,30.0,20
-0.184,-0.254,-0.97,angle-chest-press,,30.0,20
-0.188,-0.226,-0.92,angle-chest-press,,30.0,20
-0.324,-0.175,-0.969,angle-chest-press,,30.0,20
-0.334,-0.217,-0.975,angle-chest-press,,30.0,20
-0.225,-0.246,-0.935,angle-chest-press,,30.0,20
-0.195,-0.232,-0.99,angle-chest-press,,30.0,20
-0.295,-0.182,-1.045,angle-chest-press,,30.0,20
-0.359,-0.18,-1.02,angle-chest-press,,30.0,20
-0.294,-0.227,-1.005,angle-chest-press,,30.0,20
-0.258,-0.248,-1.037,angle-chest-press,,30.0,20
-0.32,-0.225,-1.019,angle-chest-press,,30.0,20
-0.378,-0.221,-1.019,angle-chest-press,,30.0,20
-0.383,-0.241,-1.066,angle-chest-press,,30.0,20
-0.384,-0.269,-1.071,angle-chest-press,,30.0,20
-0.36,-0.304,-1.048,angle-chest-press,,30.0,20
-0.359,-0.285,-1.075,angle-chest-press,,30.0,20
-0.392,-0.259,-1.068,angle-chest-press,,30.0,20
-0.392,-0.286,-1.048,angle-chest-press,,30.0,20
-0.402,-0.304,-1.101,angle-chest-press,,30.0,20
-0.422,-0.31,-1.062,angle-chest-press,,30.0,20
-0.441,-0.308,-0.964,angle-chest-press,,30.0,20
-0.444,-0.282,-0.95,angle-chest-press,,30.0,20
-0.416,-0.269,-0.971,angle-chest-press,,30.0,20
-0.395,-0.246,-0.958,angle-chest-press,,30.0,20
-0.382,-0.203,-0.893,angle-chest-press,,30.0,20
-0.367,-0.208,-0.915,angle-chest-press,,30.0,20
-0.325,-0.25,-0.946,angle-chest-press,,30.0,20
-0.26,-0.238,-0.923,angle-chest-press,,30.0,20
-0.224,-0.173,-0.837,angle-chest-press,,30.0,20
-0.226,-0.133,-0.859,angle-chest-press,,30.0,20
-0.219,-0.126,-0.896,angle-chest-press,,30.0,20
-0.143,-0.161,-0.989,angle-chest-press,,30.0,20
-0.052,-0.192,-0.937,angle-chest-press,,30.0,20
-0.035,-0.084,-0.922,angle-chest-press,,30.0,20
-0.052,-0.012,-0.777,angle-chest-press,,30.0,20
-0.007,-0.114,-0.87,angle-chest-press,,30.0,20
0.092,-0.135,-1.021,angle-chest-press,,30.0,20
0.153,-0.126,-1.091,angle-chest-press,,30.0,20
0.169,-0.088,-0.996,angle-chest-press,,30.0,20
0.193,-0.088,-0.872,angle-chest-press,,30.0,20
0.263,-0.072,-0.824,angle-chest-press,,30.0,20
0.326,-0.056,-1.003,angle-chest-press,,30.0,20
0.305,-0.033,-1.464,angle-chest-press,,30.0,20
0.289,-0.203,-1.108,angle-chest-press,,30.0,20
0.288,-0.201,-0.868,angle-chest-press,,30.0,20
0.388,-0.129,-1.012,angle-chest-press,,30.0,20
0.4,-0.176,-0.99,angle-chest-press,,30.0,20
0.352,-0.157,-1.018,angle-chest-press,,30.0,20
0.344,-0.112,-1.131,angle-chest-press,,30.0,20
0.364,-0.169,-0.944,angle-chest-press,,30.0,20
0.387,-0.197,-0.966,angle-chest-press,,30.0,20
0.411,-0.2,-0.897,angle-chest-press,,30.0,20
0.416,-0.218,-0.86,angle-chest-press,,30.0,20
0.392,-0.265,-0.927,angle-chest-press,,30.0,20
0.332,-0.223,-1.026,angle-chest-press,,30.0,20
0.273,-0.139,-1.084,angle-chest-press,,30.0,20
0.283,-0.117,-1.004,angle-chest-press,,30.0,20
0.307,-0.225,-0.907,angle-chest-press,,30.0,20
0.302,-0.198,-1.064,angle-chest-press,,30.0,20
0.281,-0.112,-1.173,angle-chest-press,,30.0,20
0.325,-0.155,-0.884,angle-chest-press,,30.0,20
0.397,-0.269,-0.753,angle-chest-press,,30.0,20
0.406,-0.231,-1.024,angle-chest-press,,30.0,20
0.336,-0.095,-1.196,angle-chest-press,,30.0,20
0.309,-0.123,-0.884,angle-chest-press,,30.0,20
0.344,-0.204,-0.768,angle-chest-press,,30.0,20
0.356,-0.166,-1.071,angle-chest-press,,30.0,20
0.271,-0.098,-1.15,angle-chest-press,,30.0,20
0.151,-0.1,-0.984,angle-chest-press,,30.0,20
0.15,-0.153,-0.926,angle-chest-press,,30.0,20
0.176,-0.17,-0.961,angle-chest-press,,30.0,20
0.091,-0.129,-0.965,angle-chest-press,,30.0,20
-0.011,-0.129,-1.015,angle-chest-press,,30.0,20
-0.011,-0.211,-0.917,angle-chest-press,,30.0,20
-0.01,-0.192,-0.873,angle-chest-press,,30.0,20
-0.061,-0.166,-0.863,angle-chest-press,,30.0,20
-0.151,-0.153,-0.92,angle-chest-press,,30.0,20
-0.204,-0.199,-0.848,angle-chest-press,,30.0,20
-0.196,-0.264,-0.905,angle-chest-press,,30.0,20
-0.221,-0.248,-0.976,angle-chest-press,,30.0,20
-0.285,-0.192,-0.892,angle-chest-press,,30.0,20
-0.367,-0.207,-0.981,angle-chest-press,,30.0,20
-0.344,-0.277,-0.872,angle-chest-press,,30.0,20
-0.263,-0.29,-0.781,angle-chest-press,,30.0,20
-0.267,-0.213,-0.961,angle-chest-press,,30.0,20
-0.349,-0.25,-1.015,angle-chest-press,,30.0,20
-0.388,-0.26,-0.939,angle-chest-press,,30.0,20
-0.341,-0.219,-0.891,angle-chest-press,,30.0,20
-0.305,-0.264,-0.939,angle-chest-press,,30.0,20
-0.329,-0.27,-0.991,angle-chest-press,,30.0,20
-0.376,-0.2,-0.944,angle-chest-press,,30.0,20
-0.368,-0.208,-0.92,angle-chest-press,,30.0,20
-0.306,-0.27,-0.99,angle-chest-press,,30.0,20
-0.304,-0.28,-0.992,angle-chest-press,,30.0,20
-0.364,-0.228,-1.007,angle-chest-press,,30.0,20
-0.419,-0.195,-1.023,angle-chest-press,,30.0,20
-0.424,-0.235,-1.031,angle-chest-press,,30.0,20
-0.375,-0.296,-0.983,angle-chest-press,,30.0,20
-0.402,-0.284,-1.037,angle-chest-press,,30.0,20
-0.495,-0.247,-1.048,angle-chest-press,,30.0,20
-0.473,-0.286,-1.048,angle-chest-press,,30.0,20
-0.413,-0.315,-1.01,angle-chest-press,,30.0,20
-0.419,-0.326,-1.012,angle-chest-press,,30.0,20
-0.442,-0.292,-1.01,angle-chest-press,,30.0,20
-0.454,-0.274,-1.032,angle-chest-press,,30.0,20
-0.45,-0.301,-0.96,angle-chest-press,,30.0,20
-0.431,-0.318,-0.945,angle-chest-press,,30.0,20
-0.435,-0.288,-0.941,angle-chest-press,,30.0,20
-0.461,-0.251,-0.915,angle-chest-press,,30.0,20
-0.482,-0.24,-0.914,angle-chest-press,,30.0,20
-0.463,-0.25,-0.94,angle-chest-press,,30.0,20
-0.41,-0.251,-0.938,angle-chest-press,,30.0,20
-0.375,-0.229,-0.872,angle-chest-press,,30.0,20
-0.359,-0.198,-0.863,angle-chest-press,,30.0,20
-0.326,-0.201,-0.884,angle-chest-press,,30.0,20
-0.267,-0.199,-0.913,angle-chest-press,,30.0,20
-0.212,-0.148,-0.912,angle-chest-press,,30.0,20
-0.184,-0.112,-0.899,angle-chest-press,,30.0,20
-0.139,-0.134,-0.935,angle-chest-press,,30.0,20
-0.082,-0.146,-0.934,angle-chest-press,,30.0,20
-0.064,-0.101,-0.899,angle-chest-press,,30.0,20
-0.054,-0.067,-0.938,angle-chest-press,,30.0,20
-0.025,-0.087,-1.03,angle-chest-press,,30.0,20
0.017,-0.121,-1.002,angle-chest-press,,30.0,20
0.059,-0.109,-0.972,angle-chest-press,,30.0,20
0.096,-0.066,-1.043,angle-chest-press,,30.0,20
0.126,-0.093,-1.05,angle-chest-press,,30.0,20
0.118,-0.102,-0.999,angle-chest-press,,30.0,20
0.125,-0.09,-0.869,angle-chest-press,,30.0,20
0.17,-0.066,-0.965,angle-chest-press,,30.0,20
0.204,-0.066,-1.12,angle-chest-press,,30.0,20
0.226,-0.138,-1.0,angle-chest-press,,30.0,20
0.273,-0.17,-0.974,angle-chest-press,,30.0,20
0.315,-0.127,-1.017,angle-chest-press,,30.0,20
0.333,-0.054,-1.097,angle-chest-press,,30.0,20
0.367,-0.156,-1.037,angle-chest-press,,30.0,20
0.419,-0.287,-0.915,angle-chest-press,,30.0,20
0.445,-0.208,-1.009,angle-chest-press,,30.0,20
0.416,-0.126,-1.025,angle-chest-press,,30.0,20
0.418,-0.21,-1.031,angle-chest-press,,30.0,20
0.456,-0.241,-0.847,angle-chest-press,,30.0,20
0.439,-0.271,-0.819,angle-chest-press,,30.0,20
0.297,-0.201,-1.101,angle-chest-press,,30.0,20
0.304,-0.177,-1.112,angle-chest-press,,30.0,20
0.372,-0.153,-1.005,angle-chest-press,,30.0,20
0.413,-0.286,-0.821,angle-chest-press,,30.0,20
0.343,-0.179,-0.968,angle-chest-press,,30.0,20
0.372,-0.132,-0.998,angle-chest-press,,30.0,20
0.404,-0.184,-1.063,angle-chest-press,,30.0,20
0.401,-0.281,-0.82,angle-chest-press,,30.0,20
0.34,-0.129,-0.956,angle-chest-press,,30.0,20
0.308,-0.07,-1.116,angle-chest-press,,30.0,20
0.317,-0.197,-0.979,angle-chest-press,,30.0,20
0.314,-0.263,-0.806,angle-chest-press,,30.0,20
0.258,-0.115,-1.076,angle-chest-press,,30.0,20
0.187,-0.123,-1.041,angle-chest-press,,30.0,20
0.139,-0.196,-0.889,angle-chest-press,,30.0,20
0.145,-0.183,-0.898,angle-chest-press,,30.0,20
0.13,-0.163,-0.942,angle-chest-press,,30.0,20
0.046,-0.134,-0.941,angle-chest-press,,30.0,20
-0.017,-0.13,-0.931,angle-chest-press,,30.0,20
-0.012,-0.18,-0.898,angle-chest-press,,30.0,20
-0.053,-0.141,-0.918,angle-chest-press,,30.0,20
-0.139,-0.105,-0.949,angle-chest-press,,30.0,20
-0.149,-0.188,-0.876,angle-chest-press,,30.0,20
-0.145,-0.205,-0.851,angle-chest-press,,30.0,20
-0.239,-0.143,-0.876,angle-chest-press,,30.0,20
-0.34,-0.192,-0.92,angle-chest-press,,30.0,20
-0.318,-0.287,-0.899,angle-chest-press,,30.0,20
-0.29,-0.257,-0.861,angle-chest-press,,30.0,20
-0.373,-0.213,-0.918,angle-chest-press,,30.0,20
-0.447,-0.25,-0.936,angle-chest-press,,30.0,20
-0.417,-0.264,-0.936,angle-chest-press,,30.0,20
-0.36,-0.279,-0.954,angle-chest-press,,30.0,20
-0.366,-0.295,-0.964,angle-chest-press,,30.0,20
-0.384,-0.264,-0.933,angle-chest-press,,30.0,20
-0.408,-0.24,-0.985,angle-chest-press,,30.0,20
-0.414,-0.261,-1.033,angle-chest-press,,30.0,20
-0.385,-0.261,-0.942,angle-chest-press,,30.0,20
-0.385,-0.224,-0.957,angle-chest-press,,30.0,20
-0.436,-0.21,-1.018,angle-chest-press,,30.0,20
-0.437,-0.242,-1.006,angle-chest-press,,30.0,20
-0.398,-0.246,-0.957,angle-chest-press,,30.0,20
-0.404,-0.241,-1.018,angle-chest-press,,30.0,20
-0.461,-0.245,-1.053,angle-chest-press,,30.0,20
-0.489,-0.232,-0.995,angle-chest-press,,30.0,20
-0.489,-0.242,-0.984,angle-chest-press,,30.0,20
-0.441,-0.311,-1.096,angle-chest-press,,30.0,20
-0.449,-0.305,-1.092,angle-chest-press,,30.0,20
-0.464,-0.321,-1.052,angle-chest-press,,30.0,20
-0.464,-0.336,-0.99,angle-chest-press,,30.0,20
-0.472,-0.335,-0.945,angle-chest-press,,30.0,20
-0.488,-0.304,-0.984,angle-chest-press,,30.0,20
-0.48,-0.296,-1.024,angle-chest-press,,30.0,20
-0.418,-0.265,-0.915,angle-chest-press,,30.0,20
-0.393,-0.226,-0.844,angle-chest-press,,30.0,20
-0.407,-0.202,-0.922,angle-chest-press,,30.0,20
-0.393,-0.229,-0.892,angle-chest-press,,30.0,20
-0.349,-0.232,-0.945,angle-chest-press,,30.0,20
-0.344,-0.183,-0.875,angle-chest-press,,30.0,20
-0.317,-0.21,-0.905,angle-chest-press,,30.0,20
-0.272,-0.183,-0.892,angle-chest-press,,30.0,20
-0.225,-0.183,-0.842,angle-chest-press,,30.0,20
-0.159,-0.19,-0.705,angle-chest-press,,30.0,20
-0.125,-0.18,-0.895,angle-chest-press,,30.0,20
-0.102,-0.182,-0.936,angle-chest-press,,30.0,20
-0.096,-0.166,-0.899,angle-chest-press,,30.0,20
-0.085,-0.114,-0.825,angle-chest-press,,30.0,20
-0.052,-0.09,-0.878,angle-chest-press,,30.0,20
-0.013,-0.104,-1.009,angle-chest-press,,30.0,20
0.005,-0.138,-0.956,angle-chest-press,,30.0,20
-0.017,-0.086,-0.97,angle-chest-press,,30.0,20
-0.007,-0.058,-1.062,angle-chest-press,,30.0,20
0.037,-0.097,-1.034,angle-chest-press,,30.0,20
0.047,-0.064,-1.052,angle-chest-press,,30.0,20
0.049,-0.024,-1.007,angle-chest-press,,30.0,20
0.086,-0.059,-0.962,angle-chest-press,,30.0,20
0.137,-0.071,-1.046,angle-chest-press,,30.0,20
0.156,-0.048,-1.104,angle-chest-press,,30.0,20
0.183,-0.082,-1.073,angle-chest-press,,30.0,20
0.253,-0.132,-1.025,angle-chest-press,,30.0,20
0.328,-0.115,-0.997,angle-chest-press,,30.0,20
0.358,-0.085,-1.035,angle-chest-press,,30.0,20
0.386,-0.144,-1.075,angle-chest-press,,30.0,20
0.457,-0.249,-0.98,angle-chest-press,,30.0,20
0.469,-0.215,-0.948,angle-chest-press,,30.0,20
0.448,-0.123,-1.032,angle-chest-press,,30.0,20
0.424,-0.128,-0.993,angle-chest-press,,30.0,20
0.438,-0.177,-0.949,angle-chest-press,,30.0,20
0.427,-0.205,-0.976,angle-chest-press,,30.0,20
0.405,-0.17,-0.999,angle-chest-press,,30.0,20
0.366,-0.134,-0.983,angle-chest-press,,30.0,20
0.352,-0.096,-1.075,angle-chest-press,,30.0,20
0.403,-0.147,-1.072,angle-chest-press,,30.0,20
0.372,-0.127,-1.108,angle-chest-press,,30.0,20
0.315,-0.112,-0.988,angle-chest-press,,30.0,20
0.302,-0.085,-1.009,angle-chest-press,,30.0,20
0.379,-0.162,-1.011,angle-chest-press,,30.0,20
0.336,-0.176,-0.963,angle-chest-press,,30.0,20
0.274,-0.171,-0.863,angle-chest-press,,30.0,20
0.295,-0.125,-0.938,angle-chest-press,,30.0,20
0.285,-0.193,-0.955,angle-chest-press,,30.0,20
0.229,-0.206,-0.864,angle-chest-press,,30.0,20
0.143,-0.128,-0.881,angle-chest-press,,30.0,20
0.065,-0.128,-0.959,angle-chest-press,,30.0,20
-0.029,-0.159,-1.014,angle-chest-press,,30.0,20
-0.047,-0.19,-0.925,angle-chest-press,,30.0,20
-0.041,-0.162,-0.786,angle-chest-press,,30.0,20
-0.098,-0.175,-0.915,angle-chest-press,,30.0,20
-0.147,-0.219,-0.921,angle-chest-press,,30.0,20
-0.145,-0.238,-0.871,angle-chest-press,,30.0,20
-0.219,-0.179,-0.898,angle-chest-press,,30.0,20
-0.292,-0.228,-0.977,angle-chest-press,,30.0,20
-0.271,-0.292,-0.959,angle-chest-press,,30.0,20
-0.251,-0.221,-0.888,angle-chest-press,,30.0,20
-0.322,-0.2,-0.891,angle-chest-press,,30.0,20
-0.368,-0.248,-0.981,angle-chest-press,,30.0,20
-0.294,-0.305,-0.914,angle-chest-press,,30.0,20
-0.275,-0.246,-0.874,angle-chest-press,,30.0,20
-0.369,-0.216,-0.939,angle-chest-press,,30.0,20
-0.392,-0.248,-0.963,angle-chest-press,,30.0,20
-0.31,-0.275,-0.934,angle-chest-press,,30.0,20
-0.303,-0.255,-0.981,angle-chest-press,,30.0,20
-0.399,-0.23,-1.021,angle-chest-press,,30.0,20
-0.395,-0.243,-0.981,angle-chest-press,,30.0,20
-0.286,-0.265,-0.966,angle-chest-press,,30.0,20
-0.263,-0.236,-0.994,angle-chest-press,,30.0,20
-0.348,-0.161,-1.008,angle-chest-press,,30.0,20
-0.4,-0.153,-1.02,angle-chest-press,,30.0,20
-0.364,-0.216,-1.06,angle-chest-press,,30.0,20
-0.366,-0.252,-1.061,angle-chest-press,,30.0,20
-0.456,-0.241,-1.014,angle-chest-press,,30.0,20
-0.487,-0.263,-1.034,angle-chest-press,,30.0,20
-0.426,-0.299,-1.058,angle-chest-press,,30.0,20
-0.407,-0.293,-0.99,angle-chest-press,,30.0,20
-0.452,-0.312,-0.958,angle-chest-press,,30.0,20
-0.481,-0.309,-0.971,angle-chest-press,,30.0,20
-0.499,-0.29,-0.976,angle-chest-press,,30.0,20
-0.517,-0.248,-0.979,angle-chest-press,,30.0,20
-0.554,-0.204,-0.945,angle-chest-press,,30.0,20
-0.553,-0.185,-0.911,angle-chest-press,,30.0,20
-0.468,-0.219,-1.025,angle-chest-press,,30.0,20
-0.384,-0.242,-0.938,angle-chest-press,,30.0,20
-0.367,-0.21,-0.89,angle-chest-press,,30.0,20
-0.39,-0.165,-0.954,angle-chest-press,,30.0,20
-0.368,-0.196,-0.964,angle-chest-press,,30.0,20
-0.285,-0.241,-0.959,angle-chest-press,,30.0,20
-0.23,-0.194,-0.823,angle-chest-press,,30.0,20
-0.212,-0.111,-0.783,angle-chest-press,,30.0,20
-0.178,-0.107,-0.901,angle-chest-press,,30.0,20
-0.123,-0.129,-0.993,angle-chest-press,,30.0,20
-0.074,-0.129,-0.843,angle-chest-press,,30.0,20
-0.096,-0.039,-0.888,angle-chest-press,,30.0,20
-0.093,-0.02,-0.901,angle-chest-press,,30.0,20
0.0,-0.152,-1.056,angle-chest-press,,30.0,20
0.016,-0.136,-0.96,angle-chest-press,,30.0,20
-0.062,-0.02,-0.89,angle-chest-press,,30.0,20
-0.079,-0.069,-0.987,angle-chest-press,,30.0,20
0.024,-0.124,-1.044,angle-chest-press,,30.0,20
0.032,-0.099,-1.063,angle-chest-press,,30.0,20
-0.004,-0.039,-1.021,angle-chest-press,,30.0,20
0.013,-0.074,-0.953,angle-chest-press,,30.0,20
0.098,-0.06,-1.128,angle-chest-press,,30.0,20
0.179,-0.143,-0.927,angle-chest-press,,30.0,20
0.172,-0.062,-0.971,angle-chest-press,,30.0,20
0.257,-0.084,-0.973,angle-chest-press,,30.0,20
0.379,-0.208,-1.018,angle-chest-press,,30.0,20
0.42,-0.161,-1.026,angle-chest-press,,30.0,20
0.418,-0.118,-0.942,angle-chest-press,,30.0,20
0.45,-0.227,-0.923,angle-chest-press,,30.0,20
0.464,-0.233,-1.051,angle-chest-press,,30.0,20
0.41,-0.151,-1.082,angle-chest-press,,30.0,20
0.389,-0.162,-0.977,angle-chest-press,,30.0,20
0.382,-0.174,-0.979,angle-chest-press,,30.0,20
0.327,-0.163,-0.959,angle-chest-press,,30.0,20
0.258,-0.127,-1.0,angle-chest-press,,30.0,20
0.26,-0.109,-1.062,angle-chest-press,,30.0,20
0.302,-0.152,-1.005,angle-chest-press,,30.0,20
0.311,-0.223,-0.909,angle-chest-press,,30.0,20
0.275,-0.165,-1.051,angle-chest-press,,30.0,20
0.244,-0.096,-1.152,angle-chest-press,,30.0,20
0.248,-0.124,-1.034,angle-chest-press,,30.0,20
0.304,-0.188,-0.906,angle-chest-press,,30.0,20
0.342,-0.188,-0.933,angle-chest-press,,30.0,20
0.259,-0.099,-1.048,angle-chest-press,,30.0,20
0.17,-0.09,-0.993,angle-chest-press,,30.0,20
0.191,-0.122,-0.966,angle-chest-press,,30.0,20
0.205,-0.132,-1.002,angle-chest-press,,30.0,20
0.1,-0.091,-1.026,angle-chest-press,,30.0,20
0.019,-0.096,-0.966,angle-chest-press,,30.0,20
0.06,-0.172,-0.887,angle-chest-press,,30.0,20
0.117,-0.224,-0.872,angle-chest-press,,30.0,20
0.014,-0.1,-1.04,angle-chest-press,,30.0,20
-0.07,-0.112,-0.925,angle-chest-press,,30.0,20
-0.031,-0.173,-0.856,angle-chest-press,,30.0,20
-0.02,-0.133,-0.928,angle-chest-press,,30.0,20
-0.108,-0.132,-0.977,angle-chest-press,,30.0,20
-0.152,-0.184,-0.895,angle-chest-press,,30.0,20
-0.116,-0.178,-0.837,angle-chest-press,,30.0,20
-0.149,-0.146,-1.002,angle-chest-press,,30.0,20
-0.245,-0.158,-0.957,angle-chest-press,,30.0,20
-0.282,-0.147,-0.924,angle-chest-press,,30.0,20
-0.223,-0.179,-0.89,angle-chest-press,,30.0,20
-0.214,-0.222,-0.918,angle-chest-press,,30.0,20
-0.329,-0.185,-1.038,angle-chest-press,,30.0,20
-0.375,-0.224,-0.983,angle-chest-press,,30.0,20
-0.297,-0.24,-0.897,angle-chest-press,,30.0,20
-0.335,-0.209,-0.989,angle-chest-press,,30.0,20
-0.412,-0.216,-1.038,angle-chest-press,,30.0,20
-0.371,-0.246,-1.025,angle-chest-press,,30.0,20
-0.273,-0.241,-0.973,angle-chest-press,,30.0,20
-0.321,-0.161,-1.047,angle-chest-press,,30.0,20
-0.391,-0.124,-0.993,angle-chest-press,,30.0,20
-0.345,-0.154,-0.964,angle-chest-press,,30.0,20
-0.256,-0.213,-1.033,angle-chest-press,,30.0,20
-0.273,-0.204,-1.061,angle-chest-press,,30.0,20
-0.344,-0.162,-1.064,angle-chest-press,,30.0,20
-0.385,-0.158,-1.058,angle-chest-press,,30.0,20
-0.35,-0.19,-1.062,angle-chest-press,,30.0,20
-0.307,-0.212,-1.046,angle-chest-press,,30.0,20
-0.33,-0.227,-1.046,angle-chest-press,,30.0,20
-0.366,-0.226,-1.137,angle-chest-press,,30.0,20
-0.376,-0.273,-1.127,angle-chest-press,,30.0,20
-0.355,-0.28,-1.088,angle-chest-press,,30.0,20
-0.349,-0.267,-1.039,angle-chest-press,,30.0,20
-0.352,-0.244,-1.041,angle-chest-press,,30.0,20
-0.342,-0.222,-1.046,angle-chest-press,,30.0,20
-0.317,-0.202,-1.021,angle-chest-press,,30.0,20
-0.277,-0.179,-0.954,angle-chest-press,,30.0,20
-0.243,-0.146,-0.886,angle-chest-press,,30.0,20
-0.207,-0.12,-0.885,angle-chest-press,,30.0,20
-0.164,-0.12,-0.912,angle-chest-press,,30.0,20
-0.132,-0.113,-0.889,angle-chest-press,,30.0,20
-0.116,-0.081,-0.812,angle-chest-press,,30.0,20
-0.105,-0.053,-0.792,angle-chest-press,,30.0,20
-0.079,-0.05,-0.899,angle-chest-press,,30.0,20
-0.046,-0.083,-0.982,angle-chest-press,,30.0,20
-0.041,-0.106,-0.937,angle-chest-press,,30.0,20
-0.053,-0.07,-0.885,angle-chest-press,,30.0,20
-0.04,-0.038,-0.869,angle-chest-press,,30.0,20
-0.016,-0.08,-0.936,angle-chest-press,,30.0,20
-0.002,-0.112,-1.076,angle-chest-press,,30.0,20
-0.01,-0.096,-0.967,angle-chest-press,,30.0,20
-0.02,-0.043,-0.938,angle-chest-press,,30.0,20
-0.018,-0.026,-0.934,angle-chest-press,,30.0,20
0.033,-0.082,-0.996,angle-chest-press,,30.0,20
0.054,-0.08,-1.066,angle-chest-press,,30.0,20
0.01,-0.049,-1.057,angle-chest-press,,30.0,20
-0.007,-0.056,-0.98,angle-chest-press,,30.0,20
0.049,-0.068,-0.931,angle-chest-press,,30.0,20
0.109,-0.132,-1.013,angle-chest-press,,30.0,20
0.148,-0.109,-1.151,angle-chest-press,,30.0,20
0.188,-0.149,-1.071,angle-chest-press,,30.0,20
0.229,-0.124,-1.048,angle-chest-press,,30.0,20
0.306,-0.176,-0.937,angle-chest-press,,30.0,20
0.337,-0.168,-0.954,angle-chest-press,,30.0,20
0.376,-0.16,-1.032,angle-chest-press,,30.0,20
0.392,-0.176,-1.184,angle-chest-press,,30.0,20
0.361,-0.184,-0.998,angle-chest-press,,30.0,20
0.413,-0.146,-1.007,angle-chest-press,,30.0,20
0.491,-0.241,-0.978,angle-chest-press,,30.0,20
0.467,-0.248,-0.903,angle-chest-press,,30.0,20
0.371,-0.155,-1.032,angle-chest-press,,30.0,20
0.353,-0.228,-0.957,angle-chest-press,,30.0,20
0.366,-0.206,-0.985,angle-chest-press,,30.0,20
0.361,-0.193,-1.005,angle-chest-press,,30.0,20
0.334,-0.192,-1.008,angle-chest-press,,30.0,20
0.334,-0.154,-1.002,angle-chest-press,,30.0,20
0.33,-0.169,-1.006,angle-chest-press,,30.0,20
0.256,-0.146,-1.074,angle-chest-press,,30.0,20
0.226,-0.142,-1.025,angle-chest-press,,30.0,20
0.264,-0.173,-1.0,angle-chest-press,,30.0,20
0.247,-0.173,-0.983,angle-chest-press,,30.0,20
0.21,-0.179,-0.981,angle-chest-press,,30.0,20
0.2,-0.163,-0.963,angle-chest-press,,30.0,20
0.19,-0.132,-0.952,angle-chest-press,,30.0,20
0.164,-0.125,-0.967,angle-chest-press,,30.0,20
0.152,-0.166,-0.957,angle-chest-press,,30.0,20
0.12,-0.15,-0.935,angle-chest-press,,30.0,20
0.074,-0.12,-0.883,angle-chest-press,,30.0,20
0.052,-0.15,-0.921,angle-chest-press,,30.0,20
0.044,-0.188,-0.963,angle-chest-press,,30.0,20
-0.016,-0.124,-0.904,angle-chest-press,,30.0,20
-0.103,-0.094,-0.902,angle-chest-press,,30.0,20
-0.092,-0.185,-0.922,angle-chest-press,,30.0,20
-0.051,-0.204,-0.931,angle-chest-press,,30.0,20
-0.128,-0.144,-0.946,angle-chest-press,,30.0,20
-0.206,-0.144,-0.904,angle-chest-press,,30.0,20
-0.149,-0.207,-0.932,angle-chest-press,,30.0,20
-0.097,-0.206,-0.976,angle-chest-press,,30.0,20
-0.158,-0.146,-0.976,angle-chest-press,,30.0,20
-0.2,-0.117,-0.948,angle-chest-press,,30.0,20
-0.178,-0.11,-0.917,angle-chest-press,,30.0,20
-0.214,-0.115,-0.973,angle-chest-press,,30.0,20
-0.237,-0.157,-0.944,angle-chest-press,,30.0,20
-0.208,-0.194,-0.958,angle-chest-press,,30.0,20
-0.226,-0.191,-1.007,angle-chest-press,,30.0,20
-0.293,-0.153,-1.011,angle-chest-press,,30.0,20
-0.306,-0.138,-0.929,angle-chest-press,,30.0,20
-0.279,-0.185,-0.955,angle-chest-press,,30.0,20
-0.281,-0.186,-1.042,angle-chest-press,,30.0,20
-0.349,-0.151,-1.003,angle-chest-press,,30.0,20
-0.444,-0.155,-0.974,angle-chest-press,,30.0,20
-0.478,-0.252,-1.025,angle-chest-press,,30.0,20
-0.463,-0.295,-1.045,angle-chest-press,,30.0,20
-0.564,-0.278,-1.114,angle-chest-press,,30.0,20
-0.629,-0.241,-0.999,angle-chest-press,,30.0,20
-0.535,-0.272,-0.969,angle-chest-press,,30.0,20
-0.465,-0.288,-1.111,angle-chest-press,,30.0,20
-0.511,-0.234,-1.027,angle-chest-press,,30.0,20
-0.527,-0.24,-0.978,angle-chest-press,,30.0,20
-0.476,-0.233,-0.998,angle-chest-press,,30.0,20
-0.414,-0.21,-0.891,angle-chest-press,,30.0,20
-0.415,-0.179,-0.944,angle-chest-press,,30.0,20
-0.423,-0.169,-1.001,angle-chest-press,,30.0,20
-0.356,-0.161,-0.967,angle-chest-press,,30.0,20
-0.271,-0.153,-1.013,angle-chest-press,,30.0,20
-0.217,-0.159,-0.978,angle-chest-press,,30.0,20
-0.176,-0.135,-0.879,angle-chest-press,,30.0,20
-0.118,-0.103,-0.881,angle-chest-press,,30.0,20
-0.062,-0.102,-0.906,angle-chest-press,,30.0,20
-0.06,-0.116,-1.012,angle-chest-press,,30.0,20
-0.07,-0.109,-0.916,angle-chest-press,,30.0,20
-0.072,-0.076,-0.864,angle-chest-press,,30.0,20
-0.083,-0.102,-0.94,angle-chest-press,,30.0,20
-0.088,-0.136,-0.997,angle-chest-press,,30.0,20
-0.093,-0.124,-0.937,angle-chest-press,,30.0,20
-0.096,-0.112,-0.901,angle-chest-press,,30.0,20
-0.101,-0.136,-0.923,angle-chest-press,,30.0,20
-0.081,-0.161,-0.945,angle-chest-press,,30.0,20
-0.064,-0.141,-0.93,angle-chest-press,,30.0,20
-0.073,-0.111,-0.942,angle-chest-press,,30.0,20
-0.063,-0.104,-0.993,angle-chest-press,,30.0,20
-0.012,-0.12,-1.012,angle-chest-press,,30.0,20
0.02,-0.101,-0.97,angle-chest-press,,30.0,20
0.034,-0.046,-0.991,angle-chest-press,,30.0,20
0.105,-0.084,-1.053,angle-chest-press,,30.0,20
0.222,-0.163,-1.033,angle-chest-press,,30.0,20
0.319,-0.12,-1.014,angle-chest-press,,30.0,20
0.361,-0.054,-1.031,angle-chest-press,,30.0,20
0.399,-0.125,-1.036,angle-chest-press,,30.0,20
0.462,-0.232,-0.924,angle-chest-press,,30.0,20
0.514,-0.24,-0.869,angle-chest-press,,30.0,20
0.521,-0.258,-0.952,angle-chest-press,,30.0,20
0.486,-0.278,-1.075,angle-chest-press,,30.0,20
0.48,-0.304,-1.02,angle-chest-press,,30.0,20
0.458,-0.266,-0.906,angle-chest-press,,30.0,20
0.365,-0.213,-0.95,angle-chest-press,,30.0,20
0.275,-0.176,-0.992,angle-chest-press,,30.0,20
0.289,-0.186,-0.961,angle-chest-press,,30.0,20
0.291,-0.235,-0.965,angle-chest-press,,30.0,20
0.26,-0.24,-0.958,angle-chest-press,,30.0,20
0.243,-0.19,-1.004,angle-chest-press,,30.0,20
0.264,-0.174,-1.084,angle-chest-press,,30.0,20
0.265,-0.156,-1.038,angle-chest-press,,30.0,20
0.279,-0.122,-0.938,angle-chest-press,,30.0,20
0.37,-0.154,-0.968,angle-chest-press,,30.0,20
0.397,-0.199,-0.976,angle-chest-press,,30.0,20
0.288,-0.16,-0.968,angle-chest-press,,30.0,20
0.216,-0.016,-1.072,angle-chest-press,,30.0,20
0.247,-0.125,-0.963,angle-chest-press,,30.0,20
0.218,-0.181,-0.914,angle-chest-press,,30.0,20
0.141,-0.102,-0.882,angle-chest-press,,30.0,20
0.114,-0.118,-0.946,angle-chest-press,,30.0,20
0.098,-0.213,-0.931,angle-chest-press,,30.0,20
-0.002,-0.119,-0.935,angle-chest-press,,30.0,20
-0.064,-0.104,-0.943,angle-chest-press,,30.0,20
-0.065,-0.131,-0.871,angle-chest-press,,30.0,20
-0.051,-0.143,-0.908,angle-chest-press,,30.0,20
-0.073,-0.169,-0.914,angle-chest-press,,30.0,20
-0.123,-0.139,-0.906,angle-chest-press,,30.0,20
-0.208,-0.128,-0.886,angle-chest-press,,30.0,20
-0.238,-0.146,-0.945,angle-chest-press,,30.0,20
-0.183,-0.209,-0.951,angle-chest-press,,30.0,20
-0.171,-0.226,-0.888,angle-chest-press,,30.0,20
-0.284,-0.143,-0.94,angle-chest-press,,30.0,20
-0.362,-0.151,-0.976,angle-chest-press,,30.0,20
-0.3,-0.227,-0.981,angle-chest-press,,30.0,20
-0.261,-0.251,-0.979,angle-chest-press,,30.0,20
-0.345,-0.2,-0.99,angle-chest-press,,30.0,20
-0.442,-0.187,-1.0,angle-chest-press,,30.0,20
-0.396,-0.245,-0.987,angle-chest-press,,30.0,20
-0.293,-0.271,-0.989,angle-chest-press,,30.0,20
-0.306,-0.218,-0.992,angle-chest-press,,30.0,20
-0.388,-0.164,-0.992,angle-chest-press,,30.0,20
-0.401,-0.175,-0.992,angle-chest-press,,30.0,20
-0.347,-0.222,-1.01,angle-chest-press,,30.0,20
-0.337,-0.241,-1.058,angle-chest-press,,30.0,20
-0.415,-0.219,-1.06,angle-chest-press,,30.0,20
-0.461,-0.194,-1.035,angle-chest-press,,30.0,20
-0.395,-0.212,-1.055,angle-chest-press,,30.0,20
-0.353,-0.279,-1.089,angle-chest-press,,30.0,20
-0.389,-0.298,-1.104,angle-chest-press,,30.0,20
-0.403,-0.272,-1.13,angle-chest-press,,30.0,20
-0.398,-0.294,-1.133,angle-chest-press,,30.0,20
-0.381,-0.27,-1.034,angle-chest-press,,30.0,20
-0.386,-0.27,-1.072,angle-chest-press,,30.0,20
-0.356,-0.284,-1.03,angle-chest-press,,30.0,20
-0.318,-0.267,-0.96,angle-chest-press,,30.0,20
-0.319,-0.233,-0.901,angle-chest-press,,30.0,20
-0.334,-0.175,-0.903,angle-chest-press,,30.0,20
-0.272,-0.177,-0.973,angle-chest-press,,30.0,20
-0.183,-0.222,-0.982,angle-chest-press,,30.0,20
-0.124,-0.199,-0.86,angle-chest-press,,30.0,20
-0.095,-0.128,-0.727,angle-chest-press,,30.0,20
-0.083,-0.072,-0.8,angle-chest-press,,30.0,20
-0.029,-0.151,-0.972,angle-chest-press,,30.0,20
0.009,-0.144,-1.019,angle-chest-press,,30.0,20
0.033,-0.142,-0.909,angle-chest-press,,30.0,20
0.056,-0.079,-0.801,angle-chest-press,,30.0,20
0.072,-0.001,-0.855,angle-chest-press,,30.0,20
0.088,-0.016,-0.887,angle-chest-press,,30.0,20
0.103,-0.054,-1.055,angle-chest-press,,30.0,20
0.126,-0.116,-1.079,angle-chest-press,,30.0,20
0.15,-0.142,-0.89,angle-chest-press,,30.0,20
0.166,-0.065,-0.772,angle-chest-press,,30.0,20
0.182,-0.021,-0.941,angle-chest-press,,30.0,20
0.164,-0.091,-1.261,angle-chest-press,,30.0,20
0.147,-0.164,-1.152,angle-chest-press,,30.0,20
0.183,-0.124,-0.983,angle-chest-press,,30.0,20
0.249,-0.156,-0.857,angle-chest-press,,30.0,20
0.283,-0.143,-1.024,angle-chest-press,,30.0,20
0.312,-0.184,-0.983,angle-chest-press,,30.0,20
0.332,-0.147,-1.07,angle-chest-press,,30.0,20
0.359,-0.197,-1.072,angle-chest-press,,30.0,20
0.34,-0.218,-1.05,angle-chest-press,,30.0,20
0.339,-0.227,-0.94,angle-chest-press,,30.0,20
0.381,-0.264,-0.935,angle-chest-press,,30.0,20
0.385,-0.249,-1.062,angle-chest-press,,30.0,20
0.346,-0.188,-1.041,angle-chest-press,,30.0,20
0.352,-0.198,-0.997,angle-chest-press,,30.0,20
0.359,-0.247,-0.968,angle-chest-press,,30.0,20
0.321,-0.201,-0.895,angle-chest-press,,30.0,20
0.309,-0.182,-0.891,angle-chest-press,,30.0,20
0.332,-0.233,-0.937,angle-chest-press,,30.0,20
0.336,-0.28,-0.904,angle-chest-press,,30.0,20
0.316,-0.235,-0.994,angle-chest-press,,30.0,20
0.293,-0.171,-1.137,angle-chest-press,,30.0,20
0.287,-0.216,-1.015,angle-chest-press,,30.0,20
0.309,-0.266,-0.919,angle-chest-press,,30.0,20
0.334,-0.254,-1.042,angle-chest-press,,30.0,20
0.32,-0.21,-1.104,angle-chest-press,,30.0,20
0.268,-0.162,-1.035,angle-chest-press,,30.0,20
0.262,-0.118,-0.954,angle-chest-press,,30.0,20
0.298,-0.163,-0.943,angle-chest-press,,30.0,20
0.288,-0.156,-1.021,angle-chest-press,,30.0,20
0.205,-0.137,-0.935,angle-chest-press,,30.0,20
0.168,-0.141,-0.891,angle-chest-press,,30.0,20
0.122,-0.112,-1.036,angle-chest-press,,30.0,20
0.033,-0.173,-0.953,angle-chest-press,,30.0,20
-0.043,-0.148,-0.905,angle-chest-press,,30.0,20
-0.023,-0.202,-1.028,angle-chest-press,,30.0,20
-0.033,-0.229,-0.991,angle-chest-press,,30.0,20
-0.129,-0.136,-0.91,angle-chest-press,,30.0,20
-0.168,-0.15,-0.944,angle-chest-press,,30.0,20
-0.053,-0.245,-0.941,angle-chest-press,,30.0,20
-0.036,-0.209,-0.921,angle-chest-press,,30.0,20
-0.164,-0.065,-0.92,angle-chest-press,,30.0,20
-0.217,-0.196,-0.825,angle-chest-press,,30.0,20
-0.088,-0.271,-1.006,angle-chest-press,,30.0,20
-0.104,-0.232,-0.936,angle-chest-press,,30.0,20
-0.272,-0.12,-0.92,angle-chest-press,,30.0,20
-0.311,-0.221,-0.912,angle-chest-press,,30.0,20
-0.228,-0.285,-0.935,angle-chest-press,,30.0,20
-0.231,-0.213,-0.943,angle-chest-press,,30.0,20
-0.298,-0.215,-0.988,angle-chest-press,,30.0,20
-0.297,-0.266,-0.971,angle-chest-press,,30.0,20
-0.261,-0.251,-0.968,angle-chest-press,,30.0,20
-0.283,-0.187,-0.975,angle-chest-press,,30.0,20
-0.341,-0.156,-0.989,angle-chest-press,,30.0,20
-0.319,-0.198,-0.985,angle-chest-press,,30.0,20
-0.248,-0.227,-0.984,angle-chest-press,,30.0,20
-0.251,-0.207,-1.015,angle-chest-press,,30.0,20
-0.286,-0.206,-1.09,angle-chest-press,,30.0,20
-0.29,-0.255,-1.071,angle-chest-press,,30.0,20
-0.345,-0.129,-0.936,angle-chest-press,,30.0,20
-0.329,-0.495,-0.938,angle-chest-press,,30.0,20
-0.252,-0.42,-1.263,angle-chest-press,,30.0,20
-0.397,-0.238,-1.277,angle-chest-press,,30.0,20
-0.437,-0.223,-1.07,angle-chest-press,,30.0,20
-0.393,-0.232,-1.076,angle-chest-press,,30.0,20
-0.341,-0.356,-1.085,angle-chest-press,,30.0,20
-0.335,-0.32,-1.065,angle-chest-press,,30.0,20
-0.397,-0.219,-1.063,angle-chest-press,,30.0,20
-0.432,-0.204,-1.078,angle-chest-press,,30.0,20
-0.407,-0.258,-1.05,angle-chest-press,,30.0,20
-0.324,-0.316,-0.956,angle-chest-press,,30.0,20
-0.268,-0.255,-0.9,angle-chest-press,,30.0,20
-0.298,-0.188,-0.925,angle-chest-press,,30.0,20
-0.332,-0.185,-0.985,angle-chest-press,,30.0,20
-0.309,-0.186,-0.979,angle-chest-press,,30.0,20
-0.249,-0.219,-0.938,angle-chest-press,,30.0,20
-0.207,-0.199,-0.921,angle-chest-press,,30.0,20
-0.189,-0.117,-0.837,angle-chest-press,,30.0,20
-0.179,-0.104,-0.834,angle-chest-press,,30.0,20
-0.145,-0.106,-0.936,angle-chest-press,,30.0,20
-0.069,-0.139,-0.918,angle-chest-press,,30.0,20
-0.001,-0.123,-0.932,angle-chest-press,,30.0,20
0.003,-0.093,-0.918,angle-chest-press,,30.0,20
-0.03,-0.038,-0.777,angle-chest-press,,30.0,20
-0.001,-0.059,-0.927,angle-chest-press,,30.0,20
0.082,-0.145,-1.01,angle-chest-press,,30.0,20
0.067,-0.095,-1.006,angle-chest-press,,30.0,20
-0.029,0.012,-0.944,angle-chest-press,,30.0,20
-0.044,-0.021,-0.886,angle-chest-press,,30.0,20
0.035,-0.099,-1.031,angle-chest-press,,30.0,20
0.107,-0.108,-1.122,angle-chest-press,,30.0,20
0.065,-0.008,-1.007,angle-chest-press,,30.0,20
0.087,-0.013,-0.994,angle-chest-press,,30.0,20
0.191,-0.086,-1.021,angle-chest-press,,30.0,20
0.321,-0.197,-0.969,angle-chest-press,,30.0,20
0.368,-0.096,-0.992,angle-chest-press,,30.0,20
0.384,-0.08,-1.0,angle-chest-press,,30.0,20
0.462,-0.173,-1.054,angle-chest-press,,30.0,20
0.51,-0.244,-0.995,angle-chest-press,,30.0,20
0.482,-0.196,-0.97,angle-chest-press,,30.0,20
0.487,-0.221,-1.041,angle-chest-press,,30.0,20
0.495,-0.274,-1.084,angle-chest-press,,30.0,20
0.447,-0.224,-0.92,angle-chest-press,,30.0,20
0.433,-0.23,-0.848,angle-chest-press,,30.0,20
0.405,-0.232,-0.987,angle-chest-press,,30.0,20
0.335,-0.154,-0.99,angle-chest-press,,30.0,20
0.276,-0.123,-1.06,angle-chest-press,,30.0,20
0.332,-0.281,-0.919,angle-chest-press,,30.0,20
0.364,-0.237,-0.981,angle-chest-press,,30.0,20
0.333,-0.22,-0.892,angle-chest-press,,30.0,20
0.24,-0.098,-1.169,angle-chest-press,,30.0,20
0.214,-0.081,-1.123,angle-chest-press,,30.0,20
0.248,-0.123,-0.961,angle-chest-press,,30.0,20
0.301,-0.194,-0.899,angle-chest-press,,30.0,20
0.315,-0.193,-0.964,angle-chest-press,,30.0,20
0.248,-0.151,-1.038,angle-chest-press,,30.0,20
0.179,-0.107,-1.013,angle-chest-press,,30.0,20
0.183,-0.12,-0.947,angle-chest-press,,30.0,20
0.222,-0.171,-0.924,angle-chest-press,,30.0,20
0.201,-0.166,-0.971,angle-chest-press,,30.0,20
0.093,-0.098,-0.996,angle-chest-press,,30.0,20
0.028,-0.108,-0.884,angle-chest-press,,30.0,20
0.067,-0.164,-0.876,angle-chest-press,,30.0,20
0.082,-0.168,-0.958,angle-chest-press,,30.0,20
-0.018,-0.101,-0.957,angle-chest-press,,30.0,20
-0.112,-0.06,-0.92,angle-chest-press,,30.0,20
-0.077,-0.152,-0.88,angle-chest-press,,30.0,20
-0.039,-0.206,-0.946,angle-chest-press,,30.0,20
-0.102,-0.187,-0.939,angle-chest-press,,30.0,20
-0.19,-0.144,-0.947,angle-chest-press,,30.0,20
-0.222,-0.176,-0.955,angle-chest-press,,30.0,20
-0.205,-0.203,-0.962,angle-chest-press,,30.0,20
-0.23,-0.187,-0.925,angle-chest-press,,30.0,20
-0.27,-0.18,-0.858,angle-chest-press,,30.0,20
-0.286,-0.208,-1.0,angle-chest-press,,30.0,20
-0.287,-0.247,-1.034,angle-chest-press,,30.0,20
-0.317,-0.214,-0.911,angle-chest-press,,30.0,20
-0.332,-0.214,-0.949,angle-chest-press,,30.0,20
-0.313,-0.239,-1.012,angle-chest-press,,30.0,20
-0.322,-0.231,-1.026,angle-chest-press,,30.0,20
-0.335,-0.227,-1.001,angle-chest-press,,30.0,20
-0.325,-0.25,-1.06,angle-chest-press,,30.0,20
-0.303,-0.263,-1.024,angle-chest-press,,30.0,20
-0.29,-0.243,-1.026,angle-chest-press,,30.0,20
-0.323,-0.177,-1.057,angle-chest-press,,30.0,20
-0.383,-0.193,-1.079,angle-chest-press,,30.0,20
-0.36,-0.216,-1.04,angle-chest-press,,30.0,20
-0.32,-0.264,-1.032,angle-chest-press,,30.0,20
-0.359,-0.21,-1.133,angle-chest-press,,30.0,20
-0.383,-0.208,-1.045,angle-chest-press,,30.0,20
-0.317,-0.297,-1.003,angle-chest-press,,30.0,20
-0.283,-0.311,-1.066,angle-chest-press,,30.0,20
-0.323,-0.255,-1.086,angle-chest-press,,30.0,20
-0.307,-0.241,-1.025,angle-chest-press,,30.0,20
-0.222,-0.247,-0.873,angle-chest-press,,30.0,20
-0.161,-0.228,-0.881,angle-chest-press,,30.0,20
-0.178,-0.191,-1.012,angle-chest-press,,30.0,20
-0.171,-0.19,-0.989,angle-chest-press,,30.0,20
-0.131,-0.229,-0.976,angle-chest-press,,30.0,20
-0.126,-0.228,-0.994,angle-chest-press,,30.0,20
-0.181,-0.224,-0.935,angle-chest-press,,30.0,20
-0.217,-0.213,-0.946,angle-chest-press,,30.0,20
-0.218,-0.225,-0.96,angle-chest-press,,30.0,20
-0.232,-0.259,-0.987,angle-chest-press,,30.0,20
-0.256,-0.288,-1.021,angle-chest-press,,30.0,20
-0.284,-0.265,-1.001,angle-chest-press,,30.0,20
-0.286,-0.218,-0.944,angle-chest-press,,30.0,20
-0.242,-0.181,-0.958,angle-chest-press,,30.0,20
-0.188,-0.187,-1.063,angle-chest-press,,30.0,20
-0.132,-0.209,-1.084,angle-chest-press,,30.0,20
-0.082,-0.194,-1.009,angle-chest-press,,30.0,20
-0.056,-0.109,-0.798,angle-chest-press,,30.0,20
-0.024,-0.04,-0.668,angle-chest-press,,30.0,20
0.004,-0.02,-0.765,angle-chest-press,,30.0,20
0.026,-0.045,-0.881,angle-chest-press,,30.0,20
0.052,-0.095,-0.974,angle-chest-press,,30.0,20
0.043,-0.08,-0.981,angle-chest-press,,30.0,20
0.021,-0.058,-0.883,angle-chest-press,,30.0,20
0.016,-0.069,-0.935,angle-chest-press,,30.0,20
0.031,-0.099,-1.123,angle-chest-press,,30.0,20
0.04,-0.144,-1.082,angle-chest-press,,30.0,20
0.018,-0.094,-0.872,angle-chest-press,,30.0,20
0.052,-0.054,-0.828,angle-chest-press,,30.0,20
0.087,-0.05,-0.943,angle-chest-press,,30.0,20
0.117,-0.098,-1.268,angle-chest-press,,30.0,20
0.156,-0.191,-1.119,angle-chest-press,,30.0,20
0.179,-0.094,-0.954,angle-chest-press,,30.0,20
0.231,-0.052,-0.925,angle-chest-press,,30.0,20
0.303,-0.146,-1.021,angle-chest-press,,30.0,20
0.364,-0.203,-1.076,angle-chest-press,,30.0,20
0.346,-0.1,-1.054,angle-chest-press,,30.0,20
0.367,-0.141,-1.025,angle-chest-press,,30.0,20
0.417,-0.287,-0.928,angle-chest-press,,30.0,20
0.419,-0.269,-1.0,angle-chest-press,,30.0,20
0.363,-0.163,-1.073,angle-chest-press,,30.0,20
0.286,-0.204,-0.976,angle-chest-press,,30.0,20
0.248,-0.278,-0.97,angle-chest-press,,30.0,20
0.247,-0.2,-1.023,angle-chest-press,,30.0,20
0.185,-0.176,-0.905,angle-chest-press,,30.0,20
0.161,-0.176,-0.904,angle-chest-press,,30.0,20
0.206,-0.199,-1.064,angle-chest-press,,30.0,20
0.156,-0.148,-1.094,angle-chest-press,,30.0,20
0.152,-0.137,-0.972,angle-chest-press,,30.0,20
0.245,-0.2,-1.003,angle-chest-press,,30.0,20
0.326,-0.201,-1.036,angle-chest-press,,30.0,20
0.302,-0.166,-0.979,angle-chest-press,,30.0,20
0.263,-0.12,-0.935,angle-chest-press,,30.0,20
0.334,-0.145,-1.032,angle-chest-press,,30.0,20
0.371,-0.171,-1.031,angle-chest-press,,30.0,20
0.289,-0.114,-0.999,angle-chest-press,,30.0,20
0.24,-0.06,-0.986,angle-chest-press,,30.0,20
0.261,-0.142,-0.972,angle-chest-press,,30.0,20
0.261,-0.165,-0.968,angle-chest-press,,30.0,20
0.167,-0.093,-0.912,angle-chest-press,,30.0,20
0.101,-0.086,-0.888,angle-chest-press,,30.0,20
0.083,-0.096,-0.946,angle-chest-press,,30.0,20
0.034,-0.096,-0.9,angle-chest-press,,30.0,20
-0.017,-0.126,-0.886,angle-chest-press,,30.0,20
-0.032,-0.168,-0.923,angle-chest-press,,30.0,20
-0.092,-0.152,-0.982,angle-chest-press,,30.0,20
-0.167,-0.124,-0.944,angle-chest-press,,30.0,20
-0.183,-0.137,-0.931,angle-chest-press,,30.0,20
-0.172,-0.189,-0.931,angle-chest-press,,30.0,20
-0.208,-0.196,-0.928,angle-chest-press,,30.0,20
-0.267,-0.195,-0.972,angle-chest-press,,30.0,20
-0.277,-0.22,-0.969,angle-chest-press,,30.0,20
-0.264,-0.234,-0.934,angle-chest-press,,30.0,20
-0.261,-0.256,-0.939,angle-chest-press,,30.0,20
-0.262,-0.233,-0.986,angle-chest-press,,30.0,20
-0.293,-0.172,-0.985,angle-chest-press,,30.0,20
-0.331,-0.154,-0.957,angle-chest-press,,30.0,20
-0.303,-0.219,-0.974,angle-chest-press,,30.0,20
-0.222,-0.253,-1.008,angle-chest-press,,30.0,20
-0.206,-0.216,-1.009,angle-chest-press,,30.0,20
-0.276,-0.121,-1.016,angle-chest-press,,30.0,20
-0.324,-0.081,-0.976,angle-chest-press,,30.0,20
-0.3,-0.153,-1.084,angle-chest-press,,30.0,20
-0.253,-0.23,-1.056,angle-chest-press,,30.0,20
-0.237,-0.209,-1.016,angle-chest-press,,30.0,20
-0.333,-0.153,-1.077,angle-chest-press,,30.0,20
-0.415,-0.348,-1.175,angle-chest-press,,30.0,20
-0.564,-1.043,-1.593,angle-chest-press,,30.0,20
-0.742,0.239,-0.709,angle-chest-press,,30.0,20
-0.454,-0.649,-0.217,angle-chest-press,,30.0,20
0.02,-0.274,-1.667,angle-chest-press,,30.0,20
-0.04,-0.347,-0.83,angle-chest-press,,30.0,20
-0.369,0.041,-1.337,angle-chest-press,,30.0,20
-0.533,0.053,-1.184,angle-chest-press,,30.0,20
-0.168,-0.32,-0.904,angle-chest-press,,30.0,20
-0.032,-0.312,-1.024,angle-chest-press,,30.0,20
-0.218,-0.188,-1.063,angle-chest-press,,30.0,20
-0.353,-0.116,-0.996,angle-chest-press,,30.0,20
-0.256,-0.164,-1.014,angle-chest-press,,30.0,20
-0.095,-0.234,-0.914,angle-chest-press,,30.0,20
-0.123,-0.176,-0.947,angle-chest-press,,30.0,20
-0.226,-0.161,-0.973,angle-chest-press,,30.0,20
-0.233,-0.174,-1.037,angle-chest-press,,30.0,20
-0.165,-0.189,-0.901,angle-chest-press,,30.0,20
-0.106,-0.133,-0.839,angle-chest-press,,30.0,20
-0.14,-0.082,-0.876,angle-chest-press,,30.0,20
-0.177,-0.078,-0.987,angle-chest-press,,30.0,20
-0.124,-0.134,-1.004,angle-chest-press,,30.0,20
-0.057,-0.117,-0.918,angle-chest-press,,30.0,20
-0.04,-0.035,-0.905,angle-chest-press,,30.0,20
-0.034,-0.075,-0.901,angle-chest-press,,30.0,20
0.006,-0.136,-0.901,angle-chest-press,,30.0,20
0.04,-0.105,-0.946,angle-chest-press,,30.0,20
0.063,-0.07,-0.917,angle-chest-press,,30.0,20
0.067,-0.074,-0.873,angle-chest-press,,30.0,20
0.05,-0.056,-0.955,angle-chest-press,,30.0,20
0.059,-0.1,-0.923,angle-chest-press,,30.0,20
0.09,-0.135,-0.919,angle-chest-press,,30.0,20
0.1,-0.102,-1.084,angle-chest-press,,30.0,20
0.059,-0.08,-1.126,angle-chest-press,,30.0,20
0.036,-0.1,-0.992,angle-chest-press,,30.0,20
0.083,-0.139,-0.97,angle-chest-press,,30.0,20
0.146,-0.16,-1.039,angle-chest-press,,30.0,20
0.208,-0.142,-1.059,angle-chest-press,,30.0,20
0.272,-0.117,-1.059,angle-chest-press,,30.0,20
0.314,-0.115,-1.017,angle-chest-press,,30.0,20
0.349,-0.132,-1.002,angle-chest-press,,30.0,20
0.407,-0.169,-1.032,angle-chest-press,,30.0,20
0.445,-0.214,-1.043,angle-chest-press,,30.0,20
0.44,-0.243,-1.03,angle-chest-press,,30.0,20
0.433,-0.25,-0.984,angle-chest-press,,30.0,20
0.4,-0.263,-1.013,angle-chest-press,,30.0,20
0.343,-0.265,-0.946,angle-chest-press,,30.0,20
0.28,-0.212,-0.968,angle-chest-press,,30.0,20
0.221,-0.181,-1.005,angle-chest-press,,30.0,20
0.174,-0.192,-0.983,angle-chest-press,,30.0,20
0.132,-0.164,-1.027,angle-chest-press,,30.0,20
0.111,-0.183,-0.964,angle-chest-press,,30.0,20
0.109,-0.181,-0.957,angle-chest-press,,30.0,20
0.14,-0.205,-1.035,angle-chest-press,,30.0,20
0.173,-0.19,-1.04,angle-chest-press,,30.0,20
0.217,-0.232,-0.93,angle-chest-press,,30.0,20
0.239,-0.149,-1.107,angle-chest-press,,30.0,20
0.327,-0.222,-0.939,angle-chest-press,,30.0,20
0.312,-0.182,-0.993,angle-chest-press,,30.0,20
0.296,-0.12,-1.023,angle-chest-press,,30.0,20
0.296,-0.136,-0.969,angle-chest-press,,30.0,20
0.319,-0.144,-1.061,angle-chest-press,,30.0,20
0.282,-0.091,-1.087,angle-chest-press,,30.0,20
0.213,-0.081,-0.991,angle-chest-press,,30.0,20
0.23,-0.153,-1.006,angle-chest-press,,30.0,20
0.261,-0.217,-0.915,angle-chest-press,,30.0,20
0.159,-0.126,-0.862,angle-chest-press,,30.0,20
0.069,-0.078,-0.897,angle-chest-press,,30.0,20
0.056,-0.159,-0.897,angle-chest-press,,30.0,20
0.023,-0.15,-0.929,angle-chest-press,,30.0,20
-0.022,-0.195,-0.98,angle-chest-press,,30.0,20
-0.026,-0.208,-0.986,angle-chest-press,,30.0,20
-0.06,-0.142,-0.924,angle-chest-press,,30.0,20
-0.137,-0.114,-0.845,angle-chest-press,,30.0,20
-0.103,-0.204,-0.927,angle-chest-press,,30.0,20
-0.069,-0.257,-0.957,angle-chest-press,,30.0,20
-0.188,-0.123,-0.914,angle-chest-press,,30.0,20
-0.316,-0.114,-0.922,angle-chest-press,,30.0,20
-0.25,-0.256,-0.941,angle-chest-press,,30.0,20
-0.118,-0.33,-0.964,angle-chest-press,,30.0,20
-0.172,-0.216,-0.99,angle-chest-press,,30.0,20
-0.337,-0.09,-0.963,angle-chest-press,,30.0,20
-0.354,-0.159,-0.963,angle-chest-press,,30.0,20
-0.204,-0.287,-0.997,angle-chest-press,,30.0,20
-0.154,-0.249,-1.05,angle-chest-press,,30.0,20
-0.296,-0.108,-1.052,angle-chest-press,,30.0,20
-0.415,-0.109,-0.981,angle-chest-press,,30.0,20
-0.366,-0.236,-0.977,angle-chest-press,,30.0,20
-0.263,-0.264,-1.058,angle-chest-press,,30.0,20
-0.293,-0.177,-1.078,angle-chest-press,,30.0,20
-0.402,-0.118,-1.009,angle-chest-press,,30.0,20
-0.431,-0.385,-1.022,angle-chest-press,,30.0,20
-0.549,-0.315,-0.672,angle-chest-press,,30.0,20
-0.647,0.388,-0.304,angle-chest-press,,30.0,20
-0.275,0.055,-1.174,angle-chest-press,,30.0,20
0.015,-0.25,-1.196,angle-chest-press,,30.0,20
0.051,-0.482,-0.778,angle-chest-press,,30.0,20
-0.324,0.037,-1.281,angle-chest-press,,30.0,20
-0.543,-0.179,-0.942,angle-chest-press,,30.0,20
-0.294,-0.349,-0.98,angle-chest-press,,30.0,20
-0.047,-0.357,-0.988,angle-chest-press,,30.0,20
-0.136,-0.202,-1.064,angle-chest-press,,30.0,20
-0.427,-0.125,-1.044,angle-chest-press,,30.0,20
-0.438,-0.239,-0.942,angle-chest-press,,30.0,20
-0.178,-0.266,-0.929,angle-chest-press,,30.0,20
-0.097,-0.159,-0.946,angle-chest-press,,30.0,20
-0.251,-0.091,-1.028,angle-chest-press,,30.0,20
-0.358,-0.21,-0.987,angle-chest-press,,30.0,20
-0.217,-0.228,-0.914,angle-chest-press,,30.0,20
-0.09,-0.149,-0.799,angle-chest-press,,30.0,20
-0.16,-0.04,-1.04,angle-chest-press,,30.0,20
-0.184,-0.184,-0.864,angle-chest-press,,30.0,20
-0.122,-0.153,-0.957,angle-chest-press,,30.0,20
-0.036,-0.137,-0.96,angle-chest-press,,30.0,20
-0.084,-0.106,-0.915,angle-chest-press,,30.0,20
-0.081,-0.075,-0.919,angle-chest-press,,30.0,20
-0.001,-0.101,-0.863,angle-chest-press,,30.0,20
0.001,-0.083,-1.003,angle-chest-press,,30.0,20
-0.014,-0.128,-0.983,angle-chest-press,,30.0,20
0.011,-0.109,-0.896,angle-chest-press,,30.0,20
0.036,-0.078,-0.945,angle-chest-press,,30.0,20
-0.024,-0.04,-0.973,angle-chest-press,,30.0,20
-0.028,-0.088,-1.032,angle-chest-press,,30.0,20
0.03,-0.128,-1.024,angle-chest-press,,30.0,20
0.06,-0.089,-1.028,angle-chest-press,,30.0,20
0.064,-0.055,-0.98,angle-chest-press,,30.0,20
0.097,-0.076,-0.993,angle-chest-press,,30.0,20
0.172,-0.142,-0.954,angle-chest-press,,30.0,20
0.211,-0.136,-0.965,angle-chest-press,,30.0,20
0.216,-0.1,-0.979,angle-chest-press,,30.0,20
0.196,-0.093,-1.001,angle-chest-press,,30.0,20
0.198,-0.149,-1.026,angle-chest-press,,30.0,20
0.236,-0.193,-1.004,angle-chest-press,,30.0,20
0.22,-0.151,-1.006,angle-chest-press,,30.0,20
0.183,-0.121,-1.076,angle-chest-press,,30.0,20
0.188,-0.161,-1.058,angle-chest-press,,30.0,20
0.228,-0.216,-0.936,angle-chest-press,,30.0,20
0.264,-0.232,-0.945,angle-chest-press,,30.0,20
0.239,-0.206,-1.072,angle-chest-press,,30.0,20
0.204,-0.216,-0.987,angle-chest-press,,30.0,20
0.225,-0.243,-0.926,angle-chest-press,,30.0,20
0.225,-0.218,-1.065,angle-chest-press,,30.0,20
0.186,-0.208,-1.001,angle-chest-press,,30.0,20
0.164,-0.202,-0.978,angle-chest-press,,30.0,20
0.13,-0.189,-1.021,angle-chest-press,,30.0,20
0.099,-0.179,-1.003,angle-chest-press,,30.0,20
0.098,-0.183,-0.978,angle-chest-press,,30.0,20
0.127,-0.221,-0.991,angle-chest-press,,30.0,20
0.155,-0.23,-0.995,angle-chest-press,,30.0,20
0.192,-0.214,-0.976,angle-chest-press,,30.0,20
0.221,-0.186,-1.015,angle-chest-press,,30.0,20
0.25,-0.195,-0.976,angle-chest-press,,30.0,20
0.291,-0.196,-0.974,angle-chest-press,,30.0,20
0.305,-0.143,-1.1,angle-chest-press,,30.0,20
0.316,-0.143,-1.071,angle-chest-press,,30.0,20
0.339,-0.183,-1.024,angle-chest-press,,30.0,20
0.357,-0.181,-1.075,angle-chest-press,,30.0,20
0.325,-0.227,-1.025,angle-chest-press,,30.0,20
0.297,-0.255,-0.95,angle-chest-press,,30.0,20
0.303,-0.238,-0.924,angle-chest-press,,30.0,20
0.28,-0.206,-0.856,angle-chest-press,,30.0,20
0.287,-0.145,-0.849,angle-chest-press,,30.0,20
0.217,-0.199,-0.911,angle-chest-press,,30.0,20
0.255,-0.153,-0.858,angle-chest-press,,30.0,20
0.264,-0.182,-0.879,angle-chest-press,,30.0,20
0.197,-0.117,-0.977,angle-chest-press,,30.0,20
0.156,-0.134,-0.904,angle-chest-press,,30.0,20
0.145,-0.15,-0.939,angle-chest-press,,30.0,20
0.081,-0.096,-0.951,angle-chest-press,,30.0,20
0.011,-0.136,-0.938,angle-chest-press,,30.0,20
-0.007,-0.191,-0.956,angle-chest-press,,30.0,20
-0.001,-0.2,-0.94,angle-chest-press,,30.0,20
-0.121,-0.136,-0.961,angle-chest-press,,30.0,20
-0.22,-0.132,-0.968,angle-chest-press,,30.0,20
-0.21,-0.245,-1.016,angle-chest-press,,30.0,20
-0.118,-0.298,-1.014,angle-chest-press,,30.0,20
-0.145,-0.224,-0.991,angle-chest-press,,30.0,20
-0.246,-0.131,-1.04,angle-chest-press,,30.0,20
-0.242,-0.164,-1.037,angle-chest-press,,30.0,20
-0.119,-0.213,-0.998,angle-chest-press,,30.0,20
-0.095,-0.173,-0.953,angle-chest-press,,30.0,20
-0.186,-0.109,-0.976,angle-chest-press,,30.0,20
-0.155,-0.145,-0.976,angle-chest-press,,30.0,20
-0.016,-0.207,-0.983,angle-chest-press,,30.0,20
-0.024,-0.148,-1.004,angle-chest-press,,30.0,20
-0.158,-0.045,-0.999,angle-chest-press,,30.0,20
-0.182,-0.091,-1.013,angle-chest-press,,30.0,20
-0.084,-0.2,-1.052,angle-chest-press,,30.0,20
-0.097,-0.182,-1.076,angle-chest-press,,30.0,20
-0.246,-0.106,-1.109,angle-chest-press,,30.0,20
-0.314,-0.14,-1.169,angle-chest-press,,30.0,20
-0.272,-0.256,-1.18,angle-chest-press,,30.0,20
-0.256,-0.267,-1.113,angle-chest-press,,30.0,20
-0.268,-0.2,-1.084,angle-chest-press,,30.0,20
-0.236,-0.194,-1.099,angle-chest-press,,30.0,20
-0.197,-0.192,-1.023,angle-chest-press,,30.0,20
-0.15,-0.213,-0.976,angle-chest-press,,30.0,20
-0.14,-0.2,-0.969,angle-chest-press,,30.0,20
-0.188,-0.124,-0.947,angle-chest-press,,30.0,20
-0.246,-0.078,-0.957,angle-chest-press,,30.0,20
-0.246,-0.102,-1.01,angle-chest-press,,30.0,20
-0.185,-0.127,-1.014,angle-chest-press,,30.0,20
-0.162,-0.15,-1.093,angle-chest-press,,30.0,20
-0.167,-0.147,-1.091,angle-chest-press,,30.0,20
-0.155,-0.163,-1.0,angle-chest-press,,30.0,20
-0.129,-0.168,-1.001,angle-chest-press,,30.0,20
-0.133,-0.121,-1.011,angle-chest-press,,30.0,20
-0.107,-0.131,-1.02,angle-chest-press,,30.0,20
-0.063,-0.154,-0.92,angle-chest-press,,30.0,20
-0.047,-0.09,-0.922,angle-chest-press,,30.0,20
-0.04,-0.119,-0.943,angle-chest-press,,30.0,20
-0.031,-0.104,-0.92,angle-chest-press,,30.0,20
0.016,-0.088,-0.936,angle-chest-press,,30.0,20
0.024,-0.128,-0.984,angle-chest-press,,30.0,20
0.016,-0.112,-0.961,angle-chest-press,,30.0,20
0.024,-0.12,-0.937,angle-chest-press,,30.0,20
0.009,-0.105,-0.943,angle-chest-press,,30.0,20
0.008,-0.126,-0.98,angle-chest-press,,30.0,20
0.015,-0.149,-0.991,angle-chest-press,,30.0,20
0.03,-0.138,-0.964,angle-chest-press,,30.0,20
0.032,-0.109,-0.96,angle-chest-press,,30.0,20
0.039,-0.131,-0.947,angle-chest-press,,30.0,20
0.066,-0.123,-1.055,angle-chest-press,,30.0,20
0.078,-0.114,-1.023,angle-chest-press,,30.0,20
0.092,-0.106,-0.989,angle-chest-press,,30.0,20
0.09,-0.122,-1.002,angle-chest-press,,30.0,20
0.094,-0.146,-1.02,angle-chest-press,,30.0,20
0.107,-0.152,-1.001,angle-chest-press,,30.0,20
0.129,-0.163,-1.025,angle-chest-press,,30.0,20
0.168,-0.179,-1.029,angle-chest-press,,30.0,20
0.2,-0.163,-1.035,angle-chest-press,,30.0,20
0.244,-0.127,-1.055,angle-chest-press,,30.0,20
0.299,-0.161,-0.96,angle-chest-press,,30.0,20
0.349,-0.216,-0.977,angle-chest-press,,30.0,20
0.373,-0.237,-1.032,angle-chest-press,,30.0,20
0.376,-0.24,-1.01,angle-chest-press,,30.0,20
0.389,-0.279,-0.966,angle-chest-press,,30.0,20
0.375,-0.254,-0.998,angle-chest-press,,30.0,20
0.32,-0.18,-1.024,angle-chest-press,,30.0,20
0.246,-0.179,-1.019,angle-chest-press,,30.0,20
0.196,-0.167,-1.029,angle-chest-press,,30.0,20
0.185,-0.128,-1.027,angle-chest-press,,30.0,20
0.163,-0.182,-0.983,angle-chest-press,,30.0,20
0.147,-0.24,-0.936,angle-chest-press,,30.0,20
0.137,-0.192,-1.015,angle-chest-press,,30.0,20
0.121,-0.155,-1.067,angle-chest-press,,30.0,20
0.169,-0.196,-1.009,angle-chest-press,,30.0,20
0.255,-0.241,-0.937,angle-chest-press,,30.0,20
0.292,-0.168,-1.04,angle-chest-press,,30.0,20
0.262,-0.089,-1.074,angle-chest-press,,30.0,20
0.275,-0.085,-1.063,angle-chest-press,,30.0,20
0.344,-0.216,-0.816,angle-chest-press,,30.0,20
0.372,-0.139,-0.939,angle-chest-press,,30.0,20
0.268,-0.033,-1.114,angle-chest-press,,30.0,20
0.134,-0.041,-1.081,angle-chest-press,,30.0,20
0.181,-0.184,-0.912,angle-chest-press,,30.0,20
0.267,-0.165,-0.913,angle-chest-press,,30.0,20
0.124,-0.054,-0.927,angle-chest-press,,30.0,20
-0.006,-0.058,-0.968,angle-chest-press,,30.0,20
0.082,-0.202,-0.905,angle-chest-press,,30.0,20
0.09,-0.137,-0.918,angle-chest-press,,30.0,20
-0.105,-0.052,-0.893,angle-chest-press,,30.0,20
-0.124,-0.131,-0.99,angle-chest-press,,30.0,20
0.015,-0.239,-0.936,angle-chest-press,,30.0,20
-0.063,-0.137,-0.888,angle-chest-press,,30.0,20
-0.243,-0.027,-0.927,angle-chest-press,,30.0,20
-0.24,-0.169,-0.951,angle-chest-press,,30.0,20
-0.084,-0.273,-0.915,angle-chest-press,,30.0,20
-0.108,-0.222,-0.963,angle-chest-press,,30.0,20
-0.255,-0.166,-0.997,angle-chest-press,,30.0,20
-0.307,-0.16,-0.972,angle-chest-press,,30.0,20
-0.223,-0.235,-0.982,angle-chest-press,,30.0,20
-0.148,-0.288,-0.964,angle-chest-press,,30.0,20
-0.188,-0.211,-0.94,angle-chest-press,,30.0,20
-0.302,-0.135,-0.974,angle-chest-press,,30.0,20
-0.285,-0.176,-1.04,angle-chest-press,,30.0,20
-0.181,-0.24,-0.965,angle-chest-press,,30.0,20
-0.17,-0.191,-1.054,angle-chest-press,,30.0,20
-0.291,-0.122,-1.073,angle-chest-press,,30.0,20
-0.347,-0.149,-1.047,angle-chest-press,,30.0,20
-0.255,-0.238,-1.056,angle-chest-press,,30.0,20
-0.224,-0.251,-1.069,angle-chest-press,,30.0,20
-0.334,-0.204,-1.092,angle-chest-press,,30.0,20
-0.407,-0.194,-1.069,angle-chest-press,,30.0,20
-0.349,-0.233,-1.048,angle-chest-press,,30.0,20
-0.281,-0.284,-1.094,angle-chest-press,,30.0,20
-0.304,-0.259,-1.141,angle-chest-press,,30.0,20
-0.34,-0.237,-1.148,angle-chest-press,,30.0,20
-0.294,-0.269,-1.09,angle-chest-press,,30.0,20
-0.252,-0.26,-1.032,angle-chest-press,,30.0,20
-0.283,-0.232,-1.059,angle-chest-press,,30.0,20
-0.29,-0.221,-1.048,angle-chest-press,,30.0,20
-0.222,-0.201,-0.985,angle-chest-press,,30.0,20
-0.158,-0.202,-0.969,angle-chest-press,,30.0,20
-0.138,-0.21,-0.954,angle-chest-press,,30.0,20
-0.11,-0.209,-0.978,angle-chest-press,,30.0,20
-0.063,-0.227,-1.035,angle-chest-press,,30.0,20
-0.04,-0.213,-1.013,angle-chest-press,,30.0,20
-0.069,-0.166,-0.983,angle-chest-press,,30.0,20
-0.096,-0.163,-1.017,angle-chest-press,,30.0,20
-0.073,-0.208,-0.97,angle-chest-press,,30.0,20
-0.008,-0.197,-0.919,angle-chest-press,,30.0,20
0.014,-0.16,-0.888,angle-chest-press,,30.0,20
0.004,-0.138,-0.947,angle-chest-press,,30.0,20
0.007,-0.152,-0.971,angle-chest-press,,30.0,20
0.073,-0.177,-0.905,angle-chest-press,,30.0,20
0.112,-0.14,-0.852,angle-chest-press,,30.0,20
0.112,-0.12,-0.932,angle-chest-press,,30.0,20
0.114,-0.125,-1.033,angle-chest-press,,30.0,20
0.125,-0.157,-0.915,angle-chest-press,,30.0,20
0.1,-0.11,-0.801,angle-chest-press,,30.0,20
0.067,0.079,-0.743,angle-chest-press,,30.0,20
0.114,0.054,-0.95,angle-chest-press,,30.0,20
0.142,-0.145,-1.064,angle-chest-press,,30.0,20
0.08,-0.184,-1.064,angle-chest-press,,30.0,20
0.04,-0.12,-0.872,angle-chest-press,,30.0,20
0.079,-0.066,-1.02,angle-chest-press,,30.0,20
0.103,-0.14,-1.054,angle-chest-press,,30.0,20
0.052,-0.062,-0.9,angle-chest-press,,30.0,20
0.063,-0.092,-1.07,angle-chest-press,,30.0,20
0.128,-0.21,-1.095,angle-chest-press,,30.0,20
0.171,-0.196,-1.033,angle-chest-press,,30.0,20
0.19,-0.11,-0.942,angle-chest-press,,30.0,20
0.225,-0.109,-0.995,angle-chest-press,,30.0,20
0.284,-0.184,-1.028,angle-chest-press,,30.0,20
0.309,-0.136,-1.089,angle-chest-press,,30.0,20
0.3,-0.176,-1.067,angle-chest-press,,30.0,20
0.296,-0.192,-0.971,angle-chest-press,,30.0,20
0.302,-0.204,-1.038,angle-chest-press,,30.0,20
0.281,-0.208,-1.055,angle-chest-press,,30.0,20
0.261,-0.18,-1.059,angle-chest-press,,30.0,20
0.224,-0.168,-0.999,angle-chest-press,,30.0,20
0.15,-0.194,-0.936,angle-chest-press,,30.0,20
0.115,-0.183,-1.022,angle-chest-press,,30.0,20
0.092,-0.208,-1.026,angle-chest-press,,30.0,20
0.047,-0.179,-0.978,angle-chest-press,,30.0,20
0.033,-0.153,-0.954,angle-chest-press,,30.0,20
0.0,-0.133,-1.016,angle-chest-press,,30.0,20
-0.041,-0.155,-1.037,angle-chest-press,,30.0,20
-0.056,-0.196,-0.983,angle-chest-press,,30.0,20
-0.064,-0.204,-0.956,angle-chest-press,,30.0,20
-0.064,-0.181,-0.952,angle-chest-press,,30.0,20
-0.031,-0.156,-0.963,angle-chest-press,,30.0,20
0.015,-0.178,-0.951,angle-chest-press,,30.0,20
0.021,-0.19,-0.977,angle-chest-press,,30.0,20
0.022,-0.179,-1.046,angle-chest-press,,30.0,20
0.06,-0.193,-1.004,angle-chest-press,,30.0,20
0.119,-0.217,-0.969,angle-chest-press,,30.0,20
0.149,-0.218,-0.984,angle-chest-press,,30.0,20
0.147,-0.171,-0.992,angle-chest-press,,30.0,20
0.132,-0.13,-1.006,angle-chest-press,,30.0,20
0.185,-0.154,-0.975,angle-chest-press,,30.0,20
0.265,-0.208,-0.933,angle-chest-press,,30.0,20
0.316,-0.21,-1.025,angle-chest-press,,30.0,20
0.333,-0.149,-1.101,angle-chest-press,,30.0,20
0.355,-0.155,-1.033,angle-chest-press,,30.0,20
0.372,-0.11,-1.106,angle-chest-press,,30.0,20
0.385,-0.141,-1.0,angle-chest-press,,30.0,20
0.35,-0.155,-0.973,angle-chest-press,,30.0,20
0.339,-0.084,-1.032,angle-chest-press,,30.0,20
0.354,-0.102,-0.941,angle-chest-press,,30.0,20
0.295,-0.02,-1.099,angle-chest-press,,30.0,20
0.196,-0.054,-0.966,angle-chest-press,,30.0,20
0.146,-0.036,-0.93,angle-chest-press,,30.0,20
0.184,-0.121,-0.813,angle-chest-press,,30.0,20
0.174,-0.152,-0.984,angle-chest-press,,30.0,20
-0.022,-0.12,-0.96,angle-chest-press,,30.0,20
-0.156,-0.143,-0.937,angle-chest-press,,30.0,20
-0.084,-0.212,-0.906,angle-chest-press,,30.0,20
-0.11,-0.201,-0.777,angle-chest-press,,30.0,20
-0.251,-0.156,-0.95,angle-chest-press,,30.0,20
-0.285,-0.202,-0.968,angle-chest-press,,30.0,20
-0.302,-0.187,-0.828,angle-chest-press,,30.0,20
-0.311,-0.239,-0.91,angle-chest-press,,30.0,20
-0.285,-0.275,-0.921,angle-chest-press,,30.0,20
-0.273,-0.254,-0.913,angle-chest-press,,30.0,20
-0.323,-0.191,-0.982,angle-chest-press,,30.0,20
-0.367,-0.188,-0.913,angle-chest-press,,30.0,20
-0.364,-0.162,-0.906,angle-chest-press,,30.0,20
-0.342,-0.228,-0.959,angle-chest-press,,30.0,20
-0.347,-0.262,-0.987,angle-chest-press,,30.0,20
-0.408,-0.214,-0.947,angle-chest-press,,30.0,20
-0.475,-0.197,-0.96,angle-chest-press,,30.0,20
-0.475,-0.258,-0.997,angle-chest-press,,30.0,20
-0.403,-0.303,-0.983,angle-chest-press,,30.0,20
-0.373,-0.263,-1.037,angle-chest-press,,30.0,20
-0.414,-0.189,-1.032,angle-chest-press,,30.0,20
-0.431,-0.179,-0.981,angle-chest-press,,30.0,20
-0.344,-0.232,-0.964,angle-chest-press,,30.0,20
-0.237,-0.247,-0.986,angle-chest-press,,30.0,20
-0.242,-0.186,-1.029,angle-chest-press,,30.0,20
-0.304,-0.132,-1.004,angle-chest-press,,30.0,20
-0.293,-0.155,-0.948,angle-chest-press,,30.0,20
-0.249,-0.207,-0.999,angle-chest-press,,30.0,20
-0.268,-0.185,-1.058,angle-chest-press,,30.0,20
-0.311,-0.146,-1.03,angle-chest-press,,30.0,20
-0.31,-0.192,-1.022,angle-chest-press,,30.0,20
-0.29,-0.243,-1.038,angle-chest-press,,30.0,20
-0.28,-0.239,-1.025,angle-chest-press,,30.0,20
-0.285,-0.21,-0.989,angle-chest-press,,30.0,20
-0.291,-0.189,-0.992,angle-chest-press,,30.0,20
-0.253,-0.207,-0.949,angle-chest-press,,30.0,20
-0.185,-0.206,-0.911,angle-chest-press,,30.0,20
-0.176,-0.16,-0.981,angle-chest-press,,30.0,20
-0.196,-0.174,-1.024,angle-chest-press,,30.0,20
-0.17,-0.221,-1.017,angle-chest-press,,30.0,20
-0.122,-0.222,-0.925,angle-chest-press,,30.0,20
-0.143,-0.148,-0.982,angle-chest-press,,30.0,20
-0.212,-0.139,-1.012,angle-chest-press,,30.0,20
-0.218,-0.2,-1.024,angle-chest-press,,30.0,20
-0.128,-0.241,-0.971,angle-chest-press,,30.0,20
-0.081,-0.181,-0.939,angle-chest-press,,30.0,20
-0.166,-0.091,-0.967,angle-chest-press,,30.0,20
-0.216,-0.128,-0.963,angle-chest-press,,30.0,20
-0.105,-0.23,-0.999,angle-chest-press,,30.0,20
0.02,-0.196,-0.974,angle-chest-press,,30.0,20
-0.096,-0.056,-0.92,angle-chest-press,,30.0,20
-0.208,-0.048,-0.888,angle-chest-press,,30.0,20
-0.107,-0.164,-1.051,angle-chest-press,,30.0,20
0.018,-0.244,-1.071,angle-chest-press,,30.0,20
-0.08,-0.144,-0.997,angle-chest-press,,30.0,20
-0.176,-0.078,-0.919,angle-chest-press,,30.0,20
-0.113,-0.165,-0.933,angle-chest-press,,30.0,20
0.008,-0.169,-1.006,angle-chest-press,,30.0,20
-0.044,-0.12,-0.968,angle-chest-press,,30.0,20
-0.109,-0.119,-0.94,angle-chest-press,,30.0,20
-0.094,-0.159,-0.91,angle-chest-press,,30.0,20
-0.012,-0.187,-0.955,angle-chest-press,,30.0,20
-0.004,-0.155,-0.943,angle-chest-press,,30.0,20
-0.026,-0.126,-0.966,angle-chest-press,,30.0,20
-0.044,-0.132,-1.0,angle-chest-press,,30.0,20
-0.019,-0.153,-1.06,angle-chest-press,,30.0,20
-0.002,-0.177,-1.002,angle-chest-press,,30.0,20
-0.027,-0.103,-0.963,angle-chest-press,,30.0,20
-0.029,-0.111,-1.013,angle-chest-press,,30.0,20
0.001,-0.151,-1.009,angle-chest-press,,30.0,20
0.036,-0.111,-0.992,angle-chest-press,,30.0,20
0.015,-0.109,-0.992,angle-chest-press,,30.0,20
0.001,-0.105,-1.038,angle-chest-press,,30.0,20
0.035,-0.106,-1.018,angle-chest-press,,30.0,20
0.069,-0.129,-0.985,angle-chest-press,,30.0,20
0.084,-0.132,-1.0,angle-chest-press,,30.0,20
0.088,-0.136,-0.988,angle-chest-press,,30.0,20
0.107,-0.125,-0.999,angle-chest-press,,30.0,20
0.143,-0.122,-0.973,angle-chest-press,,30.0,20
0.16,-0.119,-0.918,angle-chest-press,,30.0,20
0.157,-0.091,-0.96,angle-chest-press,,30.0,20
0.155,-0.131,-0.979,angle-chest-press,,30.0,20
0.148,-0.178,-0.939,angle-chest-press,,30.0,20
0.122,-0.13,-0.936,angle-chest-press,,30.0,20
0.101,-0.097,-1.017,angle-chest-press,,30.0,20
0.067,-0.152,-1.036,angle-chest-press,,30.0,20
0.03,-0.136,-0.986,angle-chest-press,,30.0,20
0.008,-0.145,-1.01,angle-chest-press,,30.0,20
0.014,-0.179,-1.039,angle-chest-press,,30.0,20
0.032,-0.194,-1.073,angle-chest-press,,30.0,20
0.03,-0.136,-0.985,angle-chest-press,,30.0,20
0.032,-0.095,-1.006,angle-chest-press,,30.0,20
0.079,-0.165,-0.956,angle-chest-press,,30.0,20
0.156,-0.224,-0.912,angle-chest-press,,30.0,20
0.212,-0.215,-0.961,angle-chest-press,,30.0,20
0.199,-0.17,-1.011,angle-chest-press,,30.0,20
0.254,-0.237,-0.981,angle-chest-press,,30.0,20
0.303,-0.203,-1.023,angle-chest-press,,30.0,20
0.295,-0.152,-1.013,angle-chest-press,,30.0,20
0.29,-0.156,-0.978,angle-chest-press,,30.0,20
0.335,-0.239,-1.015,angle-chest-press,,30.0,20
0.296,-0.2,-0.992,angle-chest-press,,30.0,20
0.264,-0.152,-0.984,angle-chest-press,,30.0,20
0.311,-0.191,-1.015,angle-chest-press,,30.0,20
0.358,-0.23,-0.932,angle-chest-press,,30.0,20
0.412,-0.232,-0.98,angle-chest-press,,30.0,20
0.387,-0.166,-1.05,angle-chest-press,,30.0,20
0.334,-0.117,-1.07,angle-chest-press,,30.0,20
0.37,-0.182,-0.974,angle-chest-press,,30.0,20
0.417,-0.158,-0.96,angle-chest-press,,30.0,20
0.371,-0.139,-1.047,angle-chest-press,,30.0,20
0.295,-0.143,-0.992,angle-chest-press,,30.0,20
0.318,-0.169,-0.932,angle-chest-press,,30.0,20
0.322,-0.164,-0.901,angle-chest-press,,30.0,20
0.211,-0.118,-0.999,angle-chest-press,,30.0,20
0.123,-0.151,-0.979,angle-chest-press,,30.0,20
0.133,-0.162,-0.92,angle-chest-press,,30.0,20
0.094,-0.127,-0.887,angle-chest-press,,30.0,20
0.029,-0.123,-0.967,angle-chest-press,,30.0,20
0.008,-0.175,-0.934,angle-chest-press,,30.0,20
-0.017,-0.139,-0.896,angle-chest-press,,30.0,20
-0.076,-0.109,-0.891,angle-chest-press,,30.0,20
-0.08,-0.165,-0.912,angle-chest-press,,30.0,20
-0.087,-0.181,-0.928,angle-chest-press,,30.0,20
-0.171,-0.15,-0.937,angle-chest-press,,30.0,20
-0.211,-0.179,-0.94,angle-chest-press,,30.0,20
-0.188,-0.216,-0.911,angle-chest-press,,30.0,20
-0.228,-0.208,-0.936,angle-chest-press,,30.0,20
-0.272,-0.238,-0.996,angle-chest-press,,30.0,20
-0.246,-0.284,-0.971,angle-chest-press,,30.0,20
-0.245,-0.27,-0.932,angle-chest-press,,30.0,20
-0.299,-0.248,-0.963,angle-chest-press,,30.0,20
-0.33,-0.254,-1.016,angle-chest-press,,30.0,20
-0.299,-0.258,-1.009,angle-chest-press,,30.0,20
-0.281,-0.219,-0.945,angle-chest-press,,30.0,20
-0.334,-0.173,-0.947,angle-chest-press,,30.0,20
-0.348,-0.207,-0.99,angle-chest-press,,30.0,20
-0.261,-0.251,-0.978,angle-chest-press,,30.0,20
-0.223,-0.215,-1.014,angle-chest-press,,30.0,20
-0.299,-0.148,-1.031,angle-chest-press,,30.0,20
-0.33,-0.156,-0.986,angle-chest-press,,30.0,20
-0.242,-0.221,-0.992,angle-chest-press,,30.0,20
-0.173,-0.228,-1.0,angle-chest-press,,30.0,20
-0.201,-0.178,-1.036,angle-chest-press,,30.0,20
-0.235,-0.159,-1.053,angle-chest-press,,30.0,20
-0.197,-0.19,-1.027,angle-chest-press,,30.0,20
-0.134,-0.173,-0.959,angle-chest-press,,30.0,20
-0.122,-0.152,-1.011,angle-chest-press,,30.0,20
-0.132,-0.151,-1.032,angle-chest-press,,30.0,20
-0.094,-0.143,-1.028,angle-chest-press,,30.0,20
-0.066,-0.136,-0.976,angle-chest-press,,30.0,20
-0.095,-0.129,-0.969,angle-chest-press,,30.0,20
-0.064,-0.152,-0.992,angle-chest-press,,30.0,20
-0.024,-0.152,-0.976,angle-chest-press,,30.0,20
-0.032,-0.121,-0.968,angle-chest-press,,30.0,20
-0.017,-0.09,-1.052,angle-chest-press,,30.0,20
-0.001,-0.103,-1.026,angle-chest-press,,30.0,20
0.015,-0.119,-0.973,angle-chest-press,,30.0,20
0.037,-0.12,-0.989,angle-chest-press,,30.0,20
0.04,-0.113,-1.013,angle-chest-press,,30.0,20
0.026,-0.139,-1.03,angle-chest-press,,30.0,20
0.044,-0.017,-0.859,angle-chest-press,,30.0,20
-0.277,0.047,-0.98,angle-chest-press,,30.0,20
-0.155,0.285,-1.099,angle-chest-press,,30.0,20
-0.067,-0.09,-0.903,angle-chest-press,,30.0,20
0.083,-0.162,-0.985,angle-chest-press,,30.0,20
0.004,-0.032,-1.091,angle-chest-press,,30.0,20
-0.086,-0.141,-1.038,angle-chest-press,,30.0,20
-0.076,-0.189,-0.986,angle-chest-press,,30.0,20
-0.096,-0.184,-1.041,angle-chest-press,,30.0,20
-0.165,-0.173,-1.067,angle-chest-press,,30.0,20
-0.207,-0.178,-1.023,angle-chest-press,,30.0,20
-0.206,-0.228,-1.01,angle-chest-press,,30.0,20
-0.176,-0.227,-0.973,angle-chest-press,,30.0,20
-0.211,-0.208,-0.995,angle-chest-press,,30.0,20
-0.275,-0.212,-1.028,angle-chest-press,,30.0,20
-0.274,-0.259,-1.02,angle-chest-press,,30.0,20
-0.256,-0.284,-1.028,angle-chest-press,,30.0,20
-0.296,-0.244,-1.044,angle-chest-press,,30.0,20
-0.363,-0.243,-1.033,angle-chest-press,,30.0,20
-0.344,-0.276,-0.979,angle-chest-press,,30.0,20
-0.253,-0.259,-0.943,angle-chest-press,,30.0,20
-0.221,-0.198,-0.965,angle-chest-press,,30.0,20
-0.246,-0.165,-0.958,angle-chest-press,,30.0,20
-0.213,-0.208,-0.972,angle-chest-press,,30.0,20
-0.112,-0.236,-0.989,angle-chest-press,,30.0,20
-0.061,-0.178,-0.842,angle-chest-press,,30.0,20
-0.077,-0.094,-0.844,angle-chest-press,,30.0,20
-0.066,-0.113,-0.973,angle-chest-press,,30.0,20
0.009,-0.203,-0.979,angle-chest-press,,30.0,20
0.066,-0.173,-0.962,angle-chest-press,,30.0,20
0.034,-0.11,-0.926,angle-chest-press,,30.0,20
0.005,-0.078,-0.888,angle-chest-press,,30.0,20
0.071,-0.074,-0.974,angle-chest-press,,30.0,20
0.15,-0.079,-1.049,angle-chest-press,,30.0,20
0.099,-0.044,-0.841,angle-chest-press,,30.0,20
0.077,0.112,-0.681,angle-chest-press,,30.0,20
0.106,0.187,-0.899,angle-chest-press,,30.0,20
0.116,0.033,-1.08,angle-chest-press,,30.0,20
0.074,-0.02,-1.06,angle-chest-press,,30.0,20
0.005,0.03,-0.869,angle-chest-press,,30.0,20
-0.033,0.103,-1.048,angle-chest-press,,30.0,20
-0.048,-0.064,-1.196,angle-chest-press,,30.0,20
-0.064,-0.063,-1.048,angle-chest-press,,30.0,20
-0.08,-0.001,-1.048,angle-chest-press,,30.0,20
-0.08,-0.023,-0.939,angle-chest-press,,30.0,20
-0.019,-0.047,-0.989,angle-chest-press,,30.0,20
-0.009,-0.055,-0.917,angle-chest-press,,30.0,20
-0.03,0.024,-1.021,angle-chest-press,,30.0,20
-0.011,-0.054,-0.918,angle-chest-press,,30.0,20
0.034,-0.085,-0.967,angle-chest-press,,30.0,20
0.04,-0.061,-1.058,angle-chest-press,,30.0,20
0.067,-0.076,-0.899,angle-chest-press,,30.0,20
0.072,-0.06,-1.027,angle-chest-press,,30.0,20
0.097,-0.1,-1.089,angle-chest-press,,30.0,20
0.141,-0.149,-1.108,angle-chest-press,,30.0,20
0.212,-0.196,-1.052,angle-chest-press,,30.0,20
0.238,-0.184,-1.003,angle-chest-press,,30.0,20
0.263,-0.233,-0.895,angle-chest-press,,30.0,20
0.305,-0.317,-0.923,angle-chest-press,,30.0,20
0.304,-0.306,-1.006,angle-chest-press,,30.0,20
0.249,-0.22,-1.043,angle-chest-press,,30.0,20
0.219,-0.199,-1.043,angle-chest-press,,30.0,20
0.181,-0.198,-1.015,angle-chest-press,,30.0,20
0.122,-0.173,-1.029,angle-chest-press,,30.0,20
0.068,-0.16,-1.062,angle-chest-press,,30.0,20
0.039,-0.156,-1.018,angle-chest-press,,30.0,20
0.036,-0.187,-0.954,angle-chest-press,,30.0,20
0.044,-0.22,-0.957,angle-chest-press,,30.0,20
0.044,-0.192,-0.988,angle-chest-press,,30.0,20
0.04,-0.175,-0.985,angle-chest-press,,30.0,20
0.055,-0.199,-0.99,angle-chest-press,,30.0,20
0.068,-0.197,-1.012,angle-chest-press,,30.0,20
0.067,-0.174,-1.008,angle-chest-press,,30.0,20
0.085,-0.163,-1.014,angle-chest-press,,30.0,20
0.138,-0.202,-0.981,angle-chest-press,,30.0,20
0.201,-0.236,-0.947,angle-chest-press,,30.0,20
0.221,-0.197,-1.019,angle-chest-press,,30.0,20
0.245,-0.208,-1.027,angle-chest-press,,30.0,20
0.282,-0.218,-1.01,angle-chest-press,,30.0,20
0.313,-0.166,-1.037,angle-chest-press,,30.0,20
0.328,-0.162,-1.035,angle-chest-press,,30.0,20
0.308,-0.156,-1.006,angle-chest-press,,30.0,20
0.327,-0.131,-1.026,angle-chest-press,,30.0,20
0.35,-0.168,-1.019,angle-chest-press,,30.0,20
0.344,-0.167,-0.968,angle-chest-press,,30.0,20
0.339,-0.157,-0.964,angle-chest-press,,30.0,20
0.308,-0.138,-0.949,angle-chest-press,,30.0,20
0.282,-0.107,-0.982,angle-chest-press,,30.0,20
0.233,-0.129,-1.013,angle-chest-press,,30.0,20
0.173,-0.134,-0.919,angle-chest-press,,30.0,20
0.142,-0.113,-0.915,angle-chest-press,,30.0,20
0.111,-0.122,-0.947,angle-chest-press,,30.0,20
0.086,-0.151,-0.858,angle-chest-press,,30.0,20
0.016,-0.104,-0.936,angle-chest-press,,30.0,20
-0.136,-0.016,-0.872,angle-chest-press,,30.0,20
-0.105,-0.21,-0.903,angle-chest-press,,30.0,20
-0.051,-0.246,-0.881,angle-chest-press,,30.0,20
-0.227,-0.144,-0.88,angle-chest-press,,30.0,20
-0.371,-0.151,-0.938,angle-chest-press,,30.0,20
-0.341,-0.302,-0.987,angle-chest-press,,30.0,20
-0.252,-0.32,-0.95,angle-chest-press,,30.0,20
-0.301,-0.286,-0.992,angle-chest-press,,30.0,20
-0.419,-0.2,-1.02,angle-chest-press,,30.0,20
-0.447,-0.184,-0.978,angle-chest-press,,30.0,20
-0.384,-0.267,-0.93,angle-chest-press,,30.0,20
-0.325,-0.294,-0.951,angle-chest-press,,30.0,20
-0.306,-0.254,-0.966,angle-chest-press,,30.0,20
-0.38,-0.205,-1.009,angle-chest-press,,30.0,20
-0.414,-0.192,-0.95,angle-chest-press,,30.0,20
-0.355,-0.231,-0.965,angle-chest-press,,30.0,20
-0.274,-0.226,-1.011,angle-chest-press,,30.0,20
-0.243,-0.174,-0.961,angle-chest-press,,30.0,20
-0.23,-0.147,-0.984,angle-chest-press,,30.0,20
-0.18,-0.144,-0.986,angle-chest-press,,30.0,20
-0.109,-0.125,-0.954,angle-chest-press,,30.0,20
-0.066,-0.103,-0.976,angle-chest-press,,30.0,20
-0.052,-0.105,-1.027,angle-chest-press,,30.0,20
-0.039,-0.125,-1.031,angle-chest-press,,30.0,20
-0.024,-0.14,-0.987,angle-chest-press,,30.0,20
-0.012,-0.14,-1.0,angle-chest-press,,30.0,20
-0.023,-0.14,-1.021,angle-chest-press,,30.0,20
-0.04,-0.144,-1.0,angle-chest-press,,30.0,20
-0.047,-0.208,-1.035,angle-chest-press,,30.0,20
-0.005,-0.251,-0.952,angle-chest-press,,30.0,20
0.009,-0.168,-0.86,angle-chest-press,,30.0,20
-0.041,-0.129,-0.987,angle-chest-press,,30.0,20
-0.027,-0.089,-0.998,angle-chest-press,,30.0,20
-0.115,-0.039,-1.005,angle-chest-press,,30.0,20
-0.134,-0.159,-0.884,angle-chest-press,,30.0,20
-0.261,-0.068,-0.949,angle-chest-press,,30.0,20
-0.621,0.379,-1.51,angle-chest-press,,30.0,20
-0.371,0.369,-0.979,angle-chest-press,,30.0,20
-0.212,-0.282,-0.704,angle-chest-press,,30.0,20
0.134,-0.249,-1.151,angle-chest-press,,30.0,20
0.188,-0.221,-0.807,angle-chest-press,,30.0,20
-0.14,-0.011,-1.055,angle-chest-press,,30.0,20
-0.289,-0.101,-0.925,angle-chest-press,,30.0,20
-0.236,-0.127,-0.848,angle-chest-press,,30.0,20
-0.109,-0.122,-0.947,angle-chest-press,,30.0,20
-0.046,-0.133,-0.977,angle-chest-press,,30.0,20
-0.165,-0.1,-1.043,angle-chest-press,,30.0,20
-0.214,-0.063,-0.905,angle-chest-press,,30.0,20
-0.194,-0.049,-0.926,angle-chest-press,,30.0,20
-0.225,-0.064,-1.041,angle-chest-press,,30.0,20
-0.256,-0.072,-1.064,angle-chest-press,,30.0,20
-0.28,-0.088,-1.096,angle-chest-press,,30.0,20
-0.319,-0.041,-0.948,angle-chest-press,,30.0,20
-0.35,-0.04,-0.997,angle-chest-press,,30.0,20
-0.322,-0.003,-1.045,angle-chest-press,,30.0,20
-0.327,-0.015,-0.975,angle-chest-press,,30.0,20
-0.321,-0.009,-0.997,angle-chest-press,,30.0,20
-0.306,-0.015,-1.014,angle-chest-press,,30.0,20
-0.249,0.004,-0.989,angle-chest-press,,30.0,20
-0.233,-0.005,-0.891,angle-chest-press,,30.0,20
-0.225,-0.021,-0.911,angle-chest-press,,30.0,20
-0.186,0.027,-0.869,angle-chest-press,,30.0,20
-0.226,-0.059,-0.992,angle-chest-press,,30.0,20
-0.234,0.027,-0.972,angle-chest-press,,30.0,20
-0.279,0.082,-1.034,angle-chest-press,,30.0,20
-0.267,0.088,-1.03,angle-chest-press,,30.0,20
-0.211,0.066,-1.033,angle-chest-press,,30.0,20
-0.16,0.034,-1.024,angle-chest-press,,30.0,20
-0.139,0.04,-1.021,angle-chest-press,,30.0,20
-0.141,0.089,-1.044,angle-chest-press,,30.0,20
-0.124,0.112,-1.105,angle-chest-press,,30.0,20
-0.088,0.131,-1.069,angle-chest-press,,30.0,20
-0.044,0.144,-1.038,angle-chest-press,,30.0,20
-0.006,0.144,-1.07,angle-chest-press,,30.0,20
0.025,0.161,-1.075,angle-chest-press,,30.0,20
0.057,0.201,-1.056,angle-chest-press,,30.0,20
0.1,0.2,-1.06,angle-chest-press,,30.0,20
0.14,0.138,-1.057,angle-chest-press,,30.0,20
0.178,0.103,-1.036,angle-chest-press,,30.0,20
0.222,0.123,-1.043,angle-chest-press,,30.0,20
0.257,0.112,-1.043,angle-chest-press,,30.0,20
0.303,0.057,-0.989,angle-chest-press,,30.0,20
0.339,0.003,-0.951,angle-chest-press,,30.0,20
0.356,-0.047,-0.979,angle-chest-press,,30.0,20
0.384,-0.083,-0.987,angle-chest-press,,30.0,20
0.41,-0.109,-0.948,angle-chest-press,,30.0,20
0.444,-0.127,-0.827,angle-chest-press,,30.0,20
0.49,-0.164,-0.737,angle-chest-press,,30.0,20
0.544,-0.214,-0.68,angle-chest-press,,30.0,20
0.593,-0.222,-0.631,angle-chest-press,,30.0,20
0.668,-0.282,-0.46,angle-chest-press,,30.0,20
0.651,-0.364,-0.379,angle-chest-press,,30.0,20
0.639,-0.443,-0.325,angle-chest-press,,30.0,20
0.68,-0.452,-0.305,angle-chest-press,,30.0,20
0.732,-0.438,-0.284,angle-chest-press,,30.0,20
0.796,-0.464,-0.319,angle-chest-press,,30.0,20
0.771,-0.424,-0.077,angle-chest-press,,30.0,20
0.796,-0.551,0.081,angle-chest-press,,30.0,20
0.759,-0.545,0.088,angle-chest-press,,30.0,20
0.754,-0.553,0.086,angle-chest-press,,30.0,20
0.793,-0.576,0.048,angle-chest-press,,30.0,20
0.816,-0.56,0.056,angle-chest-press,,30.0,20
